frame_path,mean_brightness,brightness_std,contrast,low_key_ratio,high_key_ratio,saturation_mean,saturation_std,hue_mean,hue_std,color_temperature,edge_density,center_brightness,vertical_symmetry,horizontal_symmetry,texture_contrast,texture_homogeneity,dark_regions_count,bright_regions_count,face_count,face_area_ratio,largest_face_y_position,dof_variance
/Users/kevin.kunkel/Documents/Dev/Uni/ca-friend-foe-analysis/frames/hans_westmar/frame_002498.png,76.56677215189873,54.358345073575954,0.7099469322637922,0.6072982594936709,0.0693169831223628,0.0,0.0,0.0,0.0,0.4999999996734876,0.0377637130801687,7.034203586497895,0.760743670886076,0.7687896086704724,14.720805095488862,0.0187877549541537,5,5,1,0.0390888713080168,0.425632911392405,531.5399312696269
/Users/kevin.kunkel/Documents/Dev/Uni/ca-friend-foe-analysis/frames/hans_westmar/frame_002724.png,78.66056170886075,49.018896624330104,0.6231699278151908,0.6293380801687763,0.0544106012658227,0.0,0.0,0.0,0.0,0.4999999996821787,0.0259559599156118,13.031052215189874,0.8646683420203525,0.8250259576404402,10.337618860420678,0.0205088652732389,1,5,1,0.1237407700421941,0.3401898734177215,459.1040529642656
/Users/kevin.kunkel/Documents/Dev/Uni/ca-friend-foe-analysis/frames/hans_westmar/frame_002975.png,69.72106408227847,56.263147519999094,0.8069748816929264,0.7204970991561181,0.0953322784810126,0.0,0.0,0.0,0.0,0.4999999996414283,0.0312631856540084,30.18716376582279,0.7764619529246297,0.8199444134193762,12.357244060034343,0.0179402891970376,5,4,1,0.0595002637130801,0.2610759493670886,589.3775550204407
/Users/kevin.kunkel/Documents/Dev/Uni/ca-friend-foe-analysis/frames/hans_westmar/frame_004555.png,50.282608122362866,30.25033407688415,0.6016063037762331,0.874729694092827,0.000210970464135,0.1210772679324894,1.775517351906188,0.6867286392405063,9.809336540493168,0.5000322186987569,0.0074301160337552,9.031869725738405,0.8939343923223297,0.9141180607264002,6.272201094050499,0.0324255927264819,1,0,0,0.0,0.5,4.470738707851073
/Users/kevin.kunkel/Documents/Dev/Uni/ca-friend-foe-analysis/frames/hans_westmar/frame_004959.png,79.28024789029536,45.58382926714088,0.5749708208874519,0.5359902426160338,0.0051292194092827,0.0079773206751054,0.4548753382250027,0.0442180907172995,2.485804143402346,0.5000010599524021,0.0178072257383966,38.588343881856545,0.8739550757011665,0.8289714155704476,9.96423835005335,0.0217303242546239,4,1,0,0.0,0.5,19.541153714800203
/Users/kevin.kunkel/Documents/Dev/Uni/ca-friend-foe-analysis/frames/hans_westmar/frame_005706.png,91.80474024261603,39.236871443094365,0.4273948305573551,0.3333794831223629,0.0111352848101265,0.0,0.0,0.0,0.0,0.4999999997276829,0.0351727320675105,-19.727920622362873,0.9131268615040952,0.881642105154298,11.52382070300412,0.0264385220754693,7,3,1,0.0100276898734177,0.2136075949367088,478.72258066668
/Users/kevin.kunkel/Documents/Dev/Uni/ca-friend-foe-analysis/frames/hans_westmar/frame_005949.png,85.63175105485232,38.15584360426613,0.4455805596602474,0.3419106012658228,0.0054456751054852,0.0,0.0,0.0,0.0,0.4999999997080522,0.0263581223628691,-19.59825949367088,0.9175612228013568,0.8856282576321668,9.780404856902058,0.0264965471192004,6,2,1,0.0090255801687763,0.2136075949367088,203.61563665181825
/Users/kevin.kunkel/Documents/Dev/Uni/ca-friend-foe-analysis/frames/hans_westmar/frame_006199.png,86.82254087552742,36.875862853091114,0.42472683290259,0.3257779535864979,0.0077070147679324,0.0294237869198312,0.7243762850664507,0.237440664556962,5.775816639102757,0.5000064350607785,0.0314675632911392,-17.657351002109706,0.922965841399851,0.8822499896583106,10.358824506556743,0.0279877429903574,5,0,1,0.0110825421940928,0.2484177215189873,283.690041264855
/Users/kevin.kunkel/Documents/Dev/Uni/ca-friend-foe-analysis/frames/hans_westmar/frame_007101.png,94.9482924578059,67.38951730676307,0.709749648902168,0.5443895042194092,0.2391218354430379,0.200903217299578,2.861784979078091,0.6940466772151899,9.833501378861673,0.5000138691161689,0.0353771097046413,49.158142141350226,0.7709263568296517,0.7761358794572681,15.649740349811935,0.014846902982778,4,3,1,0.03323444092827,0.7072784810126582,145.41448103567004
/Users/kevin.kunkel/Documents/Dev/Uni/ca-friend-foe-analysis/frames/hans_westmar/frame_007229.png,100.92463739451476,64.2092776723218,0.6362101392319747,0.484974947257384,0.2354825949367088,0.0770305907172995,1.4497698570134208,0.417246835443038,7.633005447850824,0.500008034477459,0.0357397151898734,14.63084783755275,0.7249020124927608,0.6746245449656656,14.742460206910543,0.0155701423674162,4,4,1,0.0080762130801687,0.2610759493670886,154.96428793312634
/Users/kevin.kunkel/Documents/Dev/Uni/ca-friend-foe-analysis/frames/hans_westmar/frame_009649.png,88.8303138185654,48.60456822217399,0.54716195494628,0.5236682489451476,0.0588607594936708,0.0,0.0,0.0,0.0,0.4999999997185645,0.0291007383966244,21.578916139240505,0.8081400471581037,0.8282051998014396,13.079785845225585,0.0209486418363276,5,3,1,0.0510548523206751,0.379746835443038,546.3108762286331
/Users/kevin.kunkel/Documents/Dev/Uni/ca-friend-foe-analysis/frames/hans_westmar/frame_010501.png,97.137506592827,53.389339434964995,0.5496264136549787,0.4261669303797468,0.1104562236286919,0.0,0.0,0.0,0.0,0.4999999997426329,0.0269580696202531,5.2778415084388115,0.7841913315959295,0.7715380677587491,14.321987464186394,0.0187388126801418,6,6,2,0.1001054852320675,0.2468354430379747,163.09465194024537
/Users/kevin.kunkel/Documents/Dev/Uni/ca-friend-foe-analysis/frames/hans_westmar/frame_010948.png,106.32107067510547,63.692811480548514,0.5990610423335,0.3611814345991561,0.2125197784810126,0.0,0.0,0.0,0.0,0.4999999997648632,0.0390427215189873,2.8655590717299475,0.7265742119632663,0.7196058782162654,17.863885330058572,0.0157926498186012,8,5,1,0.0740770042194092,0.5189873417721519,260.4593720346431
/Users/kevin.kunkel/Documents/Dev/Uni/ca-friend-foe-analysis/frames/hans_westmar/frame_012112.png,78.31542721518987,48.4722093688111,0.6189356430850956,0.71803138185654,0.0795820147679324,0.0,0.0,0.0,0.0,0.4999999996807781,0.0287117616033755,28.302610759493675,0.8145488955075701,0.8329513113262182,12.11621343666719,0.0207522460956113,3,4,0,0.0,0.5,262.41535967669216
/Users/kevin.kunkel/Documents/Dev/Uni/ca-friend-foe-analysis/frames/hans_westmar/frame_012301.png,72.4200026371308,49.38787722053059,0.6819645864941221,0.6544237869198313,0.0379087552742616,0.0,0.0,0.0,0.0,0.4999999996547915,0.0455036919831223,24.57026635021097,0.8528705427318607,0.7871558285761562,15.68993204358403,0.0210209425835716,1,8,1,0.0085443037974683,0.1993670886075949,549.3321836861737
/Users/kevin.kunkel/Documents/Dev/Uni/ca-friend-foe-analysis/frames/hans_westmar/frame_012601.png,96.58583860759494,52.23719688881628,0.5408370169767823,0.4496835443037975,0.0976002109704641,0.0,0.0,0.0,0.0,0.4999999997411629,0.0878362341772151,10.631329113924052,0.7968557127492347,0.7942423678332092,24.437526162746863,0.0200783179660089,16,16,3,0.0442114978902953,0.2642405063291139,559.753841110804
/Users/kevin.kunkel/Documents/Dev/Uni/ca-friend-foe-analysis/frames/hans_westmar/frame_012945.png,69.40884098101266,40.78007900975299,0.5875343598109536,0.7137064873417721,0.0338014240506329,0.0,0.0,0.0,0.0,0.4999999996398153,0.0373879219409282,8.586965981012654,0.8617750992802184,0.8282618205510053,13.757041122027536,0.0255854117022632,2,5,1,0.0487605485232067,0.2468354430379747,554.8208636378602
/Users/kevin.kunkel/Documents/Dev/Uni/ca-friend-foe-analysis/frames/hans_westmar/frame_013247.png,95.62612737341772,54.74844618151951,0.5725260201166106,0.4900184599156118,0.1248747362869198,0.0,0.0,0.0,0.0,0.4999999997385652,0.0618736814345991,28.72946334388186,0.803632983784231,0.7885925477786051,21.7576648079986,0.0188246352682348,10,19,2,0.1063620780590717,0.5712025316455697,514.7968451364895
/Users/kevin.kunkel/Documents/Dev/Uni/ca-friend-foe-analysis/frames/hans_westmar/frame_013456.png,68.40430511603375,40.84293014987514,0.5970812804966797,0.7217167721518988,0.0307357594936708,0.0,0.0,0.0,0.0,0.4999999996345259,0.0340915084388185,9.7496769514768,0.8605949056837925,0.8322982853478944,13.380318258651496,0.0254301435076705,2,4,1,0.0287183544303797,0.2215189873417721,526.9072556187059
/Users/kevin.kunkel/Documents/Dev/Uni/ca-friend-foe-analysis/frames/hans_westmar/frame_013743.png,67.9004680907173,48.814087511176766,0.7189064937530161,0.7180181962025316,0.0539556962025316,0.0,0.0,0.0,0.0,0.4999999996318141,0.0764042721518987,13.649848364978908,0.8294709708778025,0.7991534810126583,20.50122018099009,0.0211148971327972,3,6,0,0.0,0.5,197.0249027809403
/Users/kevin.kunkel/Documents/Dev/Uni/ca-friend-foe-analysis/frames/hans_westmar/frame_013861.png,82.48782964135022,62.4688354545105,0.7573097225419616,0.5933808016877637,0.1468354430379747,0.0,0.0,0.0,0.0,0.499999999696925,0.0622362869198312,7.762724156118139,0.7442724621494168,0.7117651195499297,20.64515524025476,0.0162933326001649,3,14,1,0.0192246835443037,0.5537974683544303,451.7898085590944
/Users/kevin.kunkel/Documents/Dev/Uni/ca-friend-foe-analysis/frames/hans_westmar/frame_014024.png,67.65988264767932,44.04852407148875,0.651028678777892,0.6982331223628692,0.0244396097046413,0.0,0.0,0.0,0.0,0.4999999996305048,0.0686577004219409,-11.362229694092823,0.8344440824853148,0.8244967216844543,19.492756476384148,0.0238481438619662,6,6,1,0.0071795886075949,0.0522151898734177,422.9926945801139
/Users/kevin.kunkel/Documents/Dev/Uni/ca-friend-foe-analysis/frames/hans_westmar/frame_014154.png,74.73356408227848,46.35379429224563,0.6202540290890807,0.6650975738396624,0.0408293776371308,0.0,0.0,0.0,0.0,0.4999999996654783,0.0506263185654008,-10.997910073839655,0.8224106995118723,0.815161485480268,17.317202129290045,0.0218708079903061,3,9,0,0.0,0.5,60.26159963231932
/Users/kevin.kunkel/Documents/Dev/Uni/ca-friend-foe-analysis/frames/hans_westmar/frame_014170.png,76.54382252109704,47.37269142531152,0.6188963368058215,0.6562170358649789,0.0467035864978903,0.0,0.0,0.0,0.0,0.4999999996733897,0.0758768459915611,-12.12918644514768,0.8212804562753371,0.8118841006866881,20.724115254812578,0.0222023865550453,5,11,0,0.0,0.5,486.07688408902385
/Users/kevin.kunkel/Documents/Dev/Uni/ca-friend-foe-analysis/frames/hans_westmar/frame_014281.png,76.85001977848101,46.19947456153876,0.6011641198608877,0.6311247362869198,0.0418842299578059,0.0,0.0,0.0,0.0,0.499999999674691,0.0516482067510548,3.694046677215184,0.8027114358401588,0.8250291118557127,18.52048827360273,0.0219466741340835,4,11,1,0.075481276371308,0.7737341772151899,40.814512027580456
/Users/kevin.kunkel/Documents/Dev/Uni/ca-friend-foe-analysis/frames/hans_westmar/frame_014320.png,79.24481144514768,49.15719857277254,0.62032072023752,0.6145239978902953,0.0587882383966244,0.0,0.0,0.0,0.0,0.4999999996845219,0.0509164029535865,0.7457476265822862,0.8029480536940514,0.7898240361545462,17.942263387415707,0.0205272466899965,4,14,1,0.0620319092827004,0.6914556962025317,33.358639864174364
/Users/kevin.kunkel/Documents/Dev/Uni/ca-friend-foe-analysis/frames/hans_westmar/frame_014470.png,70.99341376582278,42.58975803624217,0.5999113962421446,0.6736814345991561,0.0269646624472573,0.0,0.0,0.0,0.0,0.4999999996478547,0.0471123417721519,-16.974980221518983,0.8448705737569289,0.8297864958219574,15.948910224693028,0.0237508800700601,3,7,1,0.0085443037974683,0.0917721518987341,44.630091595567634
/Users/kevin.kunkel/Documents/Dev/Uni/ca-friend-foe-analysis/frames/hans_westmar/frame_014804.png,96.49758043248946,48.754745327306374,0.5052431890858787,0.4887856012658227,0.096545358649789,0.0,0.0,0.0,0.0,0.4999999997409262,0.0425764767932489,-10.80868275316456,0.8172647782741789,0.8195113034665342,16.57054511703813,0.020589565660888,8,15,2,0.0691257911392405,0.245253164556962,43.74300438659711
/Users/kevin.kunkel/Documents/Dev/Uni/ca-friend-foe-analysis/frames/hans_westmar/frame_014827.png,98.0018789556962,46.85379509577317,0.4780907830261636,0.4639899789029535,0.0768130274261603,0.0,0.0,0.0,0.0,0.4999999997449029,0.0504087552742616,-11.5520371835443,0.8292893708116158,0.8108455882352941,17.779122926163826,0.0215249191508041,8,17,0,0.0,0.5,51.24236850123566
/Users/kevin.kunkel/Documents/Dev/Uni/ca-friend-foe-analysis/frames/hans_westmar/frame_015112.png,78.31543380801688,46.55369536792309,0.5944383251786792,0.6232792721518987,0.0514306434599156,0.8154404008438818,4.307238533923401,2.3734177215189876,11.694954108944543,0.4995580042231817,0.0514767932489451,29.54485100210971,0.8434886137999503,0.8574973628691983,17.18780718639006,0.0217562360318808,1,11,0,0.0,0.5,91.79303174976113
/Users/kevin.kunkel/Documents/Dev/Uni/ca-friend-foe-analysis/frames/hans_westmar/frame_015134.png,76.82894251054853,45.90232114372557,0.597461315801361,0.6408425632911392,0.0478441455696202,0.9953190928270044,4.622171472680704,3.393987341772152,13.860739173298787,0.4993563135685684,0.0527558016877637,28.18400580168776,0.8471660668486805,0.8507762472077438,17.34957148572781,0.0220502491868345,1,10,0,0.0,0.5,52.95331919009625
/Users/kevin.kunkel/Documents/Dev/Uni/ca-friend-foe-analysis/frames/hans_westmar/frame_015151.png,76.02136735232068,46.24844290830323,0.6083611023875555,0.6469409282700422,0.0485825421940928,1.3738528481012655,4.993264384823114,5.8765822784810124,17.834256851158774,0.4988745485576676,0.0573575949367088,28.94936049578058,0.8462765264333582,0.8512890398775544,17.649750544333312,0.0219118297933723,1,9,0,0.0,0.5,53.4395224680304
/Users/kevin.kunkel/Documents/Dev/Uni/ca-friend-foe-analysis/frames/hans_westmar/frame_015315.png,98.02259361814346,58.92957717260068,0.6011836142802772,0.5222507911392406,0.181460970464135,0.0,0.0,0.0,0.0,0.4999999997449568,0.0289227320675105,26.74473233122363,0.7648445126995946,0.7898330334243402,14.341824269639472,0.0169007310111122,6,9,2,0.0346255274261603,0.4968354430379746,75.78884390866114
/Users/kevin.kunkel/Documents/Dev/Uni/ca-friend-foe-analysis/frames/hans_westmar/frame_015400.png,77.01611286919831,45.88199415952592,0.5957453887328213,0.6379549050632911,0.0467299578059071,0.0,0.0,0.0,0.0,0.4999999996753926,0.0500725210970464,31.442668776371303,0.8499490154711674,0.8643370977082816,16.72392667592149,0.021968121657102,1,9,0,0.0,0.5,42.22305190639051
/Users/kevin.kunkel/Documents/Dev/Uni/ca-friend-foe-analysis/frames/hans_westmar/frame_015694.png,64.97333201476793,43.61774230912883,0.6713176143111008,0.7446861814345992,0.0305577531645569,0.0,0.0,0.0,0.0,0.4999999996152268,0.0343354430379746,12.086636339662448,0.8187611173161248,0.8297455427318607,14.687377651104883,0.02299826121794,2,4,0,0.0,0.5,35.74922797097272
/Users/kevin.kunkel/Documents/Dev/Uni/ca-friend-foe-analysis/frames/hans_westmar/frame_015717.png,77.52064214135021,54.70512819375574,0.7056846616858333,0.6508636603375527,0.109045358649789,0.0,0.0,0.0,0.0,0.4999999996775052,0.0370648734177215,11.028012921940928,0.742687960205179,0.8203553921568627,14.4649539118535,0.0182380242887216,2,12,2,0.0763515295358649,0.4841772151898734,47.18891596124941
/Users/kevin.kunkel/Documents/Dev/Uni/ca-friend-foe-analysis/frames/hans_westmar/frame_016150.png,77.12465058016878,59.493022841518744,0.7713879066789253,0.6667589662447257,0.1096189345991561,0.0,0.0,0.0,0.0,0.4999999996758494,0.038073575949367,26.199373681434594,0.8314938053280384,0.8117874058906263,16.027328414430038,0.0169164633992616,4,3,1,0.0192246835443037,0.8069620253164557,390.3770472768095
/Users/kevin.kunkel/Documents/Dev/Uni/ca-friend-foe-analysis/frames/hans_westmar/frame_016297.png,54.16245385021097,48.23056726292918,0.8904797280282998,0.8042655590717299,0.0463871308016877,0.0,0.0,0.0,0.0,0.4999999995384256,0.0572521097046413,32.61629087552742,0.8669192624307107,0.8579679097377347,18.457123246290102,0.0216817603729844,2,6,0,0.0,0.5,540.1123142835417
/Users/kevin.kunkel/Documents/Dev/Uni/ca-friend-foe-analysis/frames/hans_westmar/frame_016314.png,52.08444092827004,46.85634301570688,0.8996226529583855,0.8155327004219409,0.0395108122362869,0.0,0.0,0.0,0.0,0.4999999995200102,0.0523338607594936,32.84715189873418,0.8758653925705303,0.8651352692975924,16.5011231151369,0.0219338048437292,2,4,0,0.0,0.5,233.0444156526927
/Users/kevin.kunkel/Documents/Dev/Uni/ca-friend-foe-analysis/frames/hans_westmar/frame_016672.png,62.62430116033755,43.791211935580634,0.6992686713347066,0.7579839135021097,0.026595464135021,0.0,0.0,0.0,0.0,0.499999999600794,0.0469013713080168,1.836827531645568,0.7938692396789939,0.8268269628526517,15.343304369894708,0.023612909694668,2,5,5,0.079298523206751,0.8765822784810127,498.42478432666906
/Users/kevin.kunkel/Documents/Dev/Uni/ca-friend-foe-analysis/frames/hans_westmar/frame_016732.png,68.71381856540084,40.26756334416005,0.5860184185111488,0.7132318037974683,0.020042194092827,0.0,0.0,0.0,0.0,0.4999999996361722,0.0598035337552742,5.122362869198312,0.8711474104409697,0.8148726938032597,16.361806815698856,0.0253542750771122,1,4,0,0.0,0.5,120.6660134456693
/Users/kevin.kunkel/Documents/Dev/Uni/ca-friend-foe-analysis/frames/hans_westmar/frame_016777.png,60.15876186708861,38.29454655676346,0.6365580890396891,0.7925435126582279,0.0143987341772151,0.0,0.0,0.0,0.0,0.499999999584433,0.0553995253164556,6.549729694092825,0.8753903470670968,0.8294303280383883,15.91313258010208,0.0267194564687381,1,4,0,0.0,0.5,128.9928938906849
/Users/kevin.kunkel/Documents/Dev/Uni/ca-friend-foe-analysis/frames/hans_westmar/frame_017020.png,60.39961761603376,51.54386084781104,0.8533805808199368,0.7412645042194093,0.0614781118143459,0.0,0.0,0.0,0.0,0.4999999995860901,0.0433873945147679,-0.151727320675107,0.8495534458509142,0.7660377885331348,14.42952944660276,0.0194908485254124,3,10,1,0.020675105485232,0.1297468354430379,177.4609896143975
/Users/kevin.kunkel/Documents/Dev/Uni/ca-friend-foe-analysis/frames/hans_westmar/frame_017075.png,65.54771228902953,43.734255508315094,0.6672125374681227,0.7444224683544304,0.037592299578059,0.0,0.0,0.0,0.0,0.4999999996185985,0.0539359177215189,25.55940796413502,0.8428452573012327,0.8497061408951767,18.36556754159492,0.0231887185247368,1,7,1,0.0768987341772151,0.2816455696202531,37.32836636605744
/Users/kevin.kunkel/Documents/Dev/Uni/ca-friend-foe-analysis/frames/hans_westmar/frame_017859.png,97.054661128692,55.150626942879406,0.568242949330654,0.4812104430379746,0.1268196202531645,0.0,0.0,0.0,0.0,0.4999999997424132,0.0683214662447257,22.54272811181434,0.7957318296516919,0.760594078348639,22.450050272562695,0.0186730156451845,8,22,0,0.0,0.5,500.2586896981635
/Users/kevin.kunkel/Documents/Dev/Uni/ca-friend-foe-analysis/frames/hans_westmar/frame_018002.png,78.51973892405063,50.77322059381012,0.6466300222706837,0.634342035864979,0.0760350738396624,0.0,0.0,0.0,0.0,0.4999999996816087,0.0763383438818565,11.218921413502116,0.8087154587573426,0.8027558533962108,22.20452994873169,0.0205678259588721,4,22,0,0.0,0.5,491.7782166349773
/Users/kevin.kunkel/Documents/Dev/Uni/ca-friend-foe-analysis/frames/hans_westmar/frame_018070.png,72.19591904008439,46.98952373324281,0.6508612161591477,0.6731606012658228,0.0414425105485232,0.0,0.0,0.0,0.0,0.49999999965372,0.0657238924050633,0.4070345464134988,0.8139122093985274,0.8084019504426243,21.03588491620592,0.0222596650438667,4,13,0,0.0,0.5,497.4344002888268
/Users/kevin.kunkel/Documents/Dev/Uni/ca-friend-foe-analysis/frames/hans_westmar/frame_018174.png,81.53678797468355,58.74904438148544,0.7205219357877368,0.6326213080168777,0.1591112869198312,0.0,0.0,0.0,0.0,0.4999999996933899,0.0400118670886075,15.22339135021096,0.8391385372714486,0.7059346818896335,15.94102956416288,0.0171293517695048,8,7,0,0.0,0.5,249.16680667448065
/Users/kevin.kunkel/Documents/Dev/Uni/ca-friend-foe-analysis/frames/hans_westmar/frame_018305.png,112.02039820675104,52.47819034682616,0.4684699495811692,0.3888185654008438,0.2081882911392405,0.0,0.0,0.0,0.0,0.4999999997768263,0.0655722573839662,-5.872534282700414,0.794957185405808,0.8036182468768098,21.369312687577423,0.0193386709817639,13,30,0,0.0,0.5,35.13697421985405
/Users/kevin.kunkel/Documents/Dev/Uni/ca-friend-foe-analysis/frames/hans_westmar/frame_018365.png,98.84790348101266,65.7704722350404,0.6653704312619738,0.4951344936708861,0.2237407700421941,0.1742747890295358,1.714877388691758,1.3837486814345992,11.442515973874208,0.4999069244120034,0.042668776371308,-14.12208597046414,0.6547775502606106,0.7700805617605693,18.879930659105963,0.0152758350963589,5,11,1,0.0245319092827004,0.425632911392405,24.10504443567465
/Users/kevin.kunkel/Documents/Dev/Uni/ca-friend-foe-analysis/frames/hans_westmar/frame_018419.png,85.19731671940929,61.5177674878763,0.7220622642174758,0.5776305379746836,0.143420358649789,0.0,0.0,0.0,0.0,0.4999999997065635,0.0552347046413502,47.97755142405063,0.8392710660213453,0.8171671527260693,16.940388582055544,0.0164728161388475,5,6,1,0.1046677215189873,0.4873417721518987,521.800410596228
/Users/kevin.kunkel/Documents/Dev/Uni/ca-friend-foe-analysis/frames/hans_westmar/frame_018580.png,96.17127505274262,45.53483732095415,0.4734764850381168,0.3902821729957806,0.0246176160337552,0.1533293776371308,1.164069079291557,1.0996835443037976,8.048087273421883,0.4998353954940426,0.0606276371308016,1.0363462552742675,0.8367320778522379,0.8093639343923223,19.40438061992909,0.0224431068772912,14,5,0,0.0,0.5,121.34206416586744
/Users/kevin.kunkel/Documents/Dev/Uni/ca-friend-foe-analysis/frames/hans_westmar/frame_018582.png,95.72138053797468,45.8458712422526,0.4789512117010208,0.3936642932489451,0.0249274789029535,0.1235693565400843,1.0537034708207182,0.8813291139240507,7.218241186632161,0.499866204446165,0.0571202531645569,0.1429654535864983,0.8308295586166956,0.8057852961859849,18.808387897521992,0.0222387873740991,15,5,0,0.0,0.5,130.20096319966618
/Users/kevin.kunkel/Documents/Dev/Uni/ca-friend-foe-analysis/frames/hans_westmar/frame_018710.png,41.21424050632911,50.46290192016072,1.2244045062524171,0.808471782700422,0.0375065928270042,0.0,0.0,0.0,0.0,0.4999999993934136,0.0301160337552742,33.577874472573846,0.8720903656821378,0.8657499793166211,12.31135243489234,0.0199525232196184,1,7,2,0.1178335970464135,0.4873417721518987,233.39833445367557
/Users/kevin.kunkel/Documents/Dev/Uni/ca-friend-foe-analysis/frames/hans_westmar/frame_018838.png,101.37100474683544,46.357713696761465,0.457307429938223,0.3731869725738396,0.0504680907172995,8.085581487341772,21.47144637433796,83.82606803797468,68.69411419238773,0.5016954807750336,0.0796017932489451,-1.7712420886075932,0.8129614461818483,0.832338566228179,22.98266422934369,0.0223107148395017,23,7,0,0.0,0.5,149.73180775705092
/Users/kevin.kunkel/Documents/Dev/Uni/ca-friend-foe-analysis/frames/hans_westmar/frame_018962.png,75.4459322257384,50.06338378264711,0.6635663744799131,0.5382779535864979,0.0050962552742616,3.8603243670886074,21.85158735508659,13.728724947257383,38.90019016152933,0.4997741830207549,0.0238858122362869,40.15667853375527,0.8723607491519815,0.7888026909075867,9.819101878454507,0.0200382360089906,7,0,0,0.0,0.5,467.429248943673
/Users/kevin.kunkel/Documents/Dev/Uni/ca-friend-foe-analysis/frames/hans_westmar/frame_019035.png,65.72037842827004,57.15944608925291,0.8697370187036494,0.6857990506329114,0.073378164556962,0.0,0.0,0.0,0.0,0.4999999996196005,0.0386339662447257,33.14053929324895,0.8477050239927194,0.8200064635558865,14.885825102323055,0.0175519024415104,3,4,2,0.5350804324894515,0.4525316455696203,175.69720008442346
/Users/kevin.kunkel/Documents/Dev/Uni/ca-friend-foe-analysis/frames/hans_westmar/frame_019563.png,97.51774129746836,46.0478808733441,0.4722000347163449,0.4313686708860759,0.0614055907172995,0.0631131329113924,0.919623221534184,1.0087420886075948,11.84806082915385,0.500021362183252,0.0845661919831223,4.7712618670886116,0.8218223608008604,0.8196077914288078,24.21345679515997,0.0225169730981747,27,16,0,0.0,0.5,250.8589129303875
/Users/kevin.kunkel/Documents/Dev/Uni/ca-friend-foe-analysis/frames/hans_westmar/frame_019639.png,110.61962684599156,45.661179327083545,0.4127764718405438,0.2996439873417721,0.0472837552742616,0.0503428270042194,0.6962526947589479,0.3825158227848101,4.7754194593153665,0.4999501890710804,0.0351727320675105,21.77182885021098,0.8720916583933152,0.8221243381318772,14.545096556069332,0.0220974587110698,10,9,0,0.0,0.5,275.27649598760974
/Users/kevin.kunkel/Documents/Dev/Uni/ca-friend-foe-analysis/frames/hans_westmar/frame_019702.png,77.64315005274261,52.56518204617608,0.6770099093450976,0.6237935126582278,0.0719409282700422,0.4923127637130802,3.7963286560897305,3.4311708860759493,13.931881406152645,0.4993545942904103,0.0430379746835443,-12.792596255274262,0.7658028770579962,0.7800606540084388,16.9409679921529,0.0192894054240101,5,12,2,0.0590519514767932,0.2468354430379747,329.92966503663564
/Users/kevin.kunkel/Documents/Dev/Uni/ca-friend-foe-analysis/frames/hans_westmar/frame_019850.png,90.78490242616034,43.759156533256935,0.4820091812143259,0.4631197257383966,0.0333333333333333,0.0,0.0,0.0,0.0,0.4999999997246238,0.0630801687763713,18.85916402953586,0.8130728261768843,0.8382524613220815,19.110443754472204,0.0234468448058987,15,7,0,0.0,0.5,343.2785587515434
/Users/kevin.kunkel/Documents/Dev/Uni/ca-friend-foe-analysis/frames/hans_westmar/frame_020211.png,71.975006592827,57.538894972575214,0.7994288242047433,0.6450685654008439,0.0855683016877637,0.0,0.0,0.0,0.0,0.4999999996526572,0.0377373417721519,-8.805570938818562,0.8272325122031935,0.6984481777943244,15.60542313731324,0.0177161364749136,6,6,1,0.0192246835443037,0.240506329113924,468.71884369275006
/Users/kevin.kunkel/Documents/Dev/Uni/ca-friend-foe-analysis/frames/hans_westmar/frame_020452.png,99.58320806962026,59.8750743147928,0.6012567320868744,0.4307159810126582,0.1411524261603375,0.0,0.0,0.0,0.0,0.4999999997489536,0.0366429324894514,-1.8593156645569593,0.790918083478117,0.7093578327955654,14.333347688447327,0.0169688577211066,5,2,1,0.0726859177215189,0.4287974683544304,503.0023113453911
/Users/kevin.kunkel/Documents/Dev/Uni/ca-friend-foe-analysis/frames/hans_westmar/frame_020549.png,78.87443960970464,58.75357694596074,0.744900086291602,0.5878362341772152,0.0878889767932489,0.0,0.0,0.0,0.0,0.4999999996830405,0.0320345464135021,-9.092345727848098,0.83427489244643,0.6862861442045172,14.456433561687865,0.0171831916374872,8,7,1,0.0192246835443037,0.2215189873417721,248.607027718683
/Users/kevin.kunkel/Documents/Dev/Uni/ca-friend-foe-analysis/frames/hans_westmar/frame_020692.png,97.4446664029536,51.70185682204311,0.5305765690159759,0.40198444092827,0.0771162974683544,0.0,0.0,0.0,0.0,0.4999999997434441,0.0519910337552742,7.07334520042194,0.8386174712501034,0.7564137606519401,18.42548854892425,0.0197691594682646,6,3,0,0.0,0.5,381.94690059908027
/Users/kevin.kunkel/Documents/Dev/Uni/ca-friend-foe-analysis/frames/hans_westmar/frame_021446.png,38.274400052742614,40.1623352627387,1.0493263147812075,0.886807753164557,0.0276371308016877,0.0,0.0,0.0,0.0,0.4999999993468219,0.0374604430379746,17.118057753164557,0.8803973794159013,0.9036026826342352,13.047742292549316,0.0262629735305266,1,5,2,0.0393262130801687,0.4335443037974683,551.7757733414132
/Users/kevin.kunkel/Documents/Dev/Uni/ca-friend-foe-analysis/frames/hans_westmar/frame_021691.png,122.01273074894516,56.029538812316304,0.4592105956687609,0.2779799578059072,0.2372692510548523,0.0059071729957805,0.1536027255302466,0.0886075949367088,2.3040408829536996,0.4999909220404085,0.0648536392405063,21.55143064345991,0.777123097129147,0.731629178042525,20.28308627952205,0.0181185844039101,16,14,3,0.0837354957805907,0.5759493670886076,245.40492748578248
/Users/kevin.kunkel/Documents/Dev/Uni/ca-friend-foe-analysis/frames/hans_westmar/frame_021836.png,92.04603111814346,61.22815369735393,0.6651905887419194,0.4998022151898734,0.1481408227848101,0.0,0.0,0.0,0.0,0.4999999997283967,0.0546347573839662,5.325988924050634,0.8009475055845123,0.679990485645735,18.275470428415456,0.0164932138606004,5,19,2,0.1049643987341772,0.435126582278481,277.59633199487797
/Users/kevin.kunkel/Documents/Dev/Uni/ca-friend-foe-analysis/frames/hans_westmar/frame_022686.png,93.66174841772153,47.41081412275788,0.5061918539112836,0.4457871835443038,0.0527030590717299,0.0,0.0,0.0,0.0,0.499999999733082,0.063073575949367,12.208267405063282,0.8517869405146025,0.7853886406883428,19.841388429890028,0.021789628488204,8,7,0,0.0,0.5,437.2787929276157
/Users/kevin.kunkel/Documents/Dev/Uni/ca-friend-foe-analysis/frames/hans_westmar/frame_022798.png,107.75919699367088,68.20106656365853,0.6329025122966905,0.4745319092827004,0.249459388185654,0.0,0.0,0.0,0.0,0.4999999997680012,0.0462882383966244,44.27801292194093,0.871725355754116,0.6919501840820717,16.037881935020355,0.014774594078138,5,4,0,0.0,0.5,445.37616036056454
/Users/kevin.kunkel/Documents/Dev/Uni/ca-friend-foe-analysis/frames/hans_westmar/frame_022946.png,107.3747033227848,55.8872617692382,0.5204881595731512,0.3764636075949367,0.1987341772151898,0.0,0.0,0.0,0.0,0.4999999997671705,0.1013581223628692,21.805887394514755,0.7625851638123604,0.7544056114006784,23.631504681169343,0.0186065590278104,12,13,0,0.0,0.5,519.2983492856891
/Users/kevin.kunkel/Documents/Dev/Uni/ca-friend-foe-analysis/frames/hans_westmar/frame_023299.png,118.34965717299578,62.80134240187391,0.5306423681228818,0.343479694092827,0.2218881856540084,0.0,0.0,0.0,0.0,0.4999999997887615,0.0244264240506329,0.3809071729957907,0.7660601265822785,0.7784102755026061,13.385531520164642,0.0159059473796053,7,3,0,0.0,0.5,206.0240262539291
/Users/kevin.kunkel/Documents/Dev/Uni/ca-friend-foe-analysis/frames/hans_westmar/frame_023710.png,86.65307225738397,69.0943634835146,0.7973677286195712,0.572778217299578,0.1985495780590717,0.0,0.0,0.0,0.0,0.4999999997114932,0.0191455696202531,7.010034282700417,0.6115722470422769,0.8246986431703484,10.602855644869305,0.0143908796321132,3,2,0,0.0,0.5,56.93636901323665
/Users/kevin.kunkel/Documents/Dev/Uni/ca-friend-foe-analysis/frames/hans_westmar/frame_025605.png,56.23919435654008,56.09462746951588,0.9974294264272238,0.7586695675105485,0.0699433016877637,0.0,0.0,0.0,0.0,0.4999999995554702,0.0402755801687763,7.94118539029536,0.8485499400182014,0.7707209708778027,14.10981650754365,0.0181006911209912,2,5,1,0.0341772151898734,0.4177215189873418,440.5048633714319
/Users/kevin.kunkel/Documents/Dev/Uni/ca-friend-foe-analysis/frames/hans_westmar/frame_026855.png,34.19676292194093,41.07521342651774,1.201143318745214,0.8656975210970465,0.0091640295358649,0.0,0.0,0.0,0.0,0.4999999992689367,0.030379746835443,6.5388383438818565,0.8730483680814098,0.8475534148258459,11.954250331634643,0.0255246017132714,1,0,1,0.0313884493670886,0.3781645569620253,565.3384958445463
/Users/kevin.kunkel/Documents/Dev/Uni/ca-friend-foe-analysis/frames/hans_westmar/frame_027129.png,17.578454641350213,15.276488889850969,0.8690461769609205,0.9962223101265822,0.0,0.0,0.0,0.0,0.0,0.4999999985778044,0.0076740506329113,7.506249999999998,0.9501472656573178,0.9478417928352776,4.099256740014802,0.063792962166228,1,0,0,0.0,0.5,20.277867365578125
/Users/kevin.kunkel/Documents/Dev/Uni/ca-friend-foe-analysis/frames/hans_westmar/frame_027223.png,23.1228111814346,26.47294642884855,1.1448844219951655,0.974762658227848,0.007364187763713,0.0,0.0,0.0,0.0,0.4999999989188166,0.0220398206751054,-7.076925105485234,0.9536640605609332,0.909265326383718,7.626256955507992,0.0418939671780633,1,0,0,0.0,0.5,555.5405665719505
/Users/kevin.kunkel/Documents/Dev/Uni/ca-friend-foe-analysis/frames/hans_westmar/frame_027397.png,35.951430643459915,39.984751773690945,1.1121880533493025,0.8701542721518988,0.0052412974683544,0.0,0.0,0.0,0.0,0.4999999993046174,0.0255076476793248,17.602287710970465,0.8977977889468024,0.8259112579631008,11.066702989225725,0.0256396000913818,1,0,2,0.085667194092827,0.4034810126582278,250.14130178915252
/Users/kevin.kunkel/Documents/Dev/Uni/ca-friend-foe-analysis/frames/hans_westmar/frame_027684.png,45.88648470464135,49.3705927567326,1.0759288484817393,0.7743539029535865,0.0245450949367088,0.0,0.0,0.0,0.0,0.4999999994551773,0.0642075421940928,25.901437236286924,0.8803714734839083,0.7880625879043601,17.192422472747676,0.0209528577686259,1,2,0,0.0,0.5,144.04584613134045
/Users/kevin.kunkel/Documents/Dev/Uni/ca-friend-foe-analysis/frames/hans_westmar/frame_028032.png,68.57490770042195,54.97519464237684,0.8016809122423433,0.6314280063291139,0.0479034810126582,0.0,0.0,0.0,0.0,0.4999999996354352,0.0417062236286919,5.593473101265815,0.8482015802101431,0.7258811119384463,15.649696040233376,0.0185943886399112,2,5,0,0.0,0.5,425.4205587873637
/Users/kevin.kunkel/Documents/Dev/Uni/ca-friend-foe-analysis/frames/hans_westmar/frame_028427.png,87.3276569092827,61.77266890630879,0.7073666123865263,0.4317576476793249,0.0330893987341772,0.0,0.0,0.0,0.0,0.4999999997137219,0.0295754219409282,7.582074103375533,0.7849432758335402,0.6698950835608505,13.131477519828335,0.0161567101796178,14,3,0,0.0,0.5,66.14614882726718
/Users/kevin.kunkel/Documents/Dev/Uni/ca-friend-foe-analysis/frames/hans_westmar/frame_028633.png,74.71151107594936,50.309783374102686,0.673387307822226,0.599881329113924,0.0412183544303797,0.0,0.0,0.0,0.0,0.4999999996653795,0.0330696202531645,4.965730485232072,0.8167654298006122,0.7758220608918673,15.677210542906328,0.0199317518226166,2,7,0,0.0,0.5,19.38150129273888
/Users/kevin.kunkel/Documents/Dev/Uni/ca-friend-foe-analysis/frames/hans_westmar/frame_028687.png,83.04248417721519,46.49960756435467,0.5599496205957439,0.4945081751054852,0.0432423523206751,0.0,0.0,0.0,0.0,0.4999999996989493,0.0296017932489451,3.932304852320683,0.859828431372549,0.7712847480764458,12.50882604404834,0.0214094361999275,5,6,0,0.0,0.5,23.125899635624943
/Users/kevin.kunkel/Documents/Dev/Uni/ca-friend-foe-analysis/frames/hans_westmar/frame_028772.png,56.273971518987345,46.83759033515977,0.8323135721125526,0.7368539029535865,0.0222441983122362,0.0,0.0,0.0,0.0,0.4999999995557449,0.0318895042194092,11.37784810126582,0.8223877926698105,0.8003018739141226,12.960279483384484,0.0213225449855733,2,5,3,0.0737473628691983,0.6756329113924051,27.6918622074911
/Users/kevin.kunkel/Documents/Dev/Uni/ca-friend-foe-analysis/frames/hans_westmar/frame_028870.png,83.34287974683544,49.63281216807363,0.5955255237074485,0.5657634493670886,0.0631131329113924,0.9618209388185656,7.598748606626848,3.829990770042194,22.85748548034302,0.5001049855844855,0.0126845991561181,19.439398734177217,0.8397017456771738,0.779259121370067,11.194465797416257,0.0199380061805342,4,2,0,0.0,0.5,5.163025860708644
/Users/kevin.kunkel/Documents/Dev/Uni/ca-friend-foe-analysis/frames/hans_westmar/frame_029024.png,52.02525052742616,41.15756691563636,0.7911075183545453,0.8061708860759493,0.0112869198312236,0.0,0.0,0.0,0.0,0.4999999995194641,0.0312895569620253,5.100830696202536,0.8604748903780921,0.8154367295441384,12.071200238130864,0.0242736947410221,2,3,2,0.1046017932489451,0.3591772151898734,45.968647193743145
/Users/kevin.kunkel/Documents/Dev/Uni/ca-friend-foe-analysis/frames/hans_westmar/frame_029051.png,56.55615770042194,41.674990701914574,0.7368780398587058,0.772415611814346,0.012651635021097,0.0,0.0,0.0,0.0,0.4999999995579615,0.0332014767932489,2.1317114978902936,0.8252272069165218,0.8086443079341441,12.260677387185314,0.0240268227815293,2,4,1,0.0095200421940928,0.4272151898734177,46.91024913644098
/Users/kevin.kunkel/Documents/Dev/Uni/ca-friend-foe-analysis/frames/hans_westmar/frame_029106.png,73.08426951476794,50.6127200860995,0.692525496291918,0.5380735759493671,0.0227518459915611,0.0,0.0,0.0,0.0,0.4999999996579291,0.0255274261603375,17.95304588607594,0.8934969388599322,0.7133675643253081,11.490342365002626,0.0196554983512303,8,5,0,0.0,0.5,36.61550675596644
/Users/kevin.kunkel/Documents/Dev/Uni/ca-friend-foe-analysis/frames/hans_westmar/frame_029135.png,70.69807489451476,46.79321170189494,0.6618739153155936,0.5429852320675106,0.0096584915611814,0.0,0.0,0.0,0.0,0.4999999996463836,0.0304127109704641,9.680353375527432,0.8839324274013403,0.7664298419789857,12.193999284056574,0.0212933274534547,10,2,0,0.0,0.5,38.13270647822944
/Users/kevin.kunkel/Documents/Dev/Uni/ca-friend-foe-analysis/frames/hans_westmar/frame_029261.png,97.7445345464135,58.58083756986798,0.5993259651987863,0.4155458860759494,0.1418183016877637,0.0,0.0,0.0,0.0,0.4999999997442312,0.0367286392405063,9.417147943037977,0.8098154525523289,0.7922633304376603,15.99112893171437,0.0170559704793923,12,6,3,0.0408755274261603,0.1582278481012658,18.533677904121724
/Users/kevin.kunkel/Documents/Dev/Uni/ca-friend-foe-analysis/frames/hans_westmar/frame_029559.png,74.57130801687764,55.20753642043799,0.7403321440185778,0.6038106540084388,0.0895305907172995,0.0,0.0,0.0,0.0,0.4999999996647504,0.0476331751054852,-0.5179852320675167,0.7970368991478448,0.766717444361711,15.879097502257272,0.0184440991640581,1,8,0,0.0,0.5,438.02863847075326
/Users/kevin.kunkel/Documents/Dev/Uni/ca-friend-foe-analysis/frames/hans_westmar/frame_029583.png,76.4625,56.27015465811241,0.7359183205430189,0.5911458333333334,0.0958794831223628,0.0,0.0,0.0,0.0,0.4999999996730424,0.0481210443037974,-1.961445147679328,0.7908525688756516,0.7702748821047407,16.56269151049461,0.0180901426400348,2,7,0,0.0,0.5,445.5217980045692
/Users/kevin.kunkel/Documents/Dev/Uni/ca-friend-foe-analysis/frames/hans_westmar/frame_029595.png,76.55102188818566,56.248507782692194,0.7347845439786969,0.5880010548523207,0.0967629219409282,0.0,0.0,0.0,0.0,0.4999999996734204,0.048740770042194,-2.082377373417728,0.7914863593116571,0.770128805741706,16.407566571136748,0.0180843816718334,2,7,0,0.0,0.5,441.4093604917685
/Users/kevin.kunkel/Documents/Dev/Uni/ca-friend-foe-analysis/frames/hans_westmar/frame_029625.png,63.66667985232068,38.964530351683344,0.6120082024202217,0.7549314345991561,0.0164491033755274,0.0,0.0,0.0,0.0,0.4999999996073299,0.0116033755274261,25.275593354430377,0.8546763051212046,0.87430245304873,7.742571506680842,0.0253044781191917,1,2,1,0.0902492088607594,0.4003164556962025,13.308335545887854
/Users/kevin.kunkel/Documents/Dev/Uni/ca-friend-foe-analysis/frames/hans_westmar/frame_029666.png,61.90189214135021,39.51692200291361,0.638379871310565,0.7525580168776371,0.0157436708860759,0.0,0.0,0.0,0.0,0.4999999995961351,0.0114978902953586,24.42440005274262,0.8464883242326466,0.8722671568627451,7.687407334951428,0.0249410154537186,1,2,1,0.0499011075949367,0.5205696202531646,10.035810763373524
/Users/kevin.kunkel/Documents/Dev/Uni/ca-friend-foe-analysis/frames/hans_westmar/frame_029728.png,58.41155063291139,54.4260692668916,0.9317689495311718,0.7069554324894515,0.0624208860759493,0.0,0.0,0.0,0.0,0.4999999995720025,0.0307357594936708,9.661840717299576,0.8333403656821379,0.7528193513692397,12.909077125898229,0.0183347466644064,4,6,0,0.0,0.5,39.87720465940035
/Users/kevin.kunkel/Documents/Dev/Uni/ca-friend-foe-analysis/frames/hans_westmar/frame_029758.png,62.50014504219409,56.73264862790748,0.9077202700703336,0.656790611814346,0.0498417721518987,0.0,0.0,0.0,0.0,0.4999999996000009,0.0304258966244725,6.609533227848104,0.8050426077604038,0.746628092165136,12.792593951498027,0.0175675965396229,6,6,1,0.0100276898734177,0.8781645569620253,38.70889114282031
/Users/kevin.kunkel/Documents/Dev/Uni/ca-friend-foe-analysis/frames/hans_westmar/frame_029807.png,74.48134229957806,54.100763007635656,0.7263666478699522,0.5903151371308016,0.062440664556962,0.0,0.0,0.0,0.0,0.4999999996643455,0.0349551687763713,4.214253691983117,0.8431831720029784,0.7541229213204269,14.41265363888312,0.0185019768901488,5,8,1,0.0192246835443037,0.439873417721519,43.971420944227994
/Users/kevin.kunkel/Documents/Dev/Uni/ca-friend-foe-analysis/frames/hans_westmar/frame_030703.png,72.3076542721519,52.503548598763786,0.7261132871015198,0.6086036392405063,0.0578322784810126,0.0,0.0,0.0,0.0,0.4999999996542552,0.0357463080168776,6.673463871308016,0.8364764312898155,0.7703068896334906,14.269990594179545,0.0190846944412364,8,6,2,0.0529799578059071,0.4367088607594936,48.71507451609136
/Users/kevin.kunkel/Documents/Dev/Uni/ca-friend-foe-analysis/frames/hans_westmar/frame_030750.png,73.93165875527426,53.16882701827816,0.7191618292017414,0.5997099156118143,0.063884493670886,0.0,0.0,0.0,0.0,0.4999999996618499,0.0464530590717299,1.3499340717299615,0.831341110283776,0.7734581575246132,16.110503599275283,0.0191282326619389,7,7,3,0.0721716772151898,0.4699367088607595,229.1754311910644
/Users/kevin.kunkel/Documents/Dev/Uni/ca-friend-foe-analysis/frames/hans_westmar/frame_031303.png,71.2337552742616,62.366572871545515,0.8755199349503902,0.6098101265822785,0.1014833860759493,0.0,0.0,0.0,0.0,0.4999999996490428,0.0544369725738396,18.454034810126583,0.7806331182261934,0.7637383138909573,18.69394022932308,0.0164339042131046,7,6,1,0.0370846518987341,0.4287974683544304,531.4849826884677
/Users/kevin.kunkel/Documents/Dev/Uni/ca-friend-foe-analysis/frames/hans_westmar/frame_031505.png,87.73479034810127,54.4437101894116,0.6205487003655328,0.448589135021097,0.0674973628691983,0.0,0.0,0.0,0.0,0.4999999997150503,0.0679918248945147,12.51871703586498,0.8146790456689005,0.7921053094233474,18.36705738347708,0.018985019055607,7,7,0,0.0,0.5,569.4357178008506
/Users/kevin.kunkel/Documents/Dev/Uni/ca-friend-foe-analysis/frames/hans_westmar/frame_031535.png,79.76642932489452,53.7767800190036,0.674178102326093,0.5351793248945148,0.0570279535864978,0.0,0.0,0.0,0.0,0.499999999686585,0.047356276371308,13.840690928270035,0.8308235087283858,0.7975524323653512,15.107581563252385,0.0187030547376997,6,4,0,0.0,0.5,131.86013619821304
/Users/kevin.kunkel/Documents/Dev/Uni/ca-friend-foe-analysis/frames/hans_westmar/frame_031566.png,44.36095727848101,39.06322582355233,0.8805767082588134,0.8782238924050633,0.0107529008438818,0.0,0.0,0.0,0.0,0.4999999994364414,0.0109375,-3.4346123417721515,0.824169665756598,0.8976589517663606,7.568412270413782,0.0253475179728852,1,2,0,0.0,0.5,29.959543940679065
/Users/kevin.kunkel/Documents/Dev/Uni/ca-friend-foe-analysis/frames/hans_westmar/frame_031602.png,89.24253691983122,62.086257305471136,0.6957025133841108,0.4962552742616034,0.1463871308016877,0.0,0.0,0.0,0.0,0.4999999997198645,0.0458333333333333,3.4013976793248872,0.8550898692810458,0.733292069992554,16.230383853679072,0.0161605999165656,7,10,3,0.0462354957805907,0.300632911392405,53.17247747286997
/Users/kevin.kunkel/Documents/Dev/Uni/ca-friend-foe-analysis/frames/hans_westmar/frame_031707.png,81.12861946202531,43.89654598589499,0.5410734981424742,0.5140097573839663,0.0118539029535864,0.0,0.0,0.0,0.0,0.4999999996918473,0.0299775843881856,13.310278217299585,0.8435277053859518,0.7967701352692976,13.78015574442897,0.02281302959965,4,3,0,0.0,0.5,47.229773961204565
/Users/kevin.kunkel/Documents/Dev/Uni/ca-friend-foe-analysis/frames/hans_westmar/frame_031744.png,85.10513581223628,49.61020145698197,0.5829284087877133,0.4957739978902953,0.0403744725738396,0.0,0.0,0.0,0.0,0.4999999997062457,0.0367747890295358,1.2711563818565423,0.8124129746835443,0.8037745615123687,15.317903199557623,0.0202434027131999,5,5,0,0.0,0.5,54.16833817575571
/Users/kevin.kunkel/Documents/Dev/Uni/ca-friend-foe-analysis/frames/hans_westmar/frame_031832.png,73.34357199367089,54.96118382582584,0.7493660624496453,0.5689543776371307,0.0622362869198312,0.0,0.0,0.0,0.0,0.4999999996591385,0.0368341244725738,7.778184335443029,0.8604942810457517,0.8001549702159345,13.532890247564998,0.0181902159484018,3,4,0,0.0,0.5,49.69939609238321
/Users/kevin.kunkel/Documents/Dev/Uni/ca-friend-foe-analysis/frames/hans_westmar/frame_031864.png,78.08710443037975,53.635638641098154,0.6868693488337916,0.5468354430379747,0.0586366033755274,0.0,0.0,0.0,0.0,0.4999999996798447,0.0479957805907172,-0.1911656118143554,0.8438162902291718,0.7960539215686274,15.699522019367617,0.0187949056660715,4,2,0,0.0,0.5,114.90272019920764
/Users/kevin.kunkel/Documents/Dev/Uni/ca-friend-foe-analysis/frames/hans_westmar/frame_032090.png,67.35164820675105,53.339289318422544,0.7919522485253867,0.6340717299578059,0.0325817510548523,0.0,0.0,0.0,0.0,0.4999999996288138,0.0373615506329113,19.892866561181435,0.8851081740713163,0.7204777860511293,14.584145521693282,0.0192068844736334,5,5,1,0.0361023206751054,0.2911392405063291,531.1656704035329
/Users/kevin.kunkel/Documents/Dev/Uni/ca-friend-foe-analysis/frames/hans_westmar/frame_032557.png,86.60061313291139,57.52043198620245,0.6642035181841253,0.5100870253164557,0.1269712552742616,0.0,0.0,0.0,0.0,0.4999999997113185,0.0384955168776371,32.16262526371308,0.8541856436667494,0.7676507301232729,14.616101151097324,0.0173747174706644,4,4,0,0.0,0.5,32.89512875461485
/Users/kevin.kunkel/Documents/Dev/Uni/ca-friend-foe-analysis/frames/hans_westmar/frame_032577.png,86.82415611814346,54.29308793964514,0.6253223792147793,0.4836300105485232,0.0955498417721519,0.0,0.0,0.0,0.0,0.4999999997120617,0.0437104430379746,11.892774261603378,0.8130294944982213,0.7691140274675271,15.8857707662449,0.0184993140721638,8,4,0,0.0,0.5,52.06811520662156
/Users/kevin.kunkel/Documents/Dev/Uni/ca-friend-foe-analysis/frames/hans_westmar/frame_032678.png,84.04520042194093,56.613464498408625,0.673607346366305,0.5223496835443038,0.0941587552742616,0.0,0.0,0.0,0.0,0.499999999702541,0.0427874472573839,-10.291666666666671,0.8004047737238356,0.807483143046248,16.02752473777746,0.0176960493168507,5,6,1,0.0178270042194092,0.3449367088607595,31.101282352826345
/Users/kevin.kunkel/Documents/Dev/Uni/ca-friend-foe-analysis/frames/hans_westmar/frame_033407.png,108.57153217299576,58.77374497010271,0.5413366076691274,0.3034744198312236,0.119653217299578,0.0,0.0,0.0,0.0,0.4999999997697371,0.0223167194092827,14.46815664556962,0.8113376975262678,0.7606663150492264,11.151837491967116,0.0169134425608606,8,4,1,0.0595002637130801,0.3623417721518987,19.058000185780585
/Users/kevin.kunkel/Documents/Dev/Uni/ca-friend-foe-analysis/frames/hans_westmar/frame_033994.png,118.06567774261605,43.62878262395676,0.3695297686946313,0.2591904008438818,0.0796017932489451,1.1887856012658229,9.067772954673831,8.169073048523206,22.488601648945146,0.4991145172864206,0.0113792194092827,23.21675896624473,0.8951213080168776,0.8146356622817903,8.22910261982769,0.0227083263850669,2,2,0,0.0,0.5,32.91078062602069
/Users/kevin.kunkel/Documents/Dev/Uni/ca-friend-foe-analysis/frames/hans_westmar/frame_035111.png,39.44316983122363,39.48182933785569,1.0009801293024745,0.9057357594936708,0.0324762658227848,0.0,0.0,0.0,0.0,0.4999999993661767,0.0331553270042194,2.051292194092831,0.9032821419707124,0.8831259824604948,12.397275095819303,0.0271666896939192,1,5,1,0.0214200949367088,0.1693037974683544,607.3137697700438
/Users/kevin.kunkel/Documents/Dev/Uni/ca-friend-foe-analysis/frames/hans_westmar/frame_035418.png,62.19104694092827,43.65248776158379,0.7019095165395085,0.7451740506329114,0.0220661919831223,0.0,0.0,0.0,0.0,0.4999999995980129,0.0723958333333333,10.484928797468363,0.8438300446760982,0.8306202945313146,21.819037893448193,0.0243185269760048,2,3,0,0.0,0.5,388.2565103071162
/Users/kevin.kunkel/Documents/Dev/Uni/ca-friend-foe-analysis/frames/hans_westmar/frame_035464.png,65.00549182489452,43.84437683946626,0.674471887546406,0.7285799050632912,0.0242154535864978,0.0,0.0,0.0,0.0,0.4999999996154171,0.0745385021097046,10.940895305907162,0.8429143397865475,0.8296045855050881,22.10659667244424,0.0242464160510905,2,4,0,0.0,0.5,419.7752914275206
/Users/kevin.kunkel/Documents/Dev/Uni/ca-friend-foe-analysis/frames/hans_westmar/frame_035746.png,63.04822652953587,48.63437997445138,0.7713837894318805,0.7589398734177215,0.0299116561181434,0.0,0.0,0.0,0.0,0.4999999996034782,0.0463541666666666,14.129832542194094,0.8133375217175478,0.8047314780342516,18.37872152266829,0.0214658737248779,3,6,1,0.0313884493670886,0.2041139240506329,557.3210721296356
/Users/kevin.kunkel/Documents/Dev/Uni/ca-friend-foe-analysis/frames/hans_westmar/frame_035829.png,57.41308016877637,43.947786048098465,0.765466438002615,0.7814214135021097,0.0119066455696202,0.0,0.0,0.0,0.0,0.4999999995645592,0.0215585443037974,-0.8993143459915558,0.8302937039794821,0.8440485645735087,11.950647447367192,0.0226243952272241,1,2,0,0.0,0.5,19.187179788542213
/Users/kevin.kunkel/Documents/Dev/Uni/ca-friend-foe-analysis/frames/hans_westmar/frame_036210.png,53.10189214135021,44.55504245457142,0.8390481124865943,0.8131263185654009,0.0096255274261603,0.0,0.0,0.0,0.0,0.499999999529207,0.0342431434599156,12.117912710970463,0.8270060292049309,0.8322550570861256,15.16036756748744,0.0229174843797182,2,3,1,0.0390888713080168,0.2199367088607595,253.57846096139605
/Users/kevin.kunkel/Documents/Dev/Uni/ca-friend-foe-analysis/frames/hans_westmar/frame_036557.png,52.59045358649789,47.6606555411128,0.9062605891409,0.7699960443037974,0.0129746835443037,0.0,0.0,0.0,0.0,0.4999999995246286,0.0388053797468354,5.654535864978904,0.8078580292876645,0.802017353354844,16.098765905904713,0.0216736061645695,1,3,3,0.118690664556962,0.4319620253164557,512.4399457628266
/Users/kevin.kunkel/Documents/Dev/Uni/ca-friend-foe-analysis/frames/hans_westmar/frame_036620.png,61.67840849156118,43.90006287118144,0.7117573859904652,0.7272679324894514,0.0214398734177215,0.0,0.0,0.0,0.0,0.4999999995946718,0.0573971518987341,6.960304588607592,0.8329855940266402,0.814167442293373,17.57657127094364,0.0230763517670939,4,5,6,0.0648997890295358,0.7104430379746836,27.312949095310067
/Users/kevin.kunkel/Documents/Dev/Uni/ca-friend-foe-analysis/frames/hans_westmar/frame_036752.png,72.46037051687763,52.80128300018942,0.7286918704758989,0.6590189873417721,0.0688291139240506,0.0,0.0,0.0,0.0,0.4999999996549838,0.0798259493670886,28.417029272151908,0.8161494270704062,0.8001874431207082,23.219326082125765,0.0196450125027073,4,9,0,0.0,0.5,478.0625021316105
/Users/kevin.kunkel/Documents/Dev/Uni/ca-friend-foe-analysis/frames/hans_westmar/frame_037080.png,66.26631724683544,44.22055648080583,0.6673157382408484,0.703606276371308,0.0220398206751054,0.0,0.0,0.0,0.0,0.4999999996227344,0.0631395042194092,24.89576081223629,0.8538075515016132,0.8390787105981633,19.019118023071265,0.0229129939716952,1,5,0,0.0,0.5,38.66359365474438
/Users/kevin.kunkel/Documents/Dev/Uni/ca-friend-foe-analysis/frames/hans_westmar/frame_037306.png,74.95477979957806,59.12242652998785,0.7887745999547744,0.6737803270042194,0.117939082278481,0.0,0.0,0.0,0.0,0.4999999996664656,0.0506131329113924,36.5368868670886,0.7757297613138082,0.7482480661040788,16.897766934123368,0.0171548503476483,7,9,0,0.0,0.5,617.7757776034414
/Users/kevin.kunkel/Documents/Dev/Uni/ca-friend-foe-analysis/frames/hans_westmar/frame_037352.png,78.2942180907173,61.34088586153925,0.7834663565081993,0.644290611814346,0.1461761603375527,0.0,0.0,0.0,0.0,0.4999999996806916,0.0435851793248945,36.77611418776373,0.7615986700587408,0.7346061367585008,16.545537090210022,0.0164240447397515,4,6,0,0.0,0.5,260.5587008288329
/Users/kevin.kunkel/Documents/Dev/Uni/ca-friend-foe-analysis/frames/hans_westmar/frame_037402.png,66.44183148734177,43.51185643829548,0.6548864683403036,0.7106210443037975,0.0198773734177215,0.0,0.0,0.0,0.0,0.499999999623731,0.1040479957805907,16.744033491561183,0.848160471994705,0.8281730888557954,23.52222473716062,0.0244951500432552,1,5,0,0.0,0.5,242.9379515313928
/Users/kevin.kunkel/Documents/Dev/Uni/ca-friend-foe-analysis/frames/hans_westmar/frame_037442.png,71.88713739451477,50.02314462381878,0.6958566771091104,0.632449894514768,0.0287315400843881,0.0,0.0,0.0,0.0,0.4999999996522327,0.0271690400843881,8.289708597046413,0.772489296351452,0.791497528336229,14.745855992369226,0.0202480010896875,4,4,3,0.2086629746835443,0.4477848101265823,260.98314705002997
/Users/kevin.kunkel/Documents/Dev/Uni/ca-friend-foe-analysis/frames/hans_westmar/frame_037571.png,55.428606276371305,43.467687153326125,0.7842103562584968,0.7784018987341772,0.019653217299578,0.0,0.0,0.0,0.0,0.4999999995489694,0.0681104957805907,-8.114734968354426,0.8364381670389676,0.8285523186067676,18.771369482759557,0.0243032578062606,1,4,10,0.1630340189873417,0.8591772151898734,560.2798482964284
/Users/kevin.kunkel/Documents/Dev/Uni/ca-friend-foe-analysis/frames/hans_westmar/frame_037609.png,58.05833333333333,44.54420479204399,0.7672318883075206,0.7625725210970464,0.0251977848101265,0.0,0.0,0.0,0.0,0.4999999995693986,0.070793776371308,-8.591244725738392,0.8318315131959957,0.8233956937205262,19.301004735417916,0.0236749551181543,1,6,9,0.1748945147679325,0.8607594936708861,565.0630893596507
/Users/kevin.kunkel/Documents/Dev/Uni/ca-friend-foe-analysis/frames/hans_westmar/frame_037676.png,67.25215585443038,50.19234593199589,0.7463306598825753,0.661326476793249,0.0284084915611814,0.1296083860759493,1.135107631476046,2.2758241033755273,17.713827643612937,0.5000697606662198,0.0539886603375527,14.969363132911385,0.8062638061553735,0.7901021241830065,17.123439122454197,0.0203988098448539,4,4,3,0.0824762658227848,0.5174050632911392,506.7718545929873
/Users/kevin.kunkel/Documents/Dev/Uni/ca-friend-foe-analysis/frames/hans_westmar/frame_037718.png,62.82239583333333,47.58065330402728,0.7573836145077867,0.6878098628691983,0.0193103902953586,0.2765822784810126,5.112364028148859,2.518123681434599,18.60282821020093,0.500079740293737,0.0521492616033755,13.807799314346,0.8153917949036155,0.8081318255150162,16.49095307353503,0.0215955050780302,4,4,4,0.1013053797468354,0.5142405063291139,546.6662204422851
/Users/kevin.kunkel/Documents/Dev/Uni/ca-friend-foe-analysis/frames/hans_westmar/frame_037781.png,67.50274920886076,48.698817585378826,0.7214345798354967,0.6622824367088608,0.0250395569620253,0.0,0.0,0.0,0.0,0.4999999996296447,0.0490835970464135,14.336333069620252,0.8102284996276992,0.8072819454786134,16.19162798541776,0.0209360647810853,3,5,4,0.1007252109704641,0.5189873417721519,500.7618340511245
/Users/kevin.kunkel/Documents/Dev/Uni/ca-friend-foe-analysis/frames/hans_westmar/frame_038296.png,61.79236550632911,50.42930025913407,0.8161089119068913,0.770134493670886,0.0544435654008438,0.0,0.0,0.0,0.0,0.4999999995954193,0.0434862869198312,34.68147415611815,0.818721870604782,0.8176486100769422,14.6258494214086,0.0202664116109491,6,5,1,0.0827004219409282,0.2848101265822785,487.5205590637695
/Users/kevin.kunkel/Documents/Dev/Uni/ca-friend-foe-analysis/frames/hans_westmar/frame_038353.png,68.209361814346,48.279769045277064,0.7078173390025911,0.6854166666666667,0.0453850210970464,0.0,0.0,0.0,0.0,0.4999999996334814,0.0764570147679324,13.992827004219407,0.8525014478365186,0.7765047158103748,19.223133896704272,0.0210815777107423,8,6,2,0.0271228902953586,0.5427215189873418,81.22938010202922
/Users/kevin.kunkel/Documents/Dev/Uni/ca-friend-foe-analysis/frames/hans_westmar/frame_038488.png,62.73385416666667,51.27007485796966,0.8172632696858189,0.7211366033755274,0.046815664556962,0.0017866561181434,0.2706711923308533,0.0031645569620253,0.4357331790221546,0.499999211411313,0.0763515295358649,11.266277689873412,0.8116590655249442,0.7926464900306114,21.04018886264552,0.0203468334245749,3,9,10,0.0989253691983122,0.694620253164557,577.5985588030387
/Users/kevin.kunkel/Documents/Dev/Uni/ca-friend-foe-analysis/frames/hans_westmar/frame_038531.png,65.526569092827,51.77319053034013,0.7901098923397868,0.7103111814345991,0.0528810654008438,0.1445741033755274,2.708999392076398,0.4705893987341772,8.088149474092782,0.5000129530091634,0.0708597046413502,11.953889767932496,0.8091194051460247,0.7896290436005626,19.924230736273557,0.01982004300677,2,9,12,0.1155261075949367,0.6930379746835443,251.28330387443836
/Users/kevin.kunkel/Documents/Dev/Uni/ca-friend-foe-analysis/frames/hans_westmar/frame_038567.png,62.46465585443038,44.501432658991625,0.7124258027044381,0.7367286392405064,0.0331948839662447,0.0,0.0,0.0,0.0,0.4999999995997737,0.0659612341772152,14.750665875527424,0.8617631029204931,0.8083695809547448,18.887935781470727,0.0232588838271666,7,8,0,0.0,0.5,279.61888859498526
/Users/kevin.kunkel/Documents/Dev/Uni/ca-friend-foe-analysis/frames/hans_westmar/frame_038765.png,72.61071334388186,51.331737381445414,0.7069444018218858,0.6642009493670886,0.0663304324894514,0.0,0.0,0.0,0.0,0.4999999996556982,0.0693103902953586,28.49582674050633,0.82101653636138,0.8029876623645239,21.909245208388885,0.020008452033259,5,9,0,0.0,0.5,237.15978469225928
/Users/kevin.kunkel/Documents/Dev/Uni/ca-friend-foe-analysis/frames/hans_westmar/frame_039042.png,71.28175764767933,59.17671864028055,0.8301804067423847,0.6796413502109705,0.106612605485232,0.0,0.0,0.0,0.0,0.4999999996492791,0.0441785337552742,32.72185522151898,0.769765398775544,0.7574741974849011,16.213006868269787,0.0170969293841363,9,8,1,0.0672534282700422,0.2674050632911392,522.1723504034778
/Users/kevin.kunkel/Documents/Dev/Uni/ca-friend-foe-analysis/frames/hans_westmar/frame_039932.png,57.675487869198314,41.08612593832106,0.7123672011282015,0.7539095464135022,0.0073510021097046,0.0,0.0,0.0,0.0,0.4999999995665403,0.0508043248945147,19.512724156118143,0.8489605567965582,0.8682073715562174,15.964549165037605,0.0254586342346387,1,1,1,0.0841838080168776,0.5015822784810127,532.3772560862773
/Users/kevin.kunkel/Documents/Dev/Uni/ca-friend-foe-analysis/frames/hans_westmar/frame_040511.png,45.09339398734177,41.957193483985314,0.9304509969402188,0.8274195675105486,0.0073575949367088,0.0,0.0,0.0,0.0,0.4999999994455951,0.0227518459915611,22.65054061181435,0.8436184537105982,0.8508684950773558,11.292141378338782,0.0237020696148011,1,4,1,0.0100276898734177,0.1787974683544304,22.44511562766435
/Users/kevin.kunkel/Documents/Dev/Uni/ca-friend-foe-analysis/frames/hans_westmar/frame_040555.png,50.729647943037975,33.84104346489219,0.6670861078354448,0.844442246835443,0.001384493670886,0.0,0.0,0.0,0.0,0.4999999995071915,0.0472507911392405,16.695932225738403,0.8813367150657732,0.8788142735997353,15.841470640852874,0.030106372898393,1,0,0,0.0,0.5,34.16746804808569
/Users/kevin.kunkel/Documents/Dev/Uni/ca-friend-foe-analysis/frames/hans_westmar/frame_040586.png,51.171525580168776,39.69293285840073,0.7756839830512127,0.7745912447257384,0.0017932489451476,0.0,0.0,0.0,0.0,0.4999999995114471,0.0225342827004219,22.16357463080169,0.8451529018780508,0.875317851824274,10.764682914586247,0.025026466864273,1,2,3,0.0486286919831223,0.4430379746835443,12.479673631300194
/Users/kevin.kunkel/Documents/Dev/Uni/ca-friend-foe-analysis/frames/hans_westmar/frame_040618.png,43.187493407172994,34.9643373233451,0.8095940394766805,0.8881460970464135,0.0113198839662447,0.0,0.0,0.0,0.0,0.4999999994211287,0.0275448312236286,12.08054456751055,0.8692547261520642,0.893146924381567,10.613917679746374,0.0286041094338744,1,5,2,0.0353639240506329,0.560126582278481,21.49637037731558
/Users/kevin.kunkel/Documents/Dev/Uni/ca-friend-foe-analysis/frames/hans_westmar/frame_040666.png,43.42490770042194,27.9099633025088,0.6427178482630563,0.9120714662447258,0.0003823839662447,0.0,0.0,0.0,0.0,0.4999999994242936,0.0175435126582278,12.953125,0.9076848059899064,0.9002110738810292,9.79163446452842,0.0356101403833443,1,0,1,0.0110825421940928,0.865506329113924,14.26254761326874
/Users/kevin.kunkel/Documents/Dev/Uni/ca-friend-foe-analysis/frames/hans_westmar/frame_041181.png,31.628177742616035,30.08790172079085,0.9513005102763205,0.9367879746835444,0.003698575949367,0.0,0.0,0.0,0.0,0.4999999992095655,0.0204443565400843,8.759638713080168,0.8905174981384959,0.9045141474311243,9.361147457637632,0.0332236826923349,1,1,3,0.0517536919831223,0.5664556962025317,12.060496489595067
/Users/kevin.kunkel/Documents/Dev/Uni/ca-friend-foe-analysis/frames/hans_westmar/frame_041209.png,34.72769646624472,34.911758115872665,1.005300137003813,0.9220200421940928,0.0132647679324894,0.0,0.0,0.0,0.0,0.4999999992801135,0.0341838080168776,10.1332739978903,0.8742835794655415,0.8904205448001986,12.2709166873583,0.0307746735496395,1,3,1,0.0237341772151898,0.5664556962025317,575.3009251835875
/Users/kevin.kunkel/Documents/Dev/Uni/ca-friend-foe-analysis/frames/hans_westmar/frame_041248.png,34.98039293248945,32.90687614993058,0.9407234538321796,0.92145305907173,0.0100013185654008,0.0,0.0,0.0,0.0,0.4999999992853139,0.0295490506329113,12.347085970464136,0.9074492223049556,0.895713886820551,10.887567581198187,0.0332014669933409,1,2,1,0.0421940928270042,0.4620253164556962,586.5903160384048
/Users/kevin.kunkel/Documents/Dev/Uni/ca-friend-foe-analysis/frames/hans_westmar/frame_041328.png,38.9625,38.296474956142575,0.9829059957100282,0.8982726793248945,0.0190400843881856,0.0079377637130801,0.5841753431716223,0.0110759493670886,0.8151283858208682,0.4999952614910265,0.0460574894514767,10.10105485232068,0.8657681806899975,0.8771311119384463,14.636761269855718,0.0283592425175989,1,4,2,0.0353705168776371,0.5743670886075949,636.5813310128832
/Users/kevin.kunkel/Documents/Dev/Uni/ca-friend-foe-analysis/frames/hans_westmar/frame_041390.png,68.50479957805908,44.211656975424184,0.6453804285714075,0.7007713607594936,0.0245385021097046,0.0,0.0,0.0,0.0,0.4999999996350621,0.1110363924050632,14.919725738396622,0.8477274137503102,0.820129374534624,24.573604756440595,0.0247385587709679,1,5,0,0.0,0.5,635.3164879396522
/Users/kevin.kunkel/Documents/Dev/Uni/ca-friend-foe-analysis/frames/hans_westmar/frame_041471.png,76.7706355485232,60.02714248559874,0.7819023768465235,0.6377373417721519,0.1178467827004219,0.0,0.0,0.0,0.0,0.4999999996743546,0.0796215717299578,22.001516350210977,0.7606471829238024,0.7669154877140729,24.904977185601467,0.0172815106174925,4,11,3,0.057364187763713,0.8591772151898734,591.5346724644266
/Users/kevin.kunkel/Documents/Dev/Uni/ca-friend-foe-analysis/frames/hans_westmar/frame_041502.png,71.82490110759494,53.28538847493084,0.7418790360869486,0.639814082278481,0.0621044303797468,0.0002637130801687,0.0518633191488248,0.0036458333333333,0.7101629255988278,0.5000000684946112,0.0580564345991561,3.80023074894514,0.796284903201787,0.7680959398527343,21.950443955579946,0.0190501027680723,3,16,2,0.0433148734177215,0.7927215189873418,27.24626610877018
/Users/kevin.kunkel/Documents/Dev/Uni/ca-friend-foe-analysis/frames/hans_westmar/frame_041719.png,57.682707014767935,44.62349781777249,0.7736026974078679,0.7895899261603375,0.0345661919831223,0.0,0.0,0.0,0.0,0.4999999995665946,0.067490770042194,3.798015559071729,0.8516228696119799,0.830562536195913,19.58612463512154,0.0232895192860364,2,5,1,0.0245319092827004,0.7009493670886076,228.93303766614977
/Users/kevin.kunkel/Documents/Dev/Uni/ca-friend-foe-analysis/frames/hans_westmar/frame_041742.png,56.45489847046414,43.17916624121675,0.7648435713213213,0.7991363396624472,0.0305973101265822,0.0,0.0,0.0,0.0,0.4999999995571687,0.0519053270042194,7.158366297468355,0.8594479089103996,0.8346144101100356,16.67129501629206,0.0237873686223987,3,4,0,0.0,0.5,238.11168719929665
/Users/kevin.kunkel/Documents/Dev/Uni/ca-friend-foe-analysis/frames/hans_westmar/frame_041871.png,65.01527558016878,47.327402222154326,0.7279428061640955,0.740176687763713,0.0500329641350211,0.0,0.0,0.0,0.0,0.499999999615475,0.0638119725738396,-1.1654338080168785,0.8328517725655663,0.8052412199056838,19.609632014283697,0.0218871400159707,2,6,1,0.0380801687763713,0.6265822784810127,257.40251861254745
/Users/kevin.kunkel/Documents/Dev/Uni/ca-friend-foe-analysis/frames/hans_westmar/frame_041929.png,63.086346255274265,43.844372756786186,0.694989887508688,0.730920358649789,0.0159941983122362,0.0,0.0,0.0,0.0,0.4999999996037177,0.0512130801687763,-7.625534018987345,0.8087209915611815,0.827283393315132,18.38063395182684,0.0232948988899801,1,4,0,0.0,0.5,208.39924795406463
/Users/kevin.kunkel/Documents/Dev/Uni/ca-friend-foe-analysis/frames/hans_westmar/frame_041966.png,57.896340981012656,43.008199558079774,0.7428483174420238,0.7516943565400844,0.0052676687763713,0.0,0.0,0.0,0.0,0.4999999995681938,0.0508109177215189,-10.257179588607592,0.8168430441796972,0.8378995511706793,17.190244454634282,0.0237015010547114,1,3,0,0.0,0.5,219.9632092461336
/Users/kevin.kunkel/Documents/Dev/Uni/ca-friend-foe-analysis/frames/hans_westmar/frame_042045.png,66.62089926160337,47.74476679999878,0.7166634983543354,0.6858649789029536,0.0358847573839662,0.0,0.0,0.0,0.0,0.4999999996247424,0.0505801687763713,2.678441455696202,0.7942710143128981,0.7976026929759246,18.071900778026396,0.0215313519432381,5,4,1,0.0158293776371308,0.5838607594936709,375.5911789947127
/Users/kevin.kunkel/Documents/Dev/Uni/ca-friend-foe-analysis/frames/hans_westmar/frame_042275.png,50.357746571729955,41.22356305034198,0.8186141313881353,0.7705498417721519,0.0012394514767932,0.0,0.0,0.0,0.0,0.499999999503552,0.0128428270042194,3.8719211497890313,0.8704060664350128,0.8233880925788036,9.555320214584349,0.0239551353020144,1,0,2,0.0600210970464135,0.2879746835443038,12.738951638855822
/Users/kevin.kunkel/Documents/Dev/Uni/ca-friend-foe-analysis/frames/hans_westmar/frame_042299.png,51.34336761603375,41.43563258514213,0.807029893604007,0.7881724683544303,0.0057819092827004,0.0,0.0,0.0,0.0,0.4999999995130822,0.0191851265822784,-0.9392273206751014,0.8610796723752793,0.8368921154959874,11.509597884106318,0.0242653872001366,2,1,2,0.0618209388185654,0.3338607594936709,328.5171943547171
/Users/kevin.kunkel/Documents/Dev/Uni/ca-friend-foe-analysis/frames/hans_westmar/frame_042310.png,49.55761471518987,39.51940522585522,0.7974436496435692,0.7930247890295359,0.0037842827004219,0.0,0.0,0.0,0.0,0.4999999994955367,0.0190928270042194,6.492253428270047,0.8753770062877472,0.8418614523868619,10.79195416555623,0.0255201702847261,1,0,1,0.0522217827004219,0.3117088607594936,343.03935427438154
/Users/kevin.kunkel/Documents/Dev/Uni/ca-friend-foe-analysis/frames/hans_westmar/frame_042333.png,48.40712684599156,36.16251061013183,0.7470493064064471,0.8269185126582278,0.0017009493670886,0.0,0.0,0.0,0.0,0.4999999994835472,0.027195411392405,-8.659790348101268,0.8631750537767849,0.866220164226028,11.368644847161796,0.027541686424305,2,0,1,0.0171479430379746,0.1566455696202531,17.906099778940764
/Users/kevin.kunkel/Documents/Dev/Uni/ca-friend-foe-analysis/frames/hans_westmar/frame_042394.png,40.11683148734177,34.67625688559174,0.8643817448567719,0.8911787974683544,0.0076279008438818,0.0,0.0,0.0,0.0,0.4999999993768202,0.0175566983122362,1.0175566983122408,0.8830194113510383,0.8920459481260858,9.39149328015932,0.0286348904130166,1,2,0,0.0,0.5,22.721312406125357
/Users/kevin.kunkel/Documents/Dev/Uni/ca-friend-foe-analysis/frames/hans_westmar/frame_042448.png,49.62739978902954,33.95524656505612,0.6842036181823451,0.831309335443038,0.0030722573839662,0.0,0.0,0.0,0.0,0.4999999994962461,0.0259098101265822,8.565559071729957,0.8684345784727393,0.8767018284106891,10.872341167045182,0.0293833666815812,1,1,2,0.0217892932489451,0.189873417721519,27.331123021377476
/Users/kevin.kunkel/Documents/Dev/Uni/ca-friend-foe-analysis/frames/hans_westmar/frame_042570.png,29.244086234177217,19.970401719878424,0.6828868404939448,0.9684862869198312,0.0,0.0,0.0,0.0,0.0,0.4999999991451263,0.0083333333333333,3.70757515822785,0.9406474414660378,0.9257990506329112,5.609060513357292,0.0491489986977319,1,0,0,0.0,0.5,33.06748465002648
/Users/kevin.kunkel/Documents/Dev/Uni/ca-friend-foe-analysis/frames/hans_westmar/frame_044344.png,48.58789556962025,44.56922241418542,0.9172906502730572,0.7918908227848102,0.016917194092827,0.0,0.0,0.0,0.0,0.4999999994854686,0.0359309071729957,18.619040084388185,0.8602277240009928,0.826254550343344,12.372662629948008,0.0224229606962802,1,3,0,0.0,0.5,47.2471426307017
/Users/kevin.kunkel/Documents/Dev/Uni/ca-friend-foe-analysis/frames/hans_westmar/frame_045436.png,63.02360891350211,49.62735133875064,0.7874406451099702,0.7246901371308017,0.0309994725738396,0.0,0.0,0.0,0.0,0.4999999996033232,0.0473035337552742,14.4542128164557,0.8637580148092993,0.8268459398527344,16.159282726571256,0.0204023170030873,2,5,1,0.027854694092827,0.235759493670886,91.242513043403
/Users/kevin.kunkel/Documents/Dev/Uni/ca-friend-foe-analysis/frames/hans_westmar/frame_047037.png,38.21161656118144,30.738265909292256,0.8044220212362478,0.9239253691983124,0.0132845464135021,0.213884493670886,3.707739332128503,1.0268393987341773,11.57219750615064,0.5000060805256821,0.0314214135021097,-1.010192510548528,0.9121150823198476,0.9165715231240176,11.802030958106135,0.037032322359773,1,1,1,0.0672534282700422,0.6091772151898734,582.082555206599
/Users/kevin.kunkel/Documents/Dev/Uni/ca-friend-foe-analysis/frames/hans_westmar/frame_047157.png,64.13276635021097,60.35984952166205,0.9411702139579774,0.7658557489451476,0.1261603375527426,0.0,0.0,0.0,0.0,0.4999999996101837,0.0266943565400843,44.12292985232068,0.7958659096550013,0.8710719161082154,11.686343400885516,0.0166509693157198,2,4,0,0.0,0.5,272.2318234710737
/Users/kevin.kunkel/Documents/Dev/Uni/ca-friend-foe-analysis/frames/hans_westmar/frame_048220.png,29.432641086497892,15.586465096723211,0.5295639286315033,0.98395305907173,0.002136075949367,0.0,0.0,0.0,0.0,0.4999999991506029,0.0076740506329113,3.663851529535865,0.972391463969554,0.9734905787209398,3.655223524169568,0.0675892321777787,1,0,0,0.0,0.5,204.09643322550244
/Users/kevin.kunkel/Documents/Dev/Uni/ca-friend-foe-analysis/frames/hans_westmar/frame_048619.png,47.755465453586496,36.65432404303499,0.7675419686131026,0.8653283227848101,0.016317246835443,0.0,0.0,0.0,0.0,0.4999999994764997,0.0299050632911392,9.062282436708864,0.8844375672209812,0.8752915839331513,11.25770164941275,0.0279438396324866,2,3,1,0.0237341772151898,0.1930379746835443,274.6637577181992
/Users/kevin.kunkel/Documents/Dev/Uni/ca-friend-foe-analysis/frames/hans_westmar/frame_048748.png,54.767721518987344,49.259254011596525,0.8994212750767215,0.7863001054852321,0.0499538502109704,0.0,0.0,0.0,0.0,0.4999999995435267,0.0319554324894514,19.51115506329114,0.8712764747249111,0.8332859683957972,13.44860613315574,0.0208542473029493,1,6,1,0.0841838080168776,0.3908227848101265,508.4136873799226
/Users/kevin.kunkel/Documents/Dev/Uni/ca-friend-foe-analysis/frames/hans_westmar/frame_049008.png,44.20352056962025,37.947996050809536,0.8584835659230657,0.8869462025316456,0.0228902953586497,0.0,0.0,0.0,0.0,0.4999999994344342,0.0213080168776371,-10.015493143459912,0.8729777860511293,0.8802190369818814,10.195317104751862,0.0272068675867286,1,2,1,0.0401107594936708,0.2531645569620253,303.6140190794384
/Users/kevin.kunkel/Documents/Dev/Uni/ca-friend-foe-analysis/frames/hans_westmar/frame_050307.png,64.84130406118143,43.75467297452286,0.6747963129451905,0.8230748945147679,0.0680050105485232,0.2959124472573839,3.143131225979425,2.608840981012658,18.941049374986125,0.5000821364572893,0.0270965189873417,25.212809862869207,0.8619763485563001,0.856868277901878,10.26497066710366,0.0233761538553906,1,2,0,0.0,0.5,479.7681818532537
/Users/kevin.kunkel/Documents/Dev/Uni/ca-friend-foe-analysis/frames/hans_westmar/frame_050364.png,135.53169831223627,58.59029315932361,0.4322995568248104,0.2684401371308016,0.3113198839662447,0.0,0.0,0.0,0.0,0.4999999998155413,0.0212618670886075,-8.320015822784796,0.7941451559526764,0.7748793124844875,12.538945540417204,0.0170900608817824,7,4,0,0.0,0.5,208.49718096876427
/Users/kevin.kunkel/Documents/Dev/Uni/ca-friend-foe-analysis/frames/hans_westmar/frame_050408.png,126.78637921940928,59.01466857204595,0.4654653669332413,0.3302808544303797,0.2652558016877637,0.0,0.0,0.0,0.0,0.4999999998028179,0.0186181434599156,-18.676094409282697,0.7972764126747746,0.7730530735500951,12.166277145090746,0.0169594464300872,5,7,1,0.0185192510548523,0.3338607594936709,226.63310882468295
/Users/kevin.kunkel/Documents/Dev/Uni/ca-friend-foe-analysis/frames/hans_westmar/frame_050943.png,109.35477979957804,53.43976922505904,0.4886825182596818,0.3780392932489451,0.170193829113924,0.008834388185654,0.3123698243618981,0.0901305379746835,3.327283036329478,0.4999986734307632,0.0289754746835443,-5.79441587552742,0.7988832526681559,0.7963947319434103,13.647283717022336,0.0189516618184939,4,4,0,0.0,0.5,327.9761663542574
/Users/kevin.kunkel/Documents/Dev/Uni/ca-friend-foe-analysis/frames/hans_westmar/frame_050958.png,111.88826476793248,53.41587619904154,0.4774037407952574,0.352195411392405,0.179028217299578,0.0,0.0,0.0,0.0,0.4999999997765628,0.0187961497890295,-8.036893459915603,0.8163992305783072,0.7911800901795317,11.972847278123952,0.0186900576177193,4,6,0,0.0,0.5,130.64301561857866
/Users/kevin.kunkel/Documents/Dev/Uni/ca-friend-foe-analysis/frames/hans_westmar/frame_051038.png,112.69334783755274,58.004782767390786,0.5147134576171545,0.3855155590717299,0.2524854957805907,0.0,0.0,0.0,0.0,0.499999999778159,0.1166402953586498,12.826087816455695,0.8262228530652768,0.7099800922478696,23.444127257832044,0.0177050083419564,16,20,0,0.0,0.5,269.63894341789427
/Users/kevin.kunkel/Documents/Dev/Uni/ca-friend-foe-analysis/frames/hans_westmar/frame_051549.png,92.1660930907173,46.59092491171988,0.5055104680992639,0.4960970464135021,0.0528415084388185,0.115895305907173,4.965212365764471,0.055379746835443,1.8220093012295588,0.4999924352025408,0.051925105485232,23.55637526371308,0.8143472842723587,0.8229056527674361,17.86492211920892,0.021605401649101,8,9,0,0.0,0.5,42.70259556839193
/Users/kevin.kunkel/Documents/Dev/Uni/ca-friend-foe-analysis/frames/hans_westmar/frame_051799.png,121.8371769514768,51.909315435699696,0.4260548109528815,0.2518987341772152,0.186418776371308,0.0252637130801687,0.4043636377723122,0.2373417721518987,3.766188419649994,0.4999694400482155,0.0876120780590717,16.2179654535865,0.8307661640605609,0.805598008190618,22.335457748105064,0.0196205669662713,27,27,1,0.0390888713080168,0.694620253164557,35.558830644584184
/Users/kevin.kunkel/Documents/Dev/Uni/ca-friend-foe-analysis/frames/hans_westmar/frame_052107.png,99.8767141350211,73.35696468567299,0.7344751501641897,0.4988989978902953,0.2354957805907173,0.0,0.0,0.0,0.0,0.4999999997496914,0.0503296413502109,34.334704641350214,0.7025875941093738,0.7263448332919665,18.14719462069199,0.0137866511487555,9,10,0,0.0,0.5,292.10077086337435
/Users/kevin.kunkel/Documents/Dev/Uni/ca-friend-foe-analysis/frames/hans_westmar/frame_052251.png,93.48897020042196,45.33495573701219,0.4849230405611557,0.4453454641350211,0.0327136075949367,0.0,0.0,0.0,0.0,0.4999999997325888,0.0510284810126582,15.839616297468352,0.8275436936377927,0.8075896107388103,18.045874180103617,0.0222366981708836,11,8,1,0.0421940928270042,0.2120253164556962,33.19740793495587
/Users/kevin.kunkel/Documents/Dev/Uni/ca-friend-foe-analysis/frames/hans_westmar/frame_052460.png,91.1176424050633,47.977212307207466,0.5265414138051414,0.5172270569620253,0.06292194092827,0.0,0.0,0.0,0.0,0.4999999997256294,0.0551819620253164,18.287394514767925,0.8247310126582279,0.8141664598328783,17.502231538709996,0.020947788478725,5,8,1,0.0522217827004219,0.3022151898734177,52.56204062204653
/Users/kevin.kunkel/Documents/Dev/Uni/ca-friend-foe-analysis/frames/hans_westmar/frame_052704.png,48.368163238396626,23.82455315852348,0.4925668355823339,0.9515427215189872,0.0058214662447257,0.0,0.0,0.0,0.0,0.4999999994831311,0.0254549050632911,0.7301226265822791,0.9395581513195996,0.9214902891536362,10.388240711563956,0.0468426514565021,1,0,0,0.0,0.5,293.5000428557949
/Users/kevin.kunkel/Documents/Dev/Uni/ca-friend-foe-analysis/frames/hans_westmar/frame_052747.png,51.23154667721519,23.893608247645787,0.4663846741061558,0.940262394514768,0.0059731012658227,0.0,0.0,0.0,0.0,0.4999999995120194,0.0258241033755274,1.2247560654008396,0.941861555803756,0.9224271427980476,10.431419455304196,0.0465547921779922,1,0,0,0.0,0.5,296.9339684810426
/Users/kevin.kunkel/Documents/Dev/Uni/ca-friend-foe-analysis/frames/hans_westmar/frame_052875.png,86.1273404535865,49.95057957272865,0.5799619406760914,0.4960508966244725,0.0592629219409282,1.2717365506329117,8.987072009738853,5.600890031645569,17.627102487011033,0.4990726290978898,0.0707212552742616,2.836662710970458,0.809271479688922,0.8111437391412262,20.057730561323396,0.0205264493031949,11,8,0,0.0,0.5,63.68352446565127
/Users/kevin.kunkel/Documents/Dev/Uni/ca-friend-foe-analysis/frames/hans_westmar/frame_052925.png,68.3582805907173,49.367382817849865,0.722185846674662,0.6745516877637131,0.045523470464135,0.7630340189873418,11.144666792460956,1.5332278481012658,9.467992567164528,0.4996862805367688,0.0555445675105485,-3.686313291139242,0.8021871638950939,0.8450548109539174,16.60492031945062,0.0205672383974206,8,10,0,0.0,0.5,67.94144379597307
/Users/kevin.kunkel/Documents/Dev/Uni/ca-friend-foe-analysis/frames/hans_westmar/frame_052953.png,52.46318565400844,33.62166630815374,0.6408620792835648,0.8478639240506329,0.0055643459915611,0.0,0.0,0.0,0.0,0.4999999995234754,0.0184533227848101,21.6503164556962,0.8914067800115827,0.898958695292463,9.230511343911768,0.029565287909669,1,1,0,0.0,0.5,34.747054956368935
/Users/kevin.kunkel/Documents/Dev/Uni/ca-friend-foe-analysis/frames/hans_westmar/frame_053213.png,83.67795358649789,46.234661662665346,0.5525309788989938,0.5740770042194093,0.0342497362869198,0.0421545358649789,0.5202673965206541,0.9415150316455696,11.444926999932898,0.5000227483752684,0.0442180907172995,-4.3967035864978925,0.8142044138330438,0.8112752337221809,16.97669007914081,0.0217439362965376,6,7,1,0.0178270042194092,0.3670886075949367,17.817953490555716
/Users/kevin.kunkel/Documents/Dev/Uni/ca-friend-foe-analysis/frames/hans_westmar/frame_053346.png,75.55350738396625,42.62878768993375,0.5642198371661344,0.7116363396624472,0.0494330168776371,0.0,0.0,0.0,0.0,0.4999999996691087,0.0496637658227848,-21.065849156118148,0.859179800612228,0.8568514726565732,15.223543629524734,0.023670631804456,6,5,0,0.0,0.5,58.34005640809617
/Users/kevin.kunkel/Documents/Dev/Uni/ca-friend-foe-analysis/frames/hans_westmar/frame_053390.png,73.41616561181435,44.40369533081278,0.6048217705227721,0.7409612341772152,0.0559335443037974,0.0,0.0,0.0,0.0,0.4999999996594755,0.0391020569620253,-19.060258438818572,0.86280601058989,0.8381716927277241,14.09766017662582,0.0225294524010178,7,5,0,0.0,0.5,46.4414298125925
/Users/kevin.kunkel/Documents/Dev/Uni/ca-friend-foe-analysis/frames/hans_westmar/frame_053613.png,84.49316323839662,43.46932639488373,0.5144715226341842,0.5043908227848102,0.0348892405063291,0.0,0.0,0.0,0.0,0.499999999704118,0.043842299578059,12.887031909282712,0.822190007859684,0.8426284954910234,16.98081373921902,0.0231236088919818,9,3,0,0.0,0.5,12.731756086811483
/Users/kevin.kunkel/Documents/Dev/Uni/ca-friend-foe-analysis/frames/hans_westmar/frame_053742.png,116.03543644514768,75.8729947343922,0.6538777893499037,0.4714596518987342,0.3967629219409282,0.0,0.0,0.0,0.0,0.4999999997845485,0.0148338607594936,15.834131065400854,0.8379270600645321,0.5729981074708365,10.536640334264815,0.0131060237114004,4,2,3,0.0468618143459915,0.3544303797468354,34.117601918250564
/Users/kevin.kunkel/Documents/Dev/Uni/ca-friend-foe-analysis/frames/hans_westmar/frame_054035.png,97.02325949367088,44.41993430830082,0.4578276847668233,0.3831421413502109,0.0475210970464135,0.0,0.0,0.0,0.0,0.4999999997423298,0.0559862869198312,10.789293248945144,0.8205430421113593,0.8346533465706958,18.869983172885775,0.0227604033119214,15,4,0,0.0,0.5,19.98721523569275
/Users/kevin.kunkel/Documents/Dev/Uni/ca-friend-foe-analysis/frames/hans_westmar/frame_054219.png,105.26335047468356,46.04468565039311,0.4374237129923464,0.3349881329113924,0.0676424050632911,0.0,0.0,0.0,0.0,0.4999999997625004,0.0539095464135021,9.811042985232064,0.7993353913295276,0.8322592971787871,19.06655446474824,0.0219317333409639,17,7,1,0.0214200949367088,0.3591772151898734,17.638134629469874
/Users/kevin.kunkel/Documents/Dev/Uni/ca-friend-foe-analysis/frames/hans_westmar/frame_054721.png,84.68176424050633,55.89126965812425,0.6600154129215451,0.6012064873417722,0.1219804852320675,0.0,0.0,0.0,0.0,0.4999999997047771,0.0788963607594936,32.94392141350211,0.8240825887316953,0.7734330272193266,22.509212245901917,0.0181836014002554,10,22,1,0.0313884493670886,0.5996835443037974,88.25320910555705
/Users/kevin.kunkel/Documents/Dev/Uni/ca-friend-foe-analysis/frames/hans_westmar/frame_055000.png,58.52160469409283,39.813511345564,0.6803215920965786,0.8602254746835443,0.0388383438818565,0.0,0.0,0.0,0.0,0.4999999995728074,0.0349287974683544,6.330294040084382,0.8451945788864069,0.8416634090344999,13.49267813730487,0.0253330278764744,1,6,0,0.0,0.5,52.65446813042297
/Users/kevin.kunkel/Documents/Dev/Uni/ca-friend-foe-analysis/frames/hans_westmar/frame_055203.png,77.69364451476794,59.01262459875825,0.7595553650670314,0.6712486814345991,0.1448971518987341,0.0,0.0,0.0,0.0,0.4999999996782234,0.0287908755274261,-4.69425105485233,0.8096064987176305,0.7196643087614794,13.825277887288514,0.0168998928808602,3,8,0,0.0,0.5,47.42384572187106
/Users/kevin.kunkel/Documents/Dev/Uni/ca-friend-foe-analysis/frames/hans_westmar/frame_055222.png,90.49382252109704,63.24073007755135,0.698840299214058,0.543901635021097,0.1791666666666666,0.0,0.0,0.0,0.0,0.499999999723738,0.0376648206751054,15.38196861814346,0.8593655890626293,0.6528235397534541,13.742639668142887,0.015765388951876,4,6,0,0.0,0.5,61.2116280170718
/Users/kevin.kunkel/Documents/Dev/Uni/ca-friend-foe-analysis/frames/hans_westmar/frame_055291.png,91.97018723628692,62.70224541077895,0.6817670728614438,0.5619725738396625,0.1882911392405063,0.0071993670886075,0.5723967527259785,0.0094936708860759,0.754672195974957,0.4999982793027526,0.0366033755274261,12.927360232067514,0.8716367791842475,0.6320535492678083,14.256625259950486,0.0159087153918869,6,6,0,0.0,0.5,44.96084094057502
/Users/kevin.kunkel/Documents/Dev/Uni/ca-friend-foe-analysis/frames/hans_westmar/frame_055406.png,83.39842431434599,55.59734028938347,0.6666473698970715,0.6484111286919831,0.1015625,0.0,0.0,0.0,0.0,0.4999999997002342,0.0305379746835443,-20.328012921940925,0.8645718023496318,0.720004498634897,13.809671069453596,0.01792111967117,4,6,1,0.0151898734177215,0.7974683544303798,41.17594845077848
/Users/kevin.kunkel/Documents/Dev/Uni/ca-friend-foe-analysis/frames/hans_westmar/frame_055486.png,77.82258702531645,55.125723192011925,0.7083512027587039,0.5998879219409282,0.0663897679324894,1.2543776371308015,7.146059028147018,2.2848101265822787,11.483390191071791,0.4995879077048807,0.048167194092827,17.05193829113925,0.8171128071481757,0.7231232936212459,18.14656398575405,0.0182335546834904,8,10,0,0.0,0.5,66.99490468008794
/Users/kevin.kunkel/Documents/Dev/Uni/ca-friend-foe-analysis/frames/hans_westmar/frame_055635.png,60.928586497890294,45.52479650521981,0.7471828750216921,0.7530458860759494,0.0295490506329113,0.0,0.0,0.0,0.0,0.4999999995896836,0.0395305907172995,-7.470200421940923,0.8470610987010838,0.8032872093985274,15.107700747258283,0.0220407629125526,7,5,1,0.0100276898734177,0.1123417721518987,54.12593263847062
/Users/kevin.kunkel/Documents/Dev/Uni/ca-friend-foe-analysis/frames/hans_westmar/frame_055852.png,121.42163106540085,66.40079200967878,0.5468613077617732,0.3480353375527426,0.2890163502109704,0.0,0.0,0.0,0.0,0.4999999997941058,0.0658030063291139,7.762888976793249,0.7696345764044015,0.7328822805493505,23.71887923354591,0.0153065493876276,16,11,0,0.0,0.5,76.25497197464455
/Users/kevin.kunkel/Documents/Dev/Uni/ca-friend-foe-analysis/frames/hans_westmar/frame_055882.png,115.04055247890297,68.66931127844789,0.5969139554623543,0.4126318565400844,0.2706223628691983,0.0,0.0,0.0,0.0,0.4999999997826853,0.0697389240506329,21.538772415611817,0.7776269442376107,0.6778531169851907,25.187640028882026,0.0148157897325145,12,15,0,0.0,0.5,96.5159901923426
/Users/kevin.kunkel/Documents/Dev/Uni/ca-friend-foe-analysis/frames/hans_westmar/frame_056007.png,57.592536919831225,41.053209075790626,0.7128216814212317,0.7745055379746836,0.0136801160337552,0.0,0.0,0.0,0.0,0.499999999565916,0.0314807489451476,15.312631856540088,0.8851517125837677,0.8162153553404484,13.734459962826424,0.0243601111261143,2,2,0,0.0,0.5,31.621319356469428
/Users/kevin.kunkel/Documents/Dev/Uni/ca-friend-foe-analysis/frames/hans_westmar/frame_056829.png,162.2790479957806,57.897406889390375,0.3567768456172979,0.0959717827004219,0.4526700949367088,0.0,0.0,0.0,0.0,0.4999999998459443,0.046334388185654,0.2476133966244731,0.8713339745180773,0.7752184164805163,15.430913114593018,0.0173586402669151,8,11,0,0.0,0.5,74.41486431711179
/Users/kevin.kunkel/Documents/Dev/Uni/ca-friend-foe-analysis/frames/hans_westmar/frame_057004.png,138.39646624472573,63.82787138689975,0.4611958171526843,0.2651173523206751,0.4484375,0.3153678797468354,2.473855083862313,1.0569620253164558,7.893069922154894,0.4998838218951753,0.0405392932489451,-54.93810654008438,0.9024793166211632,0.788213886820551,16.74329550790623,0.015903641896623,4,7,2,0.0304918248945147,0.4794303797468354,554.3589524658541
/Users/kevin.kunkel/Documents/Dev/Uni/ca-friend-foe-analysis/frames/hans_westmar/frame_057898.png,109.82459783755274,46.35766465672415,0.4221063908022093,0.3288699894514768,0.1017932489451476,0.0,0.0,0.0,0.0,0.4999999997723643,0.0566323839662447,3.747844145569616,0.8324114234301315,0.8059283217506412,18.782474952771512,0.0218175331171296,17,26,0,0.0,0.5,30.67322231551183
/Users/kevin.kunkel/Documents/Dev/Uni/ca-friend-foe-analysis/frames/hans_westmar/frame_058137.png,146.74683544303798,58.23995531461944,0.3968736708979241,0.1304786392405063,0.3269119198312236,0.0,0.0,0.0,0.0,0.4999999998296385,0.0647217827004219,-2.820490506329122,0.8942236493753619,0.74291625299909,17.534480302479228,0.0173544685924233,18,13,0,0.0,0.5,96.27460971935366
/Users/kevin.kunkel/Documents/Dev/Uni/ca-friend-foe-analysis/frames/hans_westmar/frame_058212.png,118.54418512658228,61.55835056221383,0.5192861247858999,0.3427083333333333,0.2757383966244726,0.0,0.0,0.0,0.0,0.4999999997891082,0.077254746835443,-4.551226265822791,0.8300991768015223,0.7095076321667908,22.13690359942324,0.0165512391158924,10,11,0,0.0,0.5,252.6478560758146
/Users/kevin.kunkel/Documents/Dev/Uni/ca-friend-foe-analysis/frames/hans_westmar/frame_058285.png,125.29369066455696,63.917303423755584,0.5101398405117179,0.3353111814345991,0.3712552742616034,0.0,0.0,0.0,0.0,0.4999999998004688,0.0409084915611814,-56.85297336497891,0.8959334925953504,0.7898988065690411,16.790569930883365,0.0158393771727874,3,10,1,0.020675105485232,0.4620253164556962,546.1786114495018
/Users/kevin.kunkel/Documents/Dev/Uni/ca-friend-foe-analysis/frames/hans_westmar/frame_058623.png,124.39450158227848,63.38495289516808,0.5095478661674485,0.3107331223628692,0.3225210970464135,0.0,0.0,0.0,0.0,0.4999999997990265,0.0438357067510548,3.1688950421940945,0.8029620666832133,0.7338775130305286,18.18777722119877,0.0157874246786298,4,11,0,0.0,0.5,22.05966097309906
/Users/kevin.kunkel/Documents/Dev/Uni/ca-friend-foe-analysis/frames/hans_westmar/frame_058796.png,160.12666798523207,58.87476805117933,0.3676762200524994,0.0966244725738396,0.4416205168776371,0.0,0.0,0.0,0.0,0.4999999998438735,0.0674314345991561,3.715288765822777,0.8920134752213121,0.747454444858112,18.040092448313672,0.0171975507559069,8,17,0,0.0,0.5,134.98739782537965
/Users/kevin.kunkel/Documents/Dev/Uni/ca-friend-foe-analysis/frames/hans_westmar/frame_059462.png,95.48515295358648,44.43351764755607,0.4653447811160744,0.4466376582278481,0.0711300105485232,0.0,0.0,0.0,0.0,0.4999999997381792,0.051292194092827,4.2651371308016905,0.8251109663274593,0.8341564283941425,16.30160697453857,0.0230784486391773,11,8,1,0.0199433016877637,0.2294303797468354,254.07670659989927
/Users/kevin.kunkel/Documents/Dev/Uni/ca-friend-foe-analysis/frames/hans_westmar/frame_062293.png,95.14115901898734,41.90928162867217,0.4404958066178145,0.4247494725738396,0.0530788502109704,0.0,0.0,0.0,0.0,0.4999999997372326,0.0221123417721519,17.170998154008444,0.8481157958964176,0.8489987693389592,11.384067132525042,0.0236986836206789,9,5,1,0.0361023206751054,0.4113924050632911,18.900998334049252
/Users/kevin.kunkel/Documents/Dev/Uni/ca-friend-foe-analysis/frames/hans_westmar/frame_062730.png,107.68637921940928,44.87608415320808,0.4167294363208259,0.3189345991561181,0.1070477320675105,0.0,0.0,0.0,0.0,0.4999999997678443,0.0380010548523206,23.352122890295348,0.8517215810374783,0.8411962232150244,14.463159887751363,0.0224042778267008,14,9,1,0.0510548523206751,0.2974683544303797,136.2072040961182
/Users/kevin.kunkel/Documents/Dev/Uni/ca-friend-foe-analysis/frames/hans_westmar/frame_063782.png,77.05460838607596,48.26472515016319,0.6263703897591641,0.6180379746835443,0.0410007911392405,0.0,0.0,0.0,0.0,0.4999999996755548,0.0325619725738396,47.769257647679325,0.8369253640274675,0.8632985335484404,14.333327245030366,0.0211799717744026,1,5,1,0.0295952004219409,0.3401898734177215,517.9137126823944
/Users/kevin.kunkel/Documents/Dev/Uni/ca-friend-foe-analysis/frames/hans_westmar/frame_064221.png,116.99774525316457,55.156023854969426,0.47142809195577,0.2718090717299578,0.1791996308016877,0.0,0.0,0.0,0.0,0.4999999997863207,0.0702202004219409,7.502492088607596,0.7925142715313973,0.7615097832381899,19.66436427232762,0.018651822883883,17,5,0,0.0,0.5,449.59095270570936
/Users/kevin.kunkel/Documents/Dev/Uni/ca-friend-foe-analysis/frames/hans_westmar/frame_065720.png,76.66970595991562,69.81152149715639,0.9105489649666884,0.5670820147679325,0.1344738924050633,0.0,0.0,0.0,0.0,0.499999999673926,0.0398206751054852,14.241185390295357,0.8571842165136097,0.6025441073053694,16.532943330804848,0.0144422863488476,1,5,1,0.027854694092827,0.4794303797468354,275.2786844537486
/Users/kevin.kunkel/Documents/Dev/Uni/ca-friend-foe-analysis/frames/hans_westmar/frame_065753.png,78.36426687763714,69.39482466233429,0.8855416803954479,0.5606144514767932,0.1341112869198312,0.0,0.0,0.0,0.0,0.4999999996809771,0.0372428797468354,15.83093354430379,0.8448536650947299,0.607723380491437,16.611160751353342,0.0145302614482177,1,6,0,0.0,0.5,282.3551194262464
/Users/kevin.kunkel/Documents/Dev/Uni/ca-friend-foe-analysis/frames/hans_westmar/frame_065787.png,120.90928270042194,54.17259686764348,0.4480433231670317,0.2452070147679325,0.2177544831223628,0.0,0.0,0.0,0.0,0.4999999997932334,0.0351463607594936,19.008306962025316,0.8248947216017208,0.8396338007776951,15.632738110206658,0.0184853197945687,7,11,0,0.0,0.5,12.67474215403318
/Users/kevin.kunkel/Documents/Dev/Uni/ca-friend-foe-analysis/frames/hans_westmar/frame_068072.png,142.2301292194093,63.935892882360974,0.4495242547293109,0.1925566983122363,0.436300105485232,0.0,0.0,0.0,0.0,0.4999999998242285,0.027254746835443,24.548088080168753,0.8088897162240424,0.7860138992305783,13.817166738063172,0.0157739884070156,4,3,0,0.0,0.5,475.9233765667331
/Users/kevin.kunkel/Documents/Dev/Uni/ca-friend-foe-analysis/frames/hans_westmar/frame_068727.png,48.98662315400844,49.777983210079384,1.016154613310812,0.820193829113924,0.0507911392405063,0.0,0.0,0.0,0.0,0.4999999994896566,0.0341376582278481,23.225534018987332,0.8358091854885414,0.8159615185736742,14.772225719108826,0.0203009764257085,1,5,0,0.0,0.5,277.15119137171405
/Users/kevin.kunkel/Documents/Dev/Uni/ca-friend-foe-analysis/frames/hans_westmar/frame_070422.png,60.1185917721519,59.3414531463378,0.9870732380514372,0.7417128164556962,0.099400052742616,0.0,0.0,0.0,0.0,0.4999999995841553,0.0352122890295358,-5.523074894514771,0.808266215769008,0.7440187805079839,15.891849360774094,0.0169308989957573,1,8,1,0.0214200949367088,0.3465189873417721,147.79548526894752
/Users/kevin.kunkel/Documents/Dev/Uni/ca-friend-foe-analysis/frames/hans_westmar/frame_070528.png,88.24138976793249,49.27086303344103,0.5583645396699083,0.3926028481012658,0.0384823312236286,0.0,0.0,0.0,0.0,0.4999999997166862,0.0231606012658227,9.962513185654004,0.8463751344419624,0.8067968685364442,11.475236194250444,0.0202887386984585,3,4,0,0.0,0.5,119.03777417369716
/Users/kevin.kunkel/Documents/Dev/Uni/ca-friend-foe-analysis/frames/hans_westmar/frame_070743.png,73.60869593881857,61.598372916436496,0.8368355402458392,0.6631263185654008,0.1289227320675105,0.0,0.0,0.0,0.0,0.4999999996603662,0.0437631856540084,-8.82428138185655,0.8155916997600727,0.7284718602630926,18.262381107252832,0.0163019647147278,1,13,0,0.0,0.5,49.183733523842946
/Users/kevin.kunkel/Documents/Dev/Uni/ca-friend-foe-analysis/frames/hans_westmar/frame_070823.png,58.77782832278481,40.73167801752686,0.6929769117114492,0.656039029535865,0.0036458333333333,0.0,0.0,0.0,0.0,0.4999999995746695,0.0302544831223628,-3.5437038502109743,0.85589615909655,0.806230299081658,12.444897257697985,0.0244876241457079,1,1,0,0.0,0.5,20.70836295591632
/Users/kevin.kunkel/Documents/Dev/Uni/ca-friend-foe-analysis/frames/hans_westmar/frame_071126.png,72.03942510548524,56.39912068290176,0.7828924303883454,0.6612012130801688,0.1001977848101265,0.0,0.0,0.0,0.0,0.4999999996529678,0.0537974683544303,19.302320675105477,0.7913054314552825,0.7635270331761397,19.62486819990822,0.0180921389497541,5,9,2,0.0410337552742616,0.6455696202531646,240.2011020334948
/Users/kevin.kunkel/Documents/Dev/Uni/ca-friend-foe-analysis/frames/hans_westmar/frame_071464.png,53.17792062236287,39.83929259266263,0.7491698067824047,0.7937631856540084,0.021334388185654,0.0,0.0,0.0,0.0,0.4999999995298801,0.0370187236286919,3.154753428270041,0.8615574067179614,0.8458617212707868,13.882168173090824,0.0258500599921621,1,3,1,0.010548523206751,0.4177215189873418,241.45036439913727
/Users/kevin.kunkel/Documents/Dev/Uni/ca-friend-foe-analysis/frames/hans_westmar/frame_071854.png,64.74469277426161,53.91890778759715,0.8327927030607926,0.6589926160337553,0.0342035864978902,0.0,0.0,0.0,0.0,0.499999999613868,0.0698575949367088,14.669811445147673,0.8558279039463887,0.7464946326631918,22.83487712738675,0.0189659869304138,1,6,0,0.0,0.5,59.698259570011054
/Users/kevin.kunkel/Documents/Dev/Uni/ca-friend-foe-analysis/frames/hans_westmar/frame_071900.png,73.06788633966245,56.65374953459703,0.7753577158876797,0.5982726793248945,0.0427676687763713,0.0,0.0,0.0,0.0,0.4999999996578524,0.0679720464135021,1.1967233649788938,0.7940883283693224,0.7545088214610739,22.08933080160418,0.0179326750105111,1,11,0,0.0,0.5,53.62175740701122
/Users/kevin.kunkel/Documents/Dev/Uni/ca-friend-foe-analysis/frames/hans_westmar/frame_071944.png,34.06913238396624,39.03813734597803,1.1458506424943555,0.8999934071729958,0.0283623417721518,0.0,0.0,0.0,0.0,0.499999999266198,0.008834388185654,13.066627109704648,0.917771676181021,0.8582677670224208,6.3785714289266044,0.0252567567382899,2,2,2,0.0914820675105485,0.5664556962025317,21.678131275236208
/Users/kevin.kunkel/Documents/Dev/Uni/ca-friend-foe-analysis/frames/hans_westmar/frame_072112.png,33.876819620253166,28.6889291856227,0.8468601664066802,0.9214332805907172,0.0,0.0,0.0,0.0,0.0,0.4999999992620323,0.0056830168776371,24.749314345991557,0.94042194092827,0.9311572350459172,6.20048954670988,0.0340861606538494,1,0,1,0.1348167194092827,0.4636075949367088,13.9311783300306
/Users/kevin.kunkel/Documents/Dev/Uni/ca-friend-foe-analysis/frames/hans_westmar/frame_072148.png,32.99392141350211,27.673296079413586,0.8387392225591868,0.9289754746835444,0.0,0.0,0.0,0.0,0.0,0.4999999992422847,0.0067378691983122,22.02912710970465,0.9253590634566062,0.9327850169603706,6.373011209278705,0.035336162633629,1,0,1,0.1329377637130801,0.4050632911392405,24.28139406470859
/Users/kevin.kunkel/Documents/Dev/Uni/ca-friend-foe-analysis/frames/hans_westmar/frame_076264.png,81.78488264767932,68.34709442275633,0.8356934940362888,0.6238396624472574,0.2214926160337552,0.0,0.0,0.0,0.0,0.4999999996943201,0.0424050632911392,-12.385093618143458,0.8726051232729379,0.6766749917266485,16.443337042684366,0.014667713703394,2,2,0,0.0,0.5,45.54862209639533
/Users/kevin.kunkel/Documents/Dev/Uni/ca-friend-foe-analysis/frames/hans_westmar/frame_076290.png,84.28604957805908,65.89852685590273,0.7818438176615259,0.5929720464135021,0.195793776371308,0.0,0.0,0.0,0.0,0.499999999703391,0.0488396624472573,-11.288554852320686,0.8548684537105982,0.718689294283114,18.214316964481498,0.0152551134881863,1,3,0,0.0,0.5,52.62856444334778
/Users/kevin.kunkel/Documents/Dev/Uni/ca-friend-foe-analysis/frames/hans_westmar/frame_076535.png,68.79131724683545,50.429497458363066,0.7330793972748791,0.5935588080168777,0.0257449894514767,0.0,0.0,0.0,0.0,0.499999999636582,0.0263119725738396,-11.93875922995781,0.8914157255729296,0.7468138806155373,12.15764651392526,0.0198060551019747,1,4,0,0.0,0.5,52.58222090999063
/Users/kevin.kunkel/Documents/Dev/Uni/ca-friend-foe-analysis/frames/hans_westmar/frame_077038.png,58.18871967299578,52.40643478906609,0.9006287643638254,0.7811445147679325,0.0691323839662447,0.0,0.0,0.0,0.0,0.4999999995703635,0.0432225738396624,11.388759229957806,0.854121835443038,0.7861195395879871,15.531341108020042,0.0191886487594748,1,10,0,0.0,0.5,40.80294335716835
/Users/kevin.kunkel/Documents/Dev/Uni/ca-friend-foe-analysis/frames/hans_westmar/frame_077557.png,101.15678401898734,65.64248975897107,0.648918313592868,0.4592035864978903,0.2165941455696202,0.0,0.0,0.0,0.0,0.4999999997528589,0.0662645042194092,11.950494462025318,0.8317503826425086,0.6202656262927111,17.769098710336003,0.0155245230613396,5,7,0,0.0,0.5,528.4592557726635
/Users/kevin.kunkel/Documents/Dev/Uni/ca-friend-foe-analysis/frames/hans_westmar/frame_077987.png,106.63100606540084,67.55704773911582,0.6335591322689444,0.4356737869198312,0.2810719936708861,0.0,0.0,0.0,0.0,0.4999999997655466,0.0734309071729957,18.668334651898732,0.8292496587242492,0.6234452821212872,19.136219320897688,0.0151258103491513,5,8,0,0.0,0.5,515.1084796685694
/Users/kevin.kunkel/Documents/Dev/Uni/ca-friend-foe-analysis/frames/hans_westmar/frame_078316.png,105.23861418776372,51.14481673369242,0.4859890742559798,0.3688225210970464,0.1185456223628692,0.0,0.0,0.0,0.0,0.4999999997624446,0.0760152953586497,8.672830959915615,0.8950085318937702,0.7460361855712749,18.425575978092816,0.0198175877002472,10,3,0,0.0,0.5,57.31060522264246
/Users/kevin.kunkel/Documents/Dev/Uni/ca-friend-foe-analysis/frames/hans_westmar/frame_079308.png,97.6985891350211,57.04114614002129,0.5838482068845913,0.4381263185654008,0.1339069092827004,0.0,0.0,0.0,0.0,0.4999999997441109,0.0544831223628691,-6.916363396624476,0.8617702903946389,0.7405172913047076,17.467467511398837,0.0177267310072981,2,1,0,0.0,0.5,47.82540135654593
/Users/kevin.kunkel/Documents/Dev/Uni/ca-friend-foe-analysis/frames/hans_westmar/frame_080093.png,119.92899525316456,76.29572439641706,0.6361741309659346,0.4486616561181434,0.3520503691983122,0.0,0.0,0.0,0.0,0.4999999997915433,0.0641613924050632,42.183241033755266,0.7666456730371474,0.7003134566062712,19.07384273023442,0.0131508966521481,1,4,0,0.0,0.5,80.01528341672457
/Users/kevin.kunkel/Documents/Dev/Uni/ca-friend-foe-analysis/frames/hans_westmar/frame_080121.png,102.21238792194092,78.50559786316984,0.7680634351906328,0.5649261603375527,0.3037776898734177,0.0,0.0,0.0,0.0,0.4999999997554112,0.054720464135021,33.66588212025316,0.7281945995697857,0.6780667762885745,18.026533518290307,0.0127487779611999,1,3,1,0.0672534282700422,0.2136075949367088,66.8805298556669
/Users/kevin.kunkel/Documents/Dev/Uni/ca-friend-foe-analysis/frames/hans_westmar/frame_080237.png,68.74212157172995,66.85833007687008,0.9725962546827446,0.7466376582278481,0.1481012658227848,0.0,0.0,0.0,0.0,0.4999999996363219,0.0317906118143459,-18.966172204641342,0.8843668300653594,0.6727840344998759,13.439503938965698,0.0149478271924972,1,5,0,0.0,0.5,72.1328173207068
/Users/kevin.kunkel/Documents/Dev/Uni/ca-friend-foe-analysis/frames/hans_westmar/frame_080338.png,98.76268459915612,64.55326938717758,0.6536200345688776,0.4702004219409282,0.1873549578059071,0.0,0.0,0.0,0.0,0.499999999746868,0.0687763713080168,15.078876582278482,0.8381472863406967,0.69620501365103,18.98585781958018,0.0156362509493215,1,10,0,0.0,0.5,116.439232541069
/Users/kevin.kunkel/Documents/Dev/Uni/ca-friend-foe-analysis/frames/hans_westmar/frame_080369.png,93.40505010548524,61.59922232681665,0.6594849228312842,0.52854694092827,0.1586629746835443,0.0,0.0,0.0,0.0,0.4999999997323485,0.0486946202531645,-1.4359572784810126,0.822010010755357,0.7001934930090179,16.01413847929611,0.0162688366749419,1,5,0,0.0,0.5,96.31377187660048
/Users/kevin.kunkel/Documents/Dev/Uni/ca-friend-foe-analysis/frames/hans_westmar/frame_080425.png,56.94805511603376,38.16823340052292,0.6702289174885929,0.8624077004219409,0.0333333333333333,5.594791666666667,23.45766524707282,14.29509493670886,25.56082856546345,0.4963316855244518,0.0179324894514767,-0.9951279008438833,0.8750043952180028,0.8734734115165054,11.391563375227006,0.0261407896872885,1,2,0,0.0,0.5,35.36038502661218
/Users/kevin.kunkel/Documents/Dev/Uni/ca-friend-foe-analysis/frames/hans_westmar/frame_080567.png,90.87505933544304,61.60440218417496,0.6779021941431386,0.5594475210970464,0.1778678797468354,0.2010548523206751,2.262687842202902,0.5,5.454356057317857,0.4999178916614391,0.0849222046413502,-3.5994527953586584,0.765507414991313,0.7160854120129064,24.847274433821564,0.0168504822406074,1,7,1,0.0192246835443037,0.1329113924050632,543.3099212262777
/Users/kevin.kunkel/Documents/Dev/Uni/ca-friend-foe-analysis/frames/hans_westmar/frame_080575.png,91.39181830168776,61.63817968965605,0.6744387054292134,0.5556566455696202,0.1796347573839662,0.4632713607594936,3.0759691373032045,1.5949367088607596,9.651548032640877,0.4997470104692079,0.0870912447257384,-3.741739187763713,0.7675822681393232,0.7190472718623315,25.1836577209253,0.016869621384841,1,7,2,0.0413633966244725,0.1439873417721519,539.5612104256883
/Users/kevin.kunkel/Documents/Dev/Uni/ca-friend-foe-analysis/frames/hans_westmar/frame_080771.png,104.81137921940928,62.93771196836555,0.6004854852311876,0.4285930907172995,0.2062104430379746,0.0,0.0,0.0,0.0,0.4999999997614763,0.0945609177215189,31.814069092826983,0.73210846363862,0.704032948622487,24.38119620744108,0.0161221220178724,12,25,0,0.0,0.5,68.9911897210224
/Users/kevin.kunkel/Documents/Dev/Uni/ca-friend-foe-analysis/frames/hans_westmar/frame_080824.png,110.6462420886076,74.92995938657288,0.6772029298459794,0.5211431962025317,0.2832410337552742,0.0,0.0,0.0,0.0,0.4999999997740547,0.0448905590717299,20.309164029535864,0.8273911020104244,0.5966306775874907,17.296205568914143,0.013336593789046,6,1,0,0.0,0.5,41.25470866445444
/Users/kevin.kunkel/Documents/Dev/Uni/ca-friend-foe-analysis/frames/hans_westmar/frame_080961.png,74.78686049578059,55.5243035848952,0.7424339401676642,0.6783887130801688,0.0950356012658227,0.0,0.0,0.0,0.0,0.4999999996657167,0.0370978375527426,0.2457080696202638,0.8982755749979316,0.7133066000661868,13.823687342093187,0.0180099663460483,1,11,0,0.0,0.5,71.87778703323004
/Users/kevin.kunkel/Documents/Dev/Uni/ca-friend-foe-analysis/frames/hans_westmar/frame_082143.png,121.99772547468356,61.9681839034579,0.5079454031749365,0.3204905063291139,0.2979694092827004,0.0,0.0,0.0,0.0,0.4999999997950781,0.0473101265822784,10.456915875527429,0.7459930607264003,0.7882701973194342,19.127315079295304,0.0162764435935932,13,11,0,0.0,0.5,132.97608049986383
/Users/kevin.kunkel/Documents/Dev/Uni/ca-friend-foe-analysis/frames/hans_westmar/frame_082168.png,121.1647085970464,61.28974546176491,0.5058382603387462,0.3264240506329114,0.2540216244725738,0.0,0.0,0.0,0.0,0.4999999997936693,0.0420226793248945,10.994152162447264,0.7614015574584264,0.7759297695871598,17.793282676789094,0.0163820015245759,2,8,0,0.0,0.5,28.848478021708388
/Users/kevin.kunkel/Documents/Dev/Uni/ca-friend-foe-analysis/frames/hans_westmar/frame_083230.png,108.90064609704642,57.70617644772066,0.5298974658360269,0.3605353375527426,0.1890097573839662,0.0,0.0,0.0,0.0,0.4999999997704329,0.0757383966244725,9.260614451476783,0.7966984156531811,0.7640432903119053,22.83705902275357,0.0177153613539213,6,18,0,0.0,0.5,245.06733398389713
/Users/kevin.kunkel/Documents/Dev/Uni/ca-friend-foe-analysis/frames/hans_westmar/frame_083381.png,69.63252241561182,55.743227257369526,0.8005343658901878,0.710185917721519,0.0909084915611814,0.0,0.0,0.0,0.0,0.4999999996409723,0.0620319092827004,-5.685476002109709,0.8570090282948623,0.740084956978572,19.918061734969484,0.0184662038986187,1,15,0,0.0,0.5,196.5787217110271
/Users/kevin.kunkel/Documents/Dev/Uni/ca-friend-foe-analysis/frames/hans_westmar/frame_083406.png,66.96646228902954,52.95818139580964,0.7908164700138807,0.7348496835443038,0.0778942510548523,0.0,0.0,0.0,0.0,0.4999999996266788,0.0594211497890295,-3.2998747362869167,0.859266412261107,0.7612890398775544,19.130237207790085,0.0194500721043828,1,13,0,0.0,0.5,196.11905573211723
/Users/kevin.kunkel/Documents/Dev/Uni/ca-friend-foe-analysis/frames/hans_westmar/frame_083496.png,131.76178797468356,52.56449342130665,0.3989357930655336,0.2091376582278481,0.2654799578059071,0.0,0.0,0.0,0.0,0.4999999998102636,0.0833333333333333,4.953322784810126,0.79265522875817,0.7991867295441384,23.641630919614045,0.0195501380411314,15,27,1,0.0313884493670886,0.4572784810126582,59.48105443455015
/Users/kevin.kunkel/Documents/Dev/Uni/ca-friend-foe-analysis/frames/hans_westmar/frame_083950.png,53.51070015822785,31.085463747428474,0.5809205186517579,0.8511010021097046,0.0044237869198312,0.0,0.0,0.0,0.0,0.4999999995328038,0.0301885548523206,-14.569376318565403,0.8973657131629023,0.899322671051543,11.403760907359729,0.0323015254357554,1,1,0,0.0,0.5,41.891925565342454
/Users/kevin.kunkel/Documents/Dev/Uni/ca-friend-foe-analysis/frames/hans_westmar/frame_085858.png,58.08845595991561,43.02544524424002,0.7406883942630739,0.7871505801687764,0.0147217827004219,0.0,0.0,0.0,0.0,0.4999999995696219,0.024611023206751,38.37243539029536,0.8796856643501283,0.9029007921734096,11.879725570296952,0.023442512165317,1,2,1,0.0370846518987341,0.5712025316455697,246.62227128764945
/Users/kevin.kunkel/Documents/Dev/Uni/ca-friend-foe-analysis/frames/hans_westmar/frame_087229.png,55.973444092827,47.09959548653008,0.8414632361066302,0.8143459915611815,0.0496835443037974,0.0,0.0,0.0,0.0,0.4999999995533596,0.0395239978902953,25.96044303797469,0.8533047902705386,0.8505358029287664,15.893048755461594,0.0219162721974482,1,5,0,0.0,0.5,465.2595704518518
/Users/kevin.kunkel/Documents/Dev/Uni/ca-friend-foe-analysis/frames/hans_westmar/frame_087914.png,52.98850870253165,39.97413976252497,0.7543926157932399,0.842246835443038,0.0100936181434599,0.0,0.0,0.0,0.0,0.4999999995281996,0.0196400316455696,17.939814082278474,0.8381381339455614,0.8953351224456028,9.774083233578558,0.0248462110507853,1,4,1,0.055801687763713,0.2594936708860759,26.296182995774167
/Users/kevin.kunkel/Documents/Dev/Uni/ca-friend-foe-analysis/frames/hans_westmar/frame_088466.png,90.95740374472574,63.67811957506282,0.700087259347995,0.5336300105485232,0.1601397679324894,0.0,0.0,0.0,0.0,0.4999999997251461,0.039695411392405,3.3050962552742646,0.7059533486390337,0.6753469119715396,16.680384643803688,0.0159270206825478,4,7,1,0.0361023206751054,0.2974683544303797,526.5404203274087
/Users/kevin.kunkel/Documents/Dev/Uni/ca-friend-foe-analysis/frames/hans_westmar/frame_089148.png,38.41960706751055,30.10157685872069,0.7834951754575986,0.9057885021097046,0.0047600210970464,0.0,0.0,0.0,0.0,0.4999999993492906,0.0193895042194092,17.44727056962025,0.9045875734259948,0.9358433647720692,9.01354459701202,0.0345752187558321,1,0,0,0.0,0.5,395.432181691654
/Users/kevin.kunkel/Documents/Dev/Uni/ca-friend-foe-analysis/frames/hans_westmar/frame_089549.png,45.56989055907173,32.03674967864561,0.703024501821313,0.824248417721519,1.318565400843882e-05,0.0,0.0,0.0,0.0,0.4999999994513922,0.011089135021097,2.750784546413499,0.9171192707040622,0.8728803156283611,7.28763069173313,0.0307826828066563,2,0,0,0.0,0.5,17.521277298622326
/Users/kevin.kunkel/Documents/Dev/Uni/ca-friend-foe-analysis/frames/hans_westmar/frame_089660.png,55.8456289556962,52.74217579016513,0.9444280005793126,0.7895833333333333,0.062770305907173,0.0,0.0,0.0,0.0,0.4999999995523374,0.0120121308016877,17.731718090717308,0.8692440742119633,0.8453226090014064,7.159835021054665,0.0187523220373878,2,3,0,0.0,0.5,25.579185515980136
/Users/kevin.kunkel/Documents/Dev/Uni/ca-friend-foe-analysis/frames/hans_westmar/frame_089706.png,65.12256065400844,60.13961832241919,0.9234836226663194,0.7476661392405063,0.1225342827004219,0.0,0.0,0.0,0.0,0.4999999996161084,0.0138053797468354,8.377571202531641,0.761989223959626,0.7934653967072061,7.558031620774015,0.016439297678531,3,1,0,0.0,0.5,15.755744311569083
/Users/kevin.kunkel/Documents/Dev/Uni/ca-friend-foe-analysis/frames/hans_westmar/frame_090362.png,46.492200685654005,35.67497944750604,0.7673325599702345,0.8712618670886076,0.0164491033755274,0.0,0.0,0.0,0.0,0.4999999994622754,0.0238330696202531,15.94474551687764,0.8760015409117233,0.8918438715148507,9.658352114169784,0.0294376113238333,1,1,1,0.0341772151898734,0.4113924050632911,539.8233480382567
/Users/kevin.kunkel/Documents/Dev/Uni/ca-friend-foe-analysis/frames/hans_westmar/frame_090379.png,47.02525052742616,35.7902449784521,0.7610856827114589,0.8660205696202532,0.0151371308016877,0.0,0.0,0.0,0.0,0.4999999994683707,0.0231737869198312,12.784084915611814,0.8715292256142964,0.890071461073881,9.478647451575467,0.029282235769558,2,1,1,0.0390888713080168,0.4287974683544304,536.2600854596375
/Users/kevin.kunkel/Documents/Dev/Uni/ca-friend-foe-analysis/frames/hans_westmar/frame_090511.png,43.833755274261605,30.147449481921416,0.6877678908529807,0.9127900843881857,0.0074564873417721,0.0,0.0,0.0,0.0,0.4999999994296633,0.0084585970464135,14.098417721518985,0.8796704103582361,0.9076683627037312,6.477605219656548,0.0331132562881839,1,1,1,0.0323048523206751,0.4651898734177215,184.1003768492163
/Users/kevin.kunkel/Documents/Dev/Uni/ca-friend-foe-analysis/frames/hans_westmar/frame_090544.png,47.74463343881857,38.87230873026062,0.8141712659424992,0.8700817510548523,0.0266482067510548,0.0,0.0,0.0,0.0,0.4999999994763809,0.0078190928270042,5.633583860759494,0.8576439563167039,0.8804839910647804,6.185544481480294,0.0252834043555611,2,3,1,0.0287183544303797,0.4968354430379746,12.179153998477352
/Users/kevin.kunkel/Documents/Dev/Uni/ca-friend-foe-analysis/frames/hans_westmar/frame_090638.png,34.34606408227848,27.43731825366037,0.7988489775144945,0.9137394514767933,0.0,0.395675105485232,6.767193274799692,1.13167194092827,12.498138639893442,0.5000568574040408,0.0016218354430379,8.591145833333336,0.928022720691652,0.9120339517663606,3.440822149020745,0.0353490332637097,1,0,0,0.0,0.5,4.674951236487755
/Users/kevin.kunkel/Documents/Dev/Uni/ca-friend-foe-analysis/frames/hans_westmar/frame_090699.png,49.44129746835443,26.364048673365723,0.5332394166418558,0.8868143459915612,0.0013713080168776,0.4656118143459916,3.0975020467274392,3.2550303270042193,21.110288685437705,0.5001377284325188,0.0223892405063291,11.887763713080169,0.9093208612558948,0.9316535327211052,8.191123783387201,0.0377882898973162,8,1,0,0.0,0.5,38.21467602030083
/Users/kevin.kunkel/Documents/Dev/Uni/ca-friend-foe-analysis/frames/hans_westmar/frame_090739.png,46.18747362869198,24.92989048529915,0.5397543635258953,0.906309335443038,0.0012724156118143,0.1073905590717299,1.4310445197866106,0.7602320675105485,10.0175453016293,0.5000091698783375,0.0179786392405063,6.981724683544307,0.9130171878878134,0.9305916480516258,7.459679290052414,0.0398160435125462,6,1,0,0.0,0.5,31.57472369633514
/Users/kevin.kunkel/Documents/Dev/Uni/ca-friend-foe-analysis/frames/hans_westmar/frame_091997.png,47.70805643459916,30.41383087703797,0.6374988437221509,0.9007449894514769,0.0065071202531645,0.0,0.0,0.0,0.0,0.4999999994759795,0.0215783227848101,7.433214662447256,0.9150092041035824,0.8838409034499876,9.100134777360957,0.0329016277094406,2,2,0,0.0,0.5,95.308007401756
/Users/kevin.kunkel/Documents/Dev/Uni/ca-friend-foe-analysis/frames/hans_westmar/frame_092046.png,46.20073180379747,30.6842715544173,0.6641512004249268,0.9086959388185654,0.0090321729957805,0.0,0.0,0.0,0.0,0.499999999458883,0.0255406118143459,7.823978111814348,0.9094354988830976,0.8883572743443369,9.706255443491184,0.0335534260004873,1,2,1,0.0270042194092827,0.7974683544303798,267.5974963818671
/Users/kevin.kunkel/Documents/Dev/Uni/ca-friend-foe-analysis/frames/hans_westmar/frame_092296.png,51.40096255274262,26.51398855818124,0.5158266925330925,0.8741033755274261,8.570675105485233e-05,0.0,0.0,0.0,0.0,0.4999999995136278,0.0233452004219409,5.952202004219409,0.8988759617771159,0.8974075452965996,8.121838819707309,0.0374578497794439,1,0,1,0.0270042194092827,0.6582278481012658,33.158353932099025
/Users/kevin.kunkel/Documents/Dev/Uni/ca-friend-foe-analysis/frames/hans_westmar/frame_092329.png,47.275065928270045,26.34951096274106,0.5573659261942501,0.9017536919831224,0.0012724156118143,0.0,0.0,0.0,0.0,0.49999999947118,0.0213475738396624,3.155445675105483,0.9013049143708116,0.8995315214693472,7.791358778996854,0.0376893895029769,1,1,0,0.0,0.5,40.573145969473075
/Users/kevin.kunkel/Documents/Dev/Uni/ca-friend-foe-analysis/frames/hans_westmar/frame_092866.png,49.165816191983126,21.876604907514917,0.4449555922675094,0.9309005801687764,0.0001186708860759,0.0,0.0,0.0,0.0,0.4999999994915166,0.0055445675105485,10.159447521097045,0.920068617109291,0.9257203503764376,5.588111927673217,0.0445126974628813,1,0,0,0.0,0.5,8.462285430721368
/Users/kevin.kunkel/Documents/Dev/Uni/ca-friend-foe-analysis/frames/hans_westmar/frame_094511.png,24.259401371308016,24.529340370006594,1.011127187083236,0.9699367088607594,0.0046875,0.0,0.0,0.0,0.0,0.4999999989694716,0.0162183544303797,-5.859058544303796,0.9336946719616116,0.9216301605030198,6.218222265297376,0.0424183998530231,1,1,1,0.0110825421940928,0.5458860759493671,262.691701117878
/Users/kevin.kunkel/Documents/Dev/Uni/ca-friend-foe-analysis/frames/hans_westmar/frame_094634.png,149.5851595464135,74.62167493220115,0.4988574742881607,0.2919567510548523,0.4556302742616033,0.0007120253164556,0.0991100663718658,0.0073773734177215,1.0160524123986925,0.5000000989995035,0.0543183016877637,13.366238132911375,0.7962511892942831,0.6771012761644742,19.536923021471225,0.0135683154167767,11,7,1,0.022178270042194,0.4462025316455696,482.26846856751087
/Users/kevin.kunkel/Documents/Dev/Uni/ca-friend-foe-analysis/frames/hans_westmar/frame_094985.png,88.39763317510548,53.84719248133341,0.6091474453139895,0.5627043776371308,0.0878823839662447,0.0,0.0,0.0,0.0,0.499999999717187,0.1134493670886075,20.26652821729958,0.8282932592868371,0.7525073943079341,23.982260646212247,0.0195840449963311,15,21,0,0.0,0.5,555.431556834321
/Users/kevin.kunkel/Documents/Dev/Uni/ca-friend-foe-analysis/frames/hans_westmar/frame_095130.png,102.1993670886076,63.528504367846224,0.6216134807430382,0.4807027953586498,0.2203256856540084,0.0,0.0,0.0,0.0,0.4999999997553801,0.1104562236286919,35.17286392405063,0.7408946595515844,0.7893180689997519,25.093580080671256,0.0161784197107444,18,11,0,0.0,0.5,261.387818123991
/Users/kevin.kunkel/Documents/Dev/Uni/ca-friend-foe-analysis/frames/hans_westmar/frame_095197.png,143.6731210443038,71.72982936306366,0.499257124727032,0.3063488924050633,0.4323905590717299,0.0,0.0,0.0,0.0,0.4999999998259938,0.0524129746835443,18.676878955696196,0.8049209377843964,0.6781119694713329,18.944918650209157,0.0141138373837374,12,11,0,0.0,0.5,462.81179418652454
/Users/kevin.kunkel/Documents/Dev/Uni/ca-friend-foe-analysis/frames/hans_westmar/frame_095235.png,142.5423259493671,72.66283439119998,0.5097632149347306,0.3186445147679325,0.4321927742616033,0.0,0.0,0.0,0.0,0.4999999998246134,0.0550698839662447,17.15712025316455,0.8035250682551501,0.6703335194837429,19.3387880046614,0.0139553744073581,10,9,0,0.0,0.5,500.98382852456194
/Users/kevin.kunkel/Documents/Dev/Uni/ca-friend-foe-analysis/frames/hans_westmar/frame_095267.png,77.52216508438819,50.91225850616416,0.656744537321271,0.6171545358649789,0.0437763713080168,0.0,0.0,0.0,0.0,0.4999999996775116,0.0805973101265822,14.941679852320677,0.8392387482419128,0.7520775419872591,19.100428071173337,0.0200285368905405,13,17,1,0.0768987341772151,0.4936708860759494,118.20180167077868
/Users/kevin.kunkel/Documents/Dev/Uni/ca-friend-foe-analysis/frames/hans_westmar/frame_095437.png,144.97096518987345,71.48042944828047,0.4930672104262629,0.2883504746835443,0.4354891877637131,0.0,0.0,0.0,0.0,0.4999999998275516,0.0472639767932489,25.110443037974676,0.7585929097377347,0.6906437701662944,17.652812670648128,0.0140825209095282,13,11,2,0.1234704641350211,0.2784810126582278,206.3075656808526
/Users/kevin.kunkel/Documents/Dev/Uni/ca-friend-foe-analysis/frames/hans_westmar/frame_096565.png,63.784229957805906,49.36521896644789,0.7739408145510189,0.6962948312236287,0.0220925632911392,0.0,0.0,0.0,0.0,0.4999999996080536,0.0479628164556962,6.7209124472573905,0.8300107553569951,0.8039286009762555,16.015273104647278,0.0208032608789136,1,2,0,0.0,0.5,558.0788455585024
/Users/kevin.kunkel/Documents/Dev/Uni/ca-friend-foe-analysis/frames/hans_westmar/frame_096626.png,73.02110363924051,37.483991084202145,0.5133309298919674,0.5311445147679325,0.0019316983122362,0.0,0.0,0.0,0.0,0.4999999996576332,0.037111023206751,7.596143196202533,0.8548015946885084,0.8522240320178704,14.320776479541871,0.0269779855743796,8,0,0,0.0,0.5,160.47373037648504
/Users/kevin.kunkel/Documents/Dev/Uni/ca-friend-foe-analysis/frames/hans_westmar/frame_096717.png,48.44889240506329,35.26796455237739,0.7279416046237097,0.8538897679324895,0.0044699367088607,0.014154799578059,0.5667276061950649,0.0925764767932489,3.6049533370335425,0.5000042178569125,0.0278942510548523,15.028507383966245,0.8864313932323984,0.8802553363117399,11.016622657640893,0.0291267258658603,1,1,0,0.0,0.5,241.7845823677666
/Users/kevin.kunkel/Documents/Dev/Uni/ca-friend-foe-analysis/frames/hans_westmar/frame_096951.png,91.68742088607596,48.46570218173285,0.5285970710103522,0.3992813818565401,0.0567642405063291,0.0,0.0,0.0,0.0,0.4999999997273345,0.0417853375527426,8.202452531645562,0.809293972863407,0.8415300529494498,17.657932777102015,0.021043220403264,5,10,1,0.0370846518987341,0.1313291139240506,345.64664418535267
/Users/kevin.kunkel/Documents/Dev/Uni/ca-friend-foe-analysis/frames/hans_westmar/frame_096976.png,53.805458860759494,34.78764954575314,0.646544982937956,0.8279008438818566,0.0108386075949367,0.0,0.0,0.0,0.0,0.4999999995353631,0.0288238396624472,34.47534282700422,0.9011486514436998,0.8979814056424258,9.553719357075058,0.0287970675050398,1,3,0,0.0,0.5,122.46505468975008
/Users/kevin.kunkel/Documents/Dev/Uni/ca-friend-foe-analysis/frames/hans_westmar/frame_098437.png,93.44614319620251,57.111586915381785,0.6111711505776257,0.4891745780590717,0.1228507383966244,0.0,0.0,0.0,0.0,0.4999999997324662,0.0649525316455696,38.401720727848115,0.8405885972532473,0.7864656759328204,19.276288922468247,0.0176001775384595,11,12,0,0.0,0.5,58.4602814116446
/Users/kevin.kunkel/Documents/Dev/Uni/ca-friend-foe-analysis/frames/hans_westmar/frame_098571.png,104.4243934599156,58.85134264410597,0.563578495769179,0.4097507911392405,0.1476002109704641,0.0,0.0,0.0,0.0,0.4999999997605923,0.0934994725738396,11.668644514767934,0.7396431082981716,0.8121825101348557,21.00262438856291,0.0173570624023591,15,13,0,0.0,0.5,189.84322164234916
/Users/kevin.kunkel/Documents/Dev/Uni/ca-friend-foe-analysis/frames/hans_westmar/frame_099155.png,96.32798655063291,55.889413629845905,0.5801991256450567,0.4899789029535865,0.1257449894514768,0.0,0.0,0.0,0.0,0.49999999974047,0.0765954641350211,24.40521492616034,0.8130392673947215,0.7759357677670224,22.04719936541799,0.0181153665638127,13,13,2,0.0568367616033755,0.2025316455696202,78.38628841144148
/Users/kevin.kunkel/Documents/Dev/Uni/ca-friend-foe-analysis/frames/hans_westmar/frame_099193.png,99.91337025316456,59.29133477375263,0.5934274318259418,0.4663699894514768,0.1543644514767932,0.0,0.0,0.0,0.0,0.4999999997497832,0.0691917194092827,33.27979957805907,0.819612393480599,0.7854155290808307,20.503612364762397,0.0169729786256053,17,22,2,0.0583135548523206,0.1819620253164557,62.958391359621
/Users/kevin.kunkel/Documents/Dev/Uni/ca-friend-foe-analysis/frames/hans_westmar/frame_099416.png,103.18511998945148,57.49685674172209,0.5572204276341192,0.4180775316455696,0.1512790084388185,0.5523866033755275,9.169942980873914,1.7693829113924051,10.150480717503818,0.4997548241642982,0.0711959388185654,21.5601595464135,0.7728056486307603,0.7660867564325308,21.61962455271952,0.0175293166581762,18,15,0,0.0,0.5,68.50928291068449
/Users/kevin.kunkel/Documents/Dev/Uni/ca-friend-foe-analysis/frames/hans_westmar/frame_099712.png,92.3201608649789,53.38015743198566,0.5782069363184398,0.4790677742616033,0.0826476793248945,0.0,0.0,0.0,0.0,0.4999999997292033,0.0630999472573839,-11.171664029535862,0.7264010920824026,0.8483333333333334,16.45138601627464,0.0189683377470017,9,15,0,0.0,0.5,149.85997378102337
/Users/kevin.kunkel/Documents/Dev/Uni/ca-friend-foe-analysis/frames/hans_westmar/frame_100439.png,86.88215321729957,51.08546079250575,0.5879856661233769,0.5755537974683544,0.0155854430379746,0.0,0.0,0.0,0.0,0.4999999997122539,0.0447784810126582,3.1184796940928265,0.8736364999586332,0.7400085318937701,18.747697533904972,0.0197673998105533,11,2,1,0.011629746835443,0.5917721518987342,38.04497742504368
/Users/kevin.kunkel/Documents/Dev/Uni/ca-friend-foe-analysis/frames/hans_westmar/frame_100542.png,106.21084520042194,55.806915586382246,0.5254351891139741,0.3699103375527426,0.1443169831223628,0.0,0.0,0.0,0.0,0.4999999997646192,0.0708728902953586,26.595431170886087,0.8384521076363034,0.7684323550095143,21.06724336399833,0.018081492411023,24,20,0,0.0,0.5,54.6984199312935
/Users/kevin.kunkel/Documents/Dev/Uni/ca-friend-foe-analysis/frames/hans_westmar/frame_100857.png,76.75979034810126,40.923425887884726,0.5331362377227153,0.619653217299578,0.0126911919831223,0.0,0.0,0.0,0.0,0.4999999996743087,0.0423918776371308,14.059750791139251,0.8584078452055928,0.8359510734673616,17.724778935648395,0.0246314688243481,7,4,1,0.0192246835443037,0.8449367088607594,37.17048563004275
/Users/kevin.kunkel/Documents/Dev/Uni/ca-friend-foe-analysis/frames/hans_westmar/frame_101167.png,99.235917721519,48.85809231978108,0.4923428269959162,0.4297006856540084,0.0918051160337552,0.0369330168776371,0.6322736104797052,0.2800632911392405,4.089665270081487,0.4999594068930991,0.0333465189873417,7.197336497890291,0.8024415694547862,0.8163854761313808,16.366627114257792,0.0204468856347653,13,10,1,0.0095200421940928,0.1487341772151898,31.295635414706737
/Users/kevin.kunkel/Documents/Dev/Uni/ca-friend-foe-analysis/frames/hans_westmar/frame_101458.png,81.30461497890295,55.22233216972234,0.6792029224433476,0.5784282700421941,0.0783161919831223,0.0,0.0,0.0,0.0,0.4999999996925144,0.0517273206751054,12.131355485232078,0.7518487838173245,0.7739069868453711,18.956244824105408,0.0182912998904731,8,15,3,0.0389767932489451,0.3132911392405063,183.1683559460639
/Users/kevin.kunkel/Documents/Dev/Uni/ca-friend-foe-analysis/frames/hans_westmar/frame_102434.png,108.43602979957808,52.28260806040827,0.4821516253299468,0.3144316983122363,0.1059335443037974,0.0,0.0,0.0,0.0,0.4999999997694493,0.0485759493670886,7.670984968354418,0.7844649726979399,0.791159975593613,16.627119250551207,0.0194060363351059,13,11,1,0.0261669303797468,0.3465189873417721,411.1115693227035
/Users/kevin.kunkel/Documents/Dev/Uni/ca-friend-foe-analysis/frames/hans_westmar/frame_102520.png,49.44680907172996,31.10216877956681,0.6290025443613202,0.895464135021097,0.0112143987341772,0.0,0.0,0.0,0.0,0.4999999994944062,0.0292589662447257,12.896598101265823,0.9122585215520808,0.8900074460163813,10.657966324743658,0.0324801160563219,1,5,0,0.0,0.5,37.54846890079329
/Users/kevin.kunkel/Documents/Dev/Uni/ca-friend-foe-analysis/frames/hans_westmar/frame_102642.png,74.95779272151898,52.64476323106933,0.7023254187382636,0.6947982594936709,0.0717629219409282,0.0,0.0,0.0,0.0,0.499999999666479,0.0400382383966244,10.744949894514775,0.8207416025481923,0.810776867709109,16.19790857020369,0.0194511785926539,3,7,2,0.2110034282700422,0.4984177215189873,493.034328120872
/Users/kevin.kunkel/Documents/Dev/Uni/ca-friend-foe-analysis/frames/hans_westmar/frame_102673.png,74.97260021097047,55.048064329114816,0.7342424312453764,0.7057291666666666,0.0853902953586498,0.0,0.0,0.0,0.0,0.4999999996665448,0.0421611286919831,7.892774261603364,0.8134872176718788,0.8019943948043352,16.827812962071476,0.0186203877674842,6,7,2,0.2177742616033755,0.5443037974683544,510.3341335495259
/Users/kevin.kunkel/Documents/Dev/Uni/ca-friend-foe-analysis/frames/hans_westmar/frame_102729.png,82.04585311181435,56.093479026683944,0.6836845109267101,0.6322521097046413,0.0886010021097046,0.0,0.0,0.0,0.0,0.4999999996952923,0.0255274261603375,17.010528744725733,0.8132748510796723,0.8036640088524861,13.620746492895336,0.0177968038931967,5,7,1,0.0432555379746835,0.2832278481012658,52.005246603601016
/Users/kevin.kunkel/Documents/Dev/Uni/ca-friend-foe-analysis/frames/hans_westmar/frame_102760.png,73.0954641350211,53.397020605973,0.7305107254574315,0.7025646097046413,0.0779272151898734,0.0,0.0,0.0,0.0,0.4999999996579815,0.0202927215189873,14.870780590717288,0.8025668073136427,0.8271925415735915,12.06415931511733,0.0186414085585573,1,6,2,0.105920358649789,0.6123417721518988,44.681672307106055
/Users/kevin.kunkel/Documents/Dev/Uni/ca-friend-foe-analysis/frames/hans_westmar/frame_102889.png,64.5423457278481,35.6762618838929,0.5527574405034974,0.7933939873417721,0.0177544831223628,0.0,0.0,0.0,0.0,0.4999999996126574,0.0210508966244725,12.164009757383964,0.879893118639861,0.8760773454951601,10.38640263888265,0.0286260914308459,1,2,1,0.2481276371308017,0.5158227848101266,219.3614172892119
/Users/kevin.kunkel/Documents/Dev/Uni/ca-friend-foe-analysis/frames/hans_westmar/frame_102966.png,104.4678204113924,76.53032120772538,0.7325731582519194,0.497685917721519,0.2853045886075949,0.0,0.0,0.0,0.0,0.4999999997606918,0.0131988396624472,60.60288106540085,0.7578084408869032,0.7637990713162902,10.71172649370727,0.012947975869835,3,2,0,0.0,0.5,8.126115333912798
/Users/kevin.kunkel/Documents/Dev/Uni/ca-friend-foe-analysis/frames/hans_westmar/frame_103374.png,91.78204773206753,45.00199214091167,0.4903136637706239,0.462981276371308,0.0551358122362869,0.0,0.0,0.0,0.0,0.4999999997276156,0.0612935126582278,15.446169567510552,0.8362911082154381,0.8463878030115,16.930145827876938,0.0228249480622621,12,10,3,0.0705564345991561,0.4794303797468354,273.6480601993999
/Users/kevin.kunkel/Documents/Dev/Uni/ca-friend-foe-analysis/frames/hans_westmar/frame_104606.png,57.31987078059072,38.60059127550698,0.6734242537970835,0.853125,0.0349222046413502,0.0,0.0,0.0,0.0,0.4999999995638511,0.0343222573839662,-2.0160469409282697,0.8977065235376851,0.8761036650947298,10.919034943813616,0.026565083655935,2,5,2,0.0397679324894514,0.2310126582278481,619.2746822646707
/Users/kevin.kunkel/Documents/Dev/Uni/ca-friend-foe-analysis/frames/hans_westmar/frame_104656.png,56.30158887130802,41.62263117278304,0.7392798663994091,0.8323180379746835,0.037862605485232,0.0,0.0,0.0,0.0,0.4999999995559628,0.0372824367088607,4.911438554852317,0.8755512637544469,0.8503562194920162,11.919040837701036,0.0245262003339824,1,5,1,0.0100276898734177,0.625,600.9834657284939
/Users/kevin.kunkel/Documents/Dev/Uni/ca-friend-foe-analysis/frames/hans_westmar/frame_105080.png,55.173945147679326,55.59764383444805,1.007679323725478,0.7981869725738396,0.078065664556962,0.0,0.0,0.0,0.0,0.4999999995468876,0.0144053270042194,-0.7329377637130818,0.7791260238272524,0.759293455778936,8.178012376814383,0.0177962871563534,4,2,0,0.0,0.5,21.567286206559825
/Users/kevin.kunkel/Documents/Dev/Uni/ca-friend-foe-analysis/frames/hans_westmar/frame_106420.png,70.42518459915611,51.25218536266571,0.727753652072138,0.6884889240506329,0.0725276898734177,0.0,0.0,0.0,0.0,0.4999999996450133,0.0341310654008438,28.890664556962037,0.8283005501778771,0.8341932448084719,14.641828125514849,0.0196172047042061,1,6,2,0.0451279008438818,0.2420886075949367,225.48430052468535
/Users/kevin.kunkel/Documents/Dev/Uni/ca-friend-foe-analysis/frames/hans_westmar/frame_106489.png,67.91949498945148,36.10144940239692,0.5315329472760437,0.6490506329113924,6.592827004219409e-06,0.0,0.0,0.0,0.0,0.4999999996319172,0.0067774261603375,6.017609440928268,0.8001972677256557,0.9013906986845373,6.314436492182034,0.0272008545201882,3,0,0,0.0,0.5,10.42351012892735
/Users/kevin.kunkel/Documents/Dev/Uni/ca-friend-foe-analysis/frames/hans_westmar/frame_106553.png,74.63736814345991,52.58767830517932,0.7045757312026782,0.6832805907172996,0.0871044303797468,0.0,0.0,0.0,0.0,0.4999999996650471,0.0347112341772151,34.888633966244726,0.8013870273847936,0.824029535864979,14.929696775357629,0.0190194947601426,3,9,2,0.0603441455696202,0.7974683544303798,21.83920110813187
/Users/kevin.kunkel/Documents/Dev/Uni/ca-friend-foe-analysis/frames/hans_westmar/frame_106627.png,75.41612605485233,40.594423819345145,0.5382724609321938,0.5976661392405064,0.0174314345991561,0.0,0.0,0.0,0.0,0.4999999996685059,0.0088080168776371,-3.5900712025316466,0.8281634193761893,0.8999952428228676,7.405594887242392,0.0244278859474169,3,3,1,0.0270042194092827,0.8607594936708861,115.66527281428937
/Users/kevin.kunkel/Documents/Dev/Uni/ca-friend-foe-analysis/frames/hans_westmar/frame_106937.png,58.53215981012658,45.44366434662506,0.7763879620434596,0.7763581223628692,0.0458926687763713,0.0,0.0,0.0,0.0,0.4999999995728844,0.0246308016877637,22.07981276371309,0.827319951187226,0.8247817903532721,11.832016395867788,0.0225495507065025,1,2,1,0.0699433016877637,0.4509493670886076,476.95966482570776
/Users/kevin.kunkel/Documents/Dev/Uni/ca-friend-foe-analysis/frames/hans_westmar/frame_106939.png,58.65599287974683,45.356181008468354,0.7732574065216024,0.7754944620253165,0.0449894514767932,0.0,0.0,0.0,0.0,0.4999999995737861,0.0248285864978902,21.42188159282701,0.8263069310002482,0.8268332195747498,11.837843491859472,0.0225966191141558,1,2,1,0.0726859177215189,0.4509493670886076,477.1568218363948
/Users/kevin.kunkel/Documents/Dev/Uni/ca-friend-foe-analysis/frames/hans_westmar/frame_107468.png,66.96615901898734,43.348092258075056,0.6473134016996996,0.7104496308016878,0.0293051160337552,0.0,0.0,0.0,0.0,0.4999999996266771,0.0320081751054852,31.983392668776375,0.8445359166873501,0.860929355919583,13.798393205458922,0.0233609007193104,2,2,2,0.0322784810126582,0.180379746835443,341.97175163582654
/Users/kevin.kunkel/Documents/Dev/Uni/ca-friend-foe-analysis/frames/hans_westmar/frame_107806.png,54.35540611814346,41.66411322083464,0.7665127743434552,0.7878098628691983,0.0189148206751054,0.0,0.0,0.0,0.0,0.4999999995400642,0.0362803270042194,11.37428797468354,0.8631040580789278,0.8511249689749317,13.588157064011895,0.0242665224814954,3,5,2,0.037051687763713,0.4873417721518987,156.69922571674564
/Users/kevin.kunkel/Documents/Dev/Uni/ca-friend-foe-analysis/frames/hans_westmar/frame_108006.png,62.430412710970465,37.74972873311213,0.6046688950690172,0.7764570147679325,0.0206487341772151,0.0,0.0,0.0,0.0,0.4999999995995541,0.0248285864978902,12.991844672995777,0.8482834346818896,0.8646622921320427,10.26573578473618,0.0263153922458969,5,1,0,0.0,0.5,29.673995312928593
/Users/kevin.kunkel/Documents/Dev/Uni/ca-friend-foe-analysis/frames/hans_westmar/frame_108522.png,52.89217431434599,36.479298388408495,0.6896917888577895,0.8412513185654008,0.017128164556962,0.0232133438818565,0.6159003489379924,0.2222310126582278,5.583250501439375,0.500009223167332,0.0312170358649789,16.305083069620252,0.8740377575080666,0.8745984839083313,10.913490952773223,0.0278367198362775,1,1,0,0.0,0.5,307.82594628819874
/Users/kevin.kunkel/Documents/Dev/Uni/ca-friend-foe-analysis/frames/hans_westmar/frame_108975.png,66.74730353375527,38.76262464459443,0.5807369366901513,0.72457805907173,0.0014833860759493,0.0,0.0,0.0,0.0,0.499999999625453,0.0235825421940928,4.888324103375524,0.8865748841730785,0.8298343778439646,10.572220750163396,0.0256156988788712,2,0,0,0.0,0.5,28.734633669602825
/Users/kevin.kunkel/Documents/Dev/Uni/ca-friend-foe-analysis/frames/hans_westmar/frame_109948.png,72.3689082278481,35.02198557624265,0.4839369058544431,0.6813159282700422,0.0026041666666666,0.0484045358649789,0.6680757815194648,0.7670160864978903,10.32982819877961,0.5000203366640796,0.0097310126582278,20.906566455696208,0.8856878257632167,0.8809488500041367,9.100259680944394,0.0284184324116228,5,1,1,0.0595002637130801,0.4066455696202531,150.108623882299
/Users/kevin.kunkel/Documents/Dev/Uni/ca-friend-foe-analysis/frames/hans_westmar/frame_110818.png,88.12495385021097,61.1244476965503,0.6936111164504497,0.6212618670886076,0.1672995780590717,0.0,0.0,0.0,0.0,0.4999999997163119,0.0504021624472573,26.025599947257376,0.7913842868370977,0.7472551605030198,16.06979415988034,0.0165314990169884,6,5,0,0.0,0.5,220.40968502761172
/Users/kevin.kunkel/Documents/Dev/Uni/ca-friend-foe-analysis/frames/hans_westmar/frame_112379.png,82.35695543248946,58.62717356062291,0.7118666927591167,0.5754746835443038,0.1263581223628692,0.0,0.0,0.0,0.0,0.4999999996964434,0.0319026898734177,-7.100969145569621,0.8020926925622569,0.7337451911144204,14.25596392681242,0.0171171593110891,4,5,1,0.0487605485232067,0.2183544303797468,244.44730075878925
/Users/kevin.kunkel/Documents/Dev/Uni/ca-friend-foe-analysis/frames/hans_westmar/frame_112682.png,73.92973364978903,47.138505427825585,0.6376122709620892,0.6613396624472574,0.0354034810126582,0.0,0.0,0.0,0.0,0.4999999996618411,0.0366033755274261,14.532107067510552,0.8500137544469264,0.8098709357160585,14.630461815366338,0.0213003937309752,6,5,1,0.0253428270042194,0.2120253164556962,30.92024287603293
/Users/kevin.kunkel/Documents/Dev/Uni/ca-friend-foe-analysis/frames/hans_westmar/frame_113076.png,31.131177478902952,26.5026373679768,0.8513213899732841,0.945101529535865,0.0042523734177215,0.7737935126582278,5.645021581226299,3.771518987341772,22.666115251715937,0.5002385200376958,0.0160535337552742,3.4491231540084435,0.9287241974849012,0.940089507321916,6.813772210273128,0.0396869193995963,1,0,0,0.0,0.5,245.2580473490329
/Users/kevin.kunkel/Documents/Dev/Uni/ca-friend-foe-analysis/frames/hans_westmar/frame_113146.png,54.5399920886076,39.27740596051729,0.7201578948652952,0.8001582278481013,0.0107001582278481,0.0,0.0,0.0,0.0,0.4999999995416208,0.0080893987341772,15.96056170886076,0.8865541490857947,0.8799034086208323,7.813306531108887,0.0250927443015229,1,1,1,0.1751648206751055,0.694620253164557,12.383981984104782
/Users/kevin.kunkel/Documents/Dev/Uni/ca-friend-foe-analysis/frames/hans_westmar/frame_113244.png,31.29837816455696,24.984658003568985,0.7982732457375343,0.9429588607594936,0.0007647679324894,1.2702927215189874,11.751414017115383,4.493011603375527,24.644381654930477,0.5002708595816943,0.0071268459915611,0.0519910337552751,0.9203311408951766,0.9408751137585836,4.703476577483068,0.0392134912103512,1,0,0,0.0,0.5,29.0496745285902
/Users/kevin.kunkel/Documents/Dev/Uni/ca-friend-foe-analysis/frames/hans_westmar/frame_113805.png,86.30397547468354,51.21267805930215,0.593398829176589,0.4401305379746835,0.0208003691983122,0.0,0.0,0.0,0.0,0.4999999997103262,0.0593024789029535,-16.61404931434599,0.8321486411020105,0.7764343406138827,16.85431791126704,0.019944675852839,5,4,0,0.0,0.5,426.1401122114609
/Users/kevin.kunkel/Documents/Dev/Uni/ca-friend-foe-analysis/frames/hans_westmar/frame_114861.png,61.97020701476793,50.38032556875646,0.8129765562256848,0.7533293776371308,0.0355551160337552,0.0,0.0,0.0,0.0,0.4999999995965803,0.0141943565400843,51.96267800632912,0.8665648527343427,0.8372479213204269,9.020748625057584,0.019635429309199,1,2,0,0.0,0.5,14.301300220946151
/Users/kevin.kunkel/Documents/Dev/Uni/ca-friend-foe-analysis/frames/hans_westmar/frame_114879.png,64.04206223628692,49.11858777326572,0.76697386032546,0.7343024789029536,0.0281315928270042,0.0,0.0,0.0,0.0,0.4999999996096316,0.0165545886075949,46.33881856540084,0.8725512947795152,0.825378609249607,9.175918412496454,0.0201511035215809,1,2,1,0.0313884493670886,0.1882911392405063,14.61755234613167
/Users/kevin.kunkel/Documents/Dev/Uni/ca-friend-foe-analysis/frames/hans_westmar/frame_114911.png,60.78120385021097,48.369600041243885,0.7957986498731734,0.7525712025316456,0.0207212552742616,0.0,0.0,0.0,0.0,0.4999999995886887,0.0174248417721518,44.32842167721519,0.8731391681145032,0.8249579610325143,9.1301561303271,0.0204722064632066,1,2,1,0.027854694092827,0.1914556962025316,16.405211085146394
/Users/kevin.kunkel/Documents/Dev/Uni/ca-friend-foe-analysis/frames/hans_westmar/frame_115035.png,36.06111550632912,30.89648177539666,0.856781085551718,0.9154667721518988,0.0043051160337552,0.0,0.0,0.0,0.0,0.4999999993067325,0.0264108649789029,15.462302215189872,0.9276716720443452,0.8902376520228344,9.420155212429831,0.0324064557417199,1,1,0,0.0,0.5,31.83301423024885
/Users/kevin.kunkel/Documents/Dev/Uni/ca-friend-foe-analysis/frames/hans_westmar/frame_115064.png,36.36654140295359,30.89101683127936,0.8494351003592266,0.910996835443038,0.0031513713080168,0.0,0.0,0.0,0.0,0.4999999993125549,0.0256658755274261,15.354819356540084,0.9274965355340448,0.8932601658806982,9.270566795316626,0.032413143759013,1,1,0,0.0,0.5,34.61761853146282
/Users/kevin.kunkel/Documents/Dev/Uni/ca-friend-foe-analysis/frames/hans_westmar/frame_115073.png,35.41724683544304,31.013421502732665,0.8756587308794084,0.9153942510548524,0.0037381329113924,0.0,0.0,0.0,0.0,0.4999999992941292,0.0237803270042194,16.710864978902954,0.9309119301729132,0.8976308223711426,8.984916263611916,0.0322720079761155,1,0,0,0.0,0.5,40.83516416134802
/Users/kevin.kunkel/Documents/Dev/Uni/ca-friend-foe-analysis/frames/hans_westmar/frame_115084.png,34.6542260021097,30.09722008509792,0.8685007132006229,0.9208860759493672,0.0034612341772151,0.0,0.0,0.0,0.0,0.4999999992785873,0.0230221518987341,16.44616956751055,0.9319670410358236,0.9000856808968313,8.940576537498442,0.0332347307851169,1,1,0,0.0,0.5,31.02679484468985
/Users/kevin.kunkel/Documents/Dev/Uni/ca-friend-foe-analysis/frames/hans_westmar/frame_115106.png,44.72626582278481,44.55496257268531,0.9961699608369892,0.8215717299578059,0.0163370253164556,0.0,0.0,0.0,0.0,0.4999999994410443,0.0192378691983122,34.08349156118143,0.8761761603375527,0.8678463431786216,9.05950619032374,0.0224465555330377,1,4,1,0.2770635548523206,0.485759493670886,282.1707699974082
/Users/kevin.kunkel/Documents/Dev/Uni/ca-friend-foe-analysis/frames/hans_westmar/frame_115180.png,45.427023997890295,46.523404758528805,1.024134987541247,0.8264767932489452,0.0356342299578059,0.0,0.0,0.0,0.0,0.4999999994496668,0.017761075949367,32.7579707278481,0.9160386675767354,0.85891820757839,9.079482776661498,0.0215086568624229,1,3,1,0.2558610232067511,0.5743670886075949,245.5735452443196
/Users/kevin.kunkel/Documents/Dev/Uni/ca-friend-foe-analysis/frames/hans_westmar/frame_115312.png,37.951430643459915,35.03578012038818,0.923174157970996,0.9041337025316456,0.010548523206751,0.0,0.0,0.0,0.0,0.4999999993412633,0.0409480485232067,9.644745516877634,0.9170945540663524,0.8830255129477952,13.252453425631872,0.0305276283796719,1,0,0,0.0,0.5,517.2640566255643
/Users/kevin.kunkel/Documents/Dev/Uni/ca-friend-foe-analysis/frames/hans_westmar/frame_115653.png,51.002478902953584,34.76742811416464,0.6816811416588443,0.8550566983122363,0.0067180907172995,0.0,0.0,0.0,0.0,0.4999999995098277,0.0258702531645569,17.91714135021097,0.892798150905932,0.8761954992967651,11.700811506962092,0.0296273438288047,1,1,1,0.0229496308016877,0.3306962025316455,265.76024589073876
/Users/kevin.kunkel/Documents/Dev/Uni/ca-friend-foe-analysis/frames/hans_westmar/frame_116025.png,53.31856540084388,47.68009046377647,0.8942493110213521,0.8077333860759494,0.0334322257383966,0.0,0.0,0.0,0.0,0.4999999995311202,0.0294699367088607,31.88781645569621,0.8424764209481261,0.8451481964093654,12.553635116507827,0.0214818134534711,1,4,2,0.0299709915611814,0.435126582278481,536.6842158877375
/Users/kevin.kunkel/Documents/Dev/Uni/ca-friend-foe-analysis/frames/hans_westmar/frame_116878.png,63.420978375527426,44.51473903486753,0.7018929714565135,0.7118209388185655,0.0098101265822784,0.0,0.0,0.0,0.0,0.4999999996058087,0.0335904535864978,34.157529008438814,0.849652932903119,0.8732517374038222,12.451029003456226,0.0230680037789267,1,1,0,0.0,0.5,522.6765590714527
/Users/kevin.kunkel/Documents/Dev/Uni/ca-friend-foe-analysis/frames/hans_westmar/frame_117063.png,64.75423918776372,39.451833295933014,0.6092548338126803,0.7542787447257384,0.008564082278481,0.0,0.0,0.0,0.0,0.4999999996139249,0.019053270042194,-5.1522085970464175,0.8647178270042194,0.8493889612807148,7.749114175233471,0.0252862229806597,1,3,1,0.1444092827004219,0.370253164556962,227.17748693693844
/Users/kevin.kunkel/Documents/Dev/Uni/ca-friend-foe-analysis/frames/hans_westmar/frame_117137.png,66.65098892405064,45.587213996711235,0.6839690552868067,0.6984045358649789,0.0193763185654008,0.0,0.0,0.0,0.0,0.4999999996249118,0.0256592827004219,33.70048786919831,0.8212219740216762,0.8534155497642095,11.17286780718418,0.0221141828620504,2,2,0,0.0,0.5,292.5623972941119
/Users/kevin.kunkel/Documents/Dev/Uni/ca-friend-foe-analysis/frames/hans_westmar/frame_117157.png,76.23931962025317,56.872773910728114,0.7459769331548708,0.6442049050632911,0.059315664556962,0.0,0.0,0.0,0.0,0.4999999996720852,0.0263647151898734,59.10337552742617,0.8249839703814015,0.8505144990485646,11.06374197274708,0.0176397822691576,1,1,0,0.0,0.5,293.1219839489184
/Users/kevin.kunkel/Documents/Dev/Uni/ca-friend-foe-analysis/frames/hans_westmar/frame_117175.png,70.86525580168777,52.316657087097546,0.7382553893501363,0.6901305379746835,0.0455498417721519,0.0,0.0,0.0,0.0,0.4999999996472178,0.0262196729957805,38.51939609704641,0.8250351617440226,0.8312260072805493,11.28642063733978,0.0192023188751047,1,2,0,0.0,0.5,287.7916814305635
/Users/kevin.kunkel/Documents/Dev/Uni/ca-friend-foe-analysis/frames/hans_westmar/frame_118989.png,101.7274789029536,58.99805603761797,0.5799618413418561,0.4433939873417721,0.1471980485232067,0.0,0.0,0.0,0.0,0.4999999997542453,0.0527030590717299,14.89551687763712,0.7316405021924381,0.8095258335401672,17.383353667792345,0.0170917607102945,3,7,0,0.0,0.5,236.61859781161704
/Users/kevin.kunkel/Documents/Dev/Uni/ca-friend-foe-analysis/frames/hans_westmar/frame_121101.png,69.22107067510548,47.3863989004481,0.6845661063869305,0.6814675632911392,0.0346255274261603,0.0,0.0,0.0,0.0,0.4999999996388383,0.0507581751054852,10.114003164556962,0.8025911102837759,0.8028455158434682,17.833876038147846,0.0214819715524596,4,4,3,0.055650052742616,0.6566455696202531,214.87807534088023
/Users/kevin.kunkel/Documents/Dev/Uni/ca-friend-foe-analysis/frames/hans_westmar/frame_121602.png,85.6288963607595,52.24315171411026,0.6101112343314075,0.5340915084388186,0.0942774261603375,0.0,0.0,0.0,0.0,0.4999999997080425,0.035759493670886,36.326193301687766,0.7946248552163482,0.8309029846115662,13.84178282445336,0.0192124176808267,3,4,0,0.0,0.5,216.8666002893566
/Users/kevin.kunkel/Documents/Dev/Uni/ca-friend-foe-analysis/frames/hans_westmar/frame_122323.png,45.372105748945145,43.35402183176109,0.9555214822097358,0.8474551687763713,0.0269910337552742,0.211959388185654,3.7484468528281503,1.1400382383966243,12.575040172345,0.5000480166788518,0.0410007911392405,1.2261010021097078,0.8452550777695045,0.853041232315711,13.38630756143458,0.0238495572244317,1,7,1,0.0164820675105485,0.6455696202531646,543.0489033487453
/Users/kevin.kunkel/Documents/Dev/Uni/ca-friend-foe-analysis/frames/hans_westmar/frame_122400.png,40.678645833333334,33.57145804968626,0.8252845511304684,0.9122099156118144,0.0112341772151898,0.0,0.0,0.0,0.0,0.499999999385427,0.0357067510548523,12.857746571729956,0.9044319827086952,0.8972579527591628,12.27332015004928,0.0327216820009309,1,0,1,0.0380801687763713,0.3227848101265823,610.0713407489003
/Users/kevin.kunkel/Documents/Dev/Uni/ca-friend-foe-analysis/frames/hans_westmar/frame_123711.png,39.723101265822784,29.408785025739625,0.7403446361074552,0.9258900316455696,0.0095398206751054,0.0,0.0,0.0,0.0,0.4999999993706433,0.0143591772151898,2.2608649789029513,0.9183558782162654,0.9000362993298585,6.927366523971933,0.0336657988610155,1,3,0,0.0,0.5,31.283232959804504
/Users/kevin.kunkel/Documents/Dev/Uni/ca-friend-foe-analysis/frames/hans_westmar/frame_124728.png,44.950646097046416,41.42425495504354,0.9215497097295436,0.8840058016877637,0.0340717299578059,0.0,0.0,0.0,0.0,0.4999999994438345,0.0203916139240506,22.504680907172997,0.9021429014643833,0.8905422147762059,9.352224644653774,0.0245016826403617,1,5,1,0.1563554852320675,0.4018987341772151,312.97703027741323
/Users/kevin.kunkel/Documents/Dev/Uni/ca-friend-foe-analysis/frames/hans_westmar/frame_125558.png,33.25420622362869,31.541744942648496,0.948503916637956,0.9322587025316456,0.0077267932489451,0.0,0.0,0.0,0.0,0.4999999992482155,0.0079113924050632,10.624353902953589,0.9055525564656244,0.8862116323322577,6.1461098861609536,0.0312303625914744,1,3,0,0.0,0.5,20.60338634469821
/Users/kevin.kunkel/Documents/Dev/Uni/ca-friend-foe-analysis/frames/hans_westmar/frame_125672.png,44.61387130801688,41.837188137813435,0.9377618847553212,0.8926753691983123,0.0407634493670886,0.0,0.0,0.0,0.0,0.4999999994396362,0.0152492088607594,26.755669831223635,0.911638744105237,0.8984303383800778,7.770575525296563,0.023943475512583,1,4,1,0.0620319092827004,0.5363924050632911,294.50529966439734
/Users/kevin.kunkel/Documents/Dev/Uni/ca-friend-foe-analysis/frames/hans_westmar/frame_126625.png,42.69659810126582,44.088267889959,1.0325943926992271,0.8597903481012659,0.0438159282700421,0.0,0.0,0.0,0.0,0.4999999994144733,0.0162974683544303,17.872626582278485,0.8488323198477703,0.8765457723173657,8.289057703904982,0.022817769023139,1,3,2,0.0754878691983122,0.3243670886075949,254.0618370986833
/Users/kevin.kunkel/Documents/Dev/Uni/ca-friend-foe-analysis/frames/hans_westmar/frame_126842.png,28.544600474683545,15.665433397106415,0.5488054862116454,0.9897020042194092,0.0036128691983122,0.0,0.0,0.0,0.0,0.4999999991241776,0.0027294303797468,8.697778217299575,0.9600521738231156,0.9678151629850252,2.7543163282776675,0.0613736818602605,1,2,0,0.0,0.5,7.641451071739582
/Users/kevin.kunkel/Documents/Dev/Uni/ca-friend-foe-analysis/frames/hans_westmar/frame_126862.png,28.62007515822785,14.714685669814353,0.5141386085483509,0.9910667194092828,0.0024459388185654,0.0,0.0,0.0,0.0,0.4999999991264872,0.0026700949367088,8.69996703586498,0.9618752068337884,0.96766376065194,2.6697259965476032,0.0652207890791558,1,1,0,0.0,0.5,6.765472044954653
/Users/kevin.kunkel/Documents/Dev/Uni/ca-friend-foe-analysis/frames/hans_westmar/frame_126895.png,88.76070015822785,58.49831667116575,0.6590565024946741,0.5429918248945148,0.1295820147679325,0.0,0.0,0.0,0.0,0.4999999997183438,0.0649723101265822,13.287216508438815,0.7986872776536775,0.7600632394307933,18.76227324357241,0.0172100856768682,8,6,2,0.0370846518987341,0.430379746835443,43.0580670251549
/Users/kevin.kunkel/Documents/Dev/Uni/ca-friend-foe-analysis/frames/hans_westmar/frame_127435.png,78.47819092827004,51.22360490506184,0.6527113358998001,0.608412447257384,0.0816785337552742,0.0,0.0,0.0,0.0,0.4999999996814401,0.0705893987341772,14.88575949367089,0.8282632166790767,0.797094398941011,19.59691613415447,0.0199734564363301,4,8,2,0.0431698312236286,0.1170886075949367,387.41206551471686
/Users/kevin.kunkel/Documents/Dev/Uni/ca-friend-foe-analysis/frames/hans_westmar/frame_127465.png,77.01714794303797,50.722825626586456,0.6585913256388308,0.6096057489451476,0.076832805907173,0.0,0.0,0.0,0.0,0.499999999675397,0.0660864978902953,8.706111550632912,0.8334088793745347,0.7963086890874493,18.744259935915416,0.020158643126172,4,7,2,0.0310983649789029,0.4414556962025316,445.0571997155069
/Users/kevin.kunkel/Documents/Dev/Uni/ca-friend-foe-analysis/frames/hans_westmar/frame_127604.png,91.48700553797468,48.28305941422024,0.5277586590305757,0.4774063818565401,0.0506526898734177,0.0,0.0,0.0,0.0,0.4999999997267371,0.01178138185654,27.46505142405063,0.7972457495656491,0.8088439542483661,9.634592282920597,0.0204869095841624,4,5,0,0.0,0.5,14.647878082287804
/Users/kevin.kunkel/Documents/Dev/Uni/ca-friend-foe-analysis/frames/hans_westmar/frame_127616.png,86.8854760021097,48.2653067041698,0.5555048883825804,0.5117681962025317,0.0423325421940928,0.0,0.0,0.0,0.0,0.4999999997122649,0.0117879746835443,20.877155854430384,0.7816817138247704,0.8054865247786879,9.610640813436616,0.0205017205986263,5,3,1,0.0361023206751054,0.7468354430379747,14.500171339417635
/Users/kevin.kunkel/Documents/Dev/Uni/ca-friend-foe-analysis/frames/hans_westmar/frame_127862.png,79.55225474683544,45.14224484273498,0.5674539952343126,0.5551424050632912,0.0308412447257383,0.0,0.0,0.0,0.0,0.4999999996857411,0.0283821202531645,0.2648338607594951,0.8115490816579797,0.8258723215024406,13.56604071214054,0.0221562471221095,2,9,0,0.0,0.5,32.90074532170686
/Users/kevin.kunkel/Documents/Dev/Uni/ca-friend-foe-analysis/frames/hans_westmar/frame_127982.png,116.3690664556962,68.13425399055906,0.5855014223900202,0.3547006856540084,0.2233122362869198,0.0,0.0,0.0,0.0,0.4999999997851663,0.0244527953586497,27.535627637130816,0.7117333705634152,0.7326648465293291,14.281130638595505,0.0146364286344875,6,5,1,0.022178270042194,0.379746835443038,37.774312855795785
/Users/kevin.kunkel/Documents/Dev/Uni/ca-friend-foe-analysis/frames/hans_westmar/frame_128231.png,60.996242088607595,32.98021817287482,0.5406926228487337,0.8202795358649789,0.0050830696202531,0.0,0.0,0.0,0.0,0.4999999995901387,0.0282107067510548,8.22933808016878,0.8865563208405725,0.8919161082154381,12.420351497004225,0.0303581639390987,3,2,1,0.0199433016877637,0.805379746835443,29.797921164124705
/Users/kevin.kunkel/Documents/Dev/Uni/ca-friend-foe-analysis/frames/hans_westmar/frame_128262.png,66.40551160337553,32.118097342475146,0.4836661373221904,0.7693367616033755,0.0040677742616033,0.0,0.0,0.0,0.0,0.4999999996235252,0.0280722573839662,6.591693037974679,0.8808534996276992,0.8813981964093655,12.664993372304805,0.0312812883817849,3,1,0,0.0,0.5,30.166996094157405
/Users/kevin.kunkel/Documents/Dev/Uni/ca-friend-foe-analysis/frames/hans_westmar/frame_128320.png,70.2975013185654,31.121888692396347,0.4427168542888942,0.722778217299578,0.0037381329113924,0.0,0.0,0.0,0.0,0.4999999996443686,0.0225936181434599,-1.8538568037974557,0.8787697009183421,0.906891339869281,11.89156221045438,0.0322524087772154,4,1,1,0.020675105485232,0.819620253164557,27.440858909286806
/Users/kevin.kunkel/Documents/Dev/Uni/ca-friend-foe-analysis/frames/hans_westmar/frame_129406.png,25.67927874472574,10.872090544259445,0.4233799013593585,0.99801555907173,0.0,0.0879483122362869,1.6429204371268922,0.4137460443037974,7.602441009686276,0.5000309978549234,0.0031052215189873,-0.174769251054851,0.9645706647637958,0.9690519256225696,3.879406273139953,0.08784211318242,1,0,0,0.0,0.5,7.514857372869637
/Users/kevin.kunkel/Documents/Dev/Uni/ca-friend-foe-analysis/frames/hans_westmar/frame_129716.png,27.74856276371308,9.358331414784956,0.3372546340777484,0.997659546413502,0.0001384493670886,0.0,0.0,0.0,0.0,0.4999999990990524,0.0024986814345991,0.3075026371307992,0.9729663067758748,0.9771178745759908,3.4085311252617503,0.1029480233956205,1,0,0,0.0,0.5,9.794893075707634
/Users/kevin.kunkel/Documents/Dev/Uni/ca-friend-foe-analysis/frames/hans_westmar/frame_129915.png,112.08810654008438,52.832526166163525,0.4713481898289985,0.3212289029535864,0.1727848101265822,0.002043776371308,0.1159533960983967,0.0444158755274261,2.497033802368304,0.5000008967531838,0.0092827004219409,-35.96532172995779,0.7838556920658559,0.7978280383883511,10.85347015865227,0.018779428887307,7,9,0,0.0,0.5,22.016160248292536
/Users/kevin.kunkel/Documents/Dev/Uni/ca-friend-foe-analysis/frames/hans_westmar/frame_131149.png,83.38742747890295,63.34714462360051,0.7596726084835763,0.5470398206751055,0.1326344936708861,0.0,0.0,0.0,0.0,0.4999999997001946,0.0455300632911392,4.2382318037974755,0.6908729937122529,0.7646619818813601,17.475778665256687,0.0159779352968814,4,9,0,0.0,0.5,272.0162403271951
/Users/kevin.kunkel/Documents/Dev/Uni/ca-friend-foe-analysis/frames/hans_westmar/frame_132235.png,74.68036656118143,58.7481059221801,0.7866606519048754,0.6998747362869199,0.1287315400843882,0.0,0.0,0.0,0.0,0.49999999966524,0.0411656118143459,45.07082014767933,0.783545751633987,0.828467051377513,15.346299399239806,0.0170325290972234,2,5,0,0.0,0.5,82.48878674195004
/Users/kevin.kunkel/Documents/Dev/Uni/ca-friend-foe-analysis/frames/hans_westmar/frame_132779.png,50.744831223628694,56.45719131458677,1.112570282370772,0.7920226793248946,0.0747890295358649,0.0,0.0,0.0,0.0,0.499999999507339,0.029028217299578,-6.0396360759493675,0.7840305700339207,0.7741961404815091,11.187422504826968,0.0176353061399758,1,4,0,0.0,0.5,39.95923779107696
/Users/kevin.kunkel/Documents/Dev/Uni/ca-friend-foe-analysis/frames/hans_westmar/frame_132937.png,60.59351925105485,39.97340157893787,0.6596976377514534,0.7618736814345991,0.0223233122362869,0.0,0.0,0.0,0.0,0.4999999995874146,0.02896888185654,12.522092563291146,0.8374081140895177,0.8551566248862414,12.322520884007062,0.0251184621006821,3,2,0,0.0,0.5,44.79770362647844
/Users/kevin.kunkel/Documents/Dev/Uni/ca-friend-foe-analysis/frames/hans_westmar/frame_133228.png,59.25563686708861,63.40160492129503,1.0699674860724078,0.7610429852320675,0.1210245253164557,0.0,0.0,0.0,0.0,0.4999999995780992,0.0283821202531645,-5.572883702531641,0.8048933254736494,0.7285897555224621,12.005846642166553,0.0156992925406612,1,3,0,0.0,0.5,41.83412843703683
/Users/kevin.kunkel/Documents/Dev/Uni/ca-friend-foe-analysis/frames/hans_westmar/frame_133433.png,69.11211102320675,42.55364777273688,0.6157191132083367,0.6638581223628692,0.0139504219409282,0.0,0.0,0.0,0.0,0.4999999996382689,0.0277558016877637,29.134196993670884,0.8458351431289816,0.8480352341358485,12.371690930507114,0.0235167364288678,3,3,0,0.0,0.5,40.84760264488413
/Users/kevin.kunkel/Documents/Dev/Uni/ca-friend-foe-analysis/frames/hans_westmar/frame_133566.png,51.264411919831225,56.46541636806862,1.1014544816436287,0.7893987341772152,0.0787974683544303,0.0,0.0,0.0,0.0,0.4999999995123322,0.0275777953586497,-7.5503823839662445,0.7796328700256474,0.7729181145031853,11.157808676900286,0.0176225904051767,1,3,0,0.0,0.5,36.7470674140384
/Users/kevin.kunkel/Documents/Dev/Uni/ca-friend-foe-analysis/frames/hans_westmar/frame_135136.png,35.59033491561181,40.59876759607761,1.1407245135025794,0.8692774261603375,0.0134823312236286,0.0,0.0,0.0,0.0,0.4999999992975621,0.0431764240506329,16.93548259493671,0.8793686398610077,0.8776961818482667,13.8978694749711,0.0251156382537294,1,6,0,0.0,0.5,42.27827516647725
/Users/kevin.kunkel/Documents/Dev/Uni/ca-friend-foe-analysis/frames/hans_westmar/frame_135947.png,42.27876450421941,39.95195773289276,0.9449651168119884,0.8640361286919831,0.0061445147679324,0.0,0.0,0.0,0.0,0.4999999994086866,0.021696993670886,13.782258702531642,0.8767558637379003,0.8718536961197981,9.583004836448168,0.0255862723556037,1,1,3,0.2157568565400844,0.3243670886075949,267.3370764830699
/Users/kevin.kunkel/Documents/Dev/Uni/ca-friend-foe-analysis/frames/hans_westmar/frame_136870.png,45.54618275316456,38.45887668328091,0.8443929715749776,0.8140097573839662,5.2742616033755275e-05,0.0,0.0,0.0,0.0,0.4999999994511066,0.0196466244725738,8.053078850210966,0.8766343488872342,0.8180797034003475,10.279933723287446,0.0258810307661558,1,0,2,0.0916798523206751,0.2832278481012658,21.16359546968621
/Users/kevin.kunkel/Documents/Dev/Uni/ca-friend-foe-analysis/frames/hans_westmar/frame_137689.png,60.726193301687765,46.93360440173751,0.7728724916327965,0.8063357067510548,0.070404799578059,0.0,0.0,0.0,0.0,0.499999999588316,0.0551292194092827,-3.623951740506328,0.8343973380491437,0.8524376913212542,17.991219675422617,0.0220209485383198,1,15,2,0.023589135021097,0.1534810126582278,176.5513775190299
/Users/kevin.kunkel/Documents/Dev/Uni/ca-friend-foe-analysis/frames/hans_westmar/frame_137939.png,42.45836629746835,40.09595797270266,0.9443594131095312,0.9031184071729956,0.0329377637130801,2.8127637130801686,20.756271688535577,5.99560917721519,23.534361811815753,0.4991016853639811,0.0124077004219409,5.967292985232071,0.8894706606271201,0.9162170617192024,8.43058005973497,0.0247493949027174,1,2,0,0.0,0.5,15.923713285723691
/Users/kevin.kunkel/Documents/Dev/Uni/ca-friend-foe-analysis/frames/hans_westmar/frame_137974.png,37.053540348101265,37.21413529510459,1.0043341296151784,0.9217101793248944,0.0293248945147679,4.070292721518987,26.456805980077764,6.16790611814346,23.99573787628697,0.4990109514440475,0.0098101265822784,9.481269778481014,0.9020165777281376,0.924739544551998,7.489710440376028,0.0266130569962574,1,2,1,0.0841838080168776,0.3243670886075949,15.004721609732504
/Users/kevin.kunkel/Documents/Dev/Uni/ca-friend-foe-analysis/frames/hans_westmar/frame_138546.png,74.86626450421942,48.34186152861043,0.645709543332631,0.7012592299578059,0.0729496308016877,0.5843947784810126,2.703648572121369,3.2373417721518987,13.55581515731881,0.4993707518805561,0.0603573312236286,-18.511464926160343,0.8321667390584926,0.8417141867295441,18.94563130935416,0.0210752321667689,2,7,0,0.0,0.5,57.05953856572586
/Users/kevin.kunkel/Documents/Dev/Uni/ca-friend-foe-analysis/frames/hans_westmar/frame_138587.png,80.75083728902953,51.513645753313675,0.637933270030858,0.6461893459915612,0.0853177742616033,2.5567642405063293,20.70695156757372,6.955755537974683,30.177431532768356,0.5001335351843471,0.067550105485232,-15.308986023206742,0.8158137358318855,0.8051352175891453,20.429295697058578,0.0197523325015114,7,13,0,0.0,0.5,70.71491996654045
/Users/kevin.kunkel/Documents/Dev/Uni/ca-friend-foe-analysis/frames/hans_westmar/frame_138950.png,87.87385284810127,52.8049124952028,0.6009172321872542,0.5099287974683544,0.0305445675105485,0.0,0.0,0.0,0.0,0.4999999997155013,0.0589596518987341,-7.628757911392398,0.8307535989079176,0.7670909861835029,17.895023212610358,0.0192881776411957,6,10,0,0.0,0.5,178.3243775512403
/Users/kevin.kunkel/Documents/Dev/Uni/ca-friend-foe-analysis/frames/hans_westmar/frame_139153.png,116.37933808016878,72.45164152005148,0.6225472893469105,0.4149723101265822,0.3364319620253164,0.0,0.0,0.0,0.0,0.4999999997851852,0.0283030063291139,-67.31164293248946,0.8948100231653843,0.7657978613386283,16.705369566454443,0.0138166622947966,3,8,1,0.020675105485232,0.4493670886075949,29.810090555861414
/Users/kevin.kunkel/Documents/Dev/Uni/ca-friend-foe-analysis/frames/hans_westmar/frame_139380.png,74.99591904008439,67.87203209324161,0.9050096708124064,0.6634691455696202,0.1753757911392405,0.0,0.0,0.0,0.0,0.4999999996666485,0.0375263713080168,24.214998681434594,0.7316398299826259,0.7409021572764127,16.220953975746415,0.0147183930003219,1,9,0,0.0,0.5,32.677919542999824
/Users/kevin.kunkel/Documents/Dev/Uni/ca-friend-foe-analysis/frames/hans_westmar/frame_139547.png,98.4704641350211,67.44266453025634,0.6849024735913686,0.5187236286919831,0.2842497362869198,0.0,0.0,0.0,0.0,0.4999999997461168,0.0656711497890295,0.0784546413502056,0.7924241954165633,0.6614145362786464,19.997956316783178,0.014955958616237,1,6,0,0.0,0.5,107.04766988599576
/Users/kevin.kunkel/Documents/Dev/Uni/ca-friend-foe-analysis/frames/hans_westmar/frame_139559.png,104.72080036919832,68.3878728642541,0.6530495618620594,0.4805643459915611,0.3194752109704641,0.0196598101265822,0.3651066116319286,0.1993670886075949,3.452865198706116,0.4999637679730304,0.0724947257383966,-5.9881526898734165,0.7987800426077604,0.644229802680566,21.04968830643881,0.0147837413889217,2,13,1,0.0199433016877637,0.5743670886075949,114.56376665122336
/Users/kevin.kunkel/Documents/Dev/Uni/ca-friend-foe-analysis/frames/hans_westmar/frame_139571.png,106.18879878691985,69.29053789424769,0.6525220985693133,0.4754746835443038,0.3197652953586498,0.0,0.0,0.0,0.0,0.4999999997645702,0.0737143987341772,3.9008636603375497,0.8076758604285597,0.6605450587407959,21.54519852440702,0.0145894367348339,3,15,1,0.0095200421940928,0.4620253164556962,111.4979690787264
/Users/kevin.kunkel/Documents/Dev/Uni/ca-friend-foe-analysis/frames/hans_westmar/frame_139621.png,100.49925501054852,63.16594840534812,0.6285215580539975,0.4846980485232067,0.1954113924050632,0.0,0.0,0.0,0.0,0.4999999997512419,0.09573444092827,-1.27111682489452,0.7808480702407545,0.7291018759824606,23.84560640961308,0.0160526638833631,10,15,0,0.0,0.5,74.98044889927061
/Users/kevin.kunkel/Documents/Dev/Uni/ca-friend-foe-analysis/frames/hans_westmar/frame_139876.png,84.93924709915612,54.24719674029227,0.638658788829379,0.5605089662447258,0.0811774789029535,0.0,0.0,0.0,0.0,0.499999999705672,0.0636075949367088,-13.51445806962026,0.7998572329775793,0.7661368102093158,19.98910636583079,0.0187216585815759,7,13,0,0.0,0.5,89.96398866046606
/Users/kevin.kunkel/Documents/Dev/Uni/ca-friend-foe-analysis/frames/hans_westmar/frame_140093.png,55.86834783755274,52.438490064352735,0.9386082101974136,0.7619396097046414,0.042279799578059,0.6671743143459916,4.574962360142891,3.444033491561181,21.44576014736844,0.5000812220065526,0.0433346518987341,11.815829377637137,0.8380171361793662,0.784933037561016,15.011219181755648,0.0191586518970299,1,3,0,0.0,0.5,42.230578196338215
/Users/kevin.kunkel/Documents/Dev/Uni/ca-friend-foe-analysis/frames/hans_westmar/frame_140244.png,83.39169303797469,71.92449940782426,0.8624899759358822,0.6300039556962025,0.2128560126582278,0.1692246835443038,2.131994477886074,1.5552215189873415,13.653375850053646,0.4999694452898761,0.0461102320675105,-2.624736286919841,0.7033890750392984,0.6539141226110697,17.56055652504528,0.0139188465897499,2,12,1,0.0229496308016877,0.3085443037974683,33.23860923309292
/Users/kevin.kunkel/Documents/Dev/Uni/ca-friend-foe-analysis/frames/hans_westmar/frame_140534.png,132.864055907173,56.82464460883961,0.4276901241504459,0.2321136603375527,0.4140690928270042,2.046716772151899,7.007682533058127,14.09493670886076,25.436763978636417,0.4984443080426226,0.0347573839662447,14.932252109704647,0.8540122652436501,0.7529460370646148,13.236451752757992,0.0176207068787451,10,2,0,0.0,0.5,43.305898559933965
/Users/kevin.kunkel/Documents/Dev/Uni/ca-friend-foe-analysis/frames/hans_westmar/frame_140702.png,75.44460047468354,51.72832617520478,0.6856464979756672,0.615532700421941,0.0593684071729957,0.1678401898734177,2.746806167558979,1.146756329113924,8.215249823862486,0.4997785268511424,0.0415677742616033,-14.122263976793242,0.835183409861835,0.7762711487548606,15.829636333534744,0.0194174654225883,4,13,0,0.0,0.5,50.82988844888818
/Users/kevin.kunkel/Documents/Dev/Uni/ca-friend-foe-analysis/frames/hans_westmar/frame_140758.png,109.6259559599156,50.60713817384653,0.4616346346497303,0.3421083860759493,0.136148470464135,0.0,0.0,0.0,0.0,0.4999999997719518,0.0761010021097046,7.632667457805908,0.8069320861255895,0.7779361607512203,22.515189580095864,0.0201434055343327,21,24,0,0.0,0.5,74.84401391833072
/Users/kevin.kunkel/Documents/Dev/Uni/ca-friend-foe-analysis/frames/hans_westmar/frame_140990.png,161.6446795886076,51.27594749436945,0.3172139509518498,0.1048852848101265,0.6055841244725738,0.0,0.0,0.0,0.0,0.4999999998453397,0.0647085970464135,11.45864319620253,0.8581766050301978,0.8313661888806155,18.077754119515877,0.019959612196428,11,12,1,0.0192246835443037,0.1645569620253164,112.14863886143598
/Users/kevin.kunkel/Documents/Dev/Uni/ca-friend-foe-analysis/frames/hans_westmar/frame_141022.png,80.69529272151898,49.6885577959082,0.6157553440670802,0.6823707805907173,0.0881526898734177,1.2893130274261604,5.8345966137478005,5.8801424050632916,17.83907143323256,0.4989441994583275,0.0498154008438818,4.700936181434599,0.8443370977082816,0.8045580996111524,17.49374310216525,0.0202395202359392,5,11,0,0.0,0.5,64.2535144971768
/Users/kevin.kunkel/Documents/Dev/Uni/ca-friend-foe-analysis/frames/hans_westmar/frame_141621.png,83.8043578586498,68.70335314895418,0.8198064494790754,0.6002439345991561,0.1744066455696202,0.0,0.0,0.0,0.0,0.4999999997016862,0.067339135021097,-27.022290348101272,0.7403790746256309,0.7186679386944652,22.72097716099952,0.0146837974461654,9,13,0,0.0,0.5,84.1229177402719
/Users/kevin.kunkel/Documents/Dev/Uni/ca-friend-foe-analysis/frames/hans_westmar/frame_143713.png,56.74787051687764,39.645050166665335,0.6986174060049104,0.7875527426160338,0.0180247890295358,0.0,0.0,0.0,0.0,0.4999999995594548,0.0402821729957805,8.847066191983117,0.8646339559030363,0.8411682489451476,13.852895804624298,0.025373141617938,7,7,1,0.027854694092827,0.2231012658227848,39.12809023240199
/Users/kevin.kunkel/Documents/Dev/Uni/ca-friend-foe-analysis/frames/hans_westmar/frame_144110.png,76.39531909282701,42.52702199069581,0.5566705190844834,0.6549314345991561,0.0396031118143459,0.0,0.0,0.0,0.0,0.4999999996727548,0.0960443037974683,-4.144448839662445,0.8449598742450567,0.8368984239265327,21.771189990678344,0.0244829193887654,4,12,0,0.0,0.5,55.911342409649635
/Users/kevin.kunkel/Documents/Dev/Uni/ca-friend-foe-analysis/frames/hans_westmar/frame_144931.png,90.98488924050632,46.40514429141603,0.5100313318813537,0.4943960970464135,0.0613396624472573,1.4630669831223628,8.870947216485124,8.072784810126583,20.47430667976292,0.4987154867648458,0.0637526371308016,-8.075105485232072,0.8371557251592621,0.8111604409696368,19.691777131287296,0.0224793623267169,15,7,0,0.0,0.5,420.2830160270065
/Users/kevin.kunkel/Documents/Dev/Uni/ca-friend-foe-analysis/frames/hans_westmar/frame_145161.png,90.5240835970464,45.23869928638326,0.4997421397578785,0.5157502637130802,0.0543051160337552,0.4470068565400844,2.5229589772740733,2.087143987341772,11.23473827984477,0.4996475434336041,0.0619857594936708,-8.509790348101262,0.8363675333002399,0.8213025874906925,19.90595261950863,0.023032135144281,14,6,0,0.0,0.5,457.513004039832
/Users/kevin.kunkel/Documents/Dev/Uni/ca-friend-foe-analysis/frames/hans_westmar/frame_145269.png,87.49737605485232,46.11826953368457,0.527081743023525,0.5294369725738397,0.0525316455696202,0.0,0.0,0.0,0.0,0.4999999997142771,0.0846914556962025,-7.465466772151899,0.829409903201787,0.8134689128816084,22.786585546708174,0.0231572651583893,6,7,1,0.0261669303797468,0.4034810126582278,474.9986785152511
/Users/kevin.kunkel/Documents/Dev/Uni/ca-friend-foe-analysis/frames/hans_westmar/frame_145344.png,108.11622494725738,52.614354565758376,0.4866462415124164,0.3631526898734177,0.1378032700421941,0.0,0.0,0.0,0.0,0.4999999997687673,0.115895305907173,3.70629614978904,0.8659307003392074,0.7525974704227683,23.949578539637898,0.0199172077455068,25,10,1,0.0229496308016877,0.4477848101265823,321.7588575138052
/Users/kevin.kunkel/Documents/Dev/Uni/ca-friend-foe-analysis/frames/hans_westmar/frame_145468.png,129.86555247890294,63.732179047747906,0.4907550754001981,0.2682950949367088,0.2766613924050632,0.0647877109704641,0.8620360121610243,0.3939873417721519,4.846030796523318,0.4999556927402145,0.0870055379746835,11.578197521097051,0.7848962211466866,0.6889644349300902,25.5461041442838,0.0162439746867938,19,12,0,0.0,0.5,363.2625573142104
/Users/kevin.kunkel/Documents/Dev/Uni/ca-friend-foe-analysis/frames/hans_westmar/frame_145512.png,129.49553665611813,65.01677470266262,0.5020773405118215,0.2770833333333333,0.2787513185654008,0.0586366033755274,0.800870134524489,0.370253164556962,4.698734134589153,0.4999585699639219,0.0863792194092827,13.530992879746831,0.7618816186812278,0.691969523041284,25.972543319083613,0.0159359240672566,21,9,0,0.0,0.5,419.87034486123343
/Users/kevin.kunkel/Documents/Dev/Uni/ca-friend-foe-analysis/frames/hans_westmar/frame_146738.png,113.15464135021097,67.50900181871404,0.5966083313375934,0.4270569620253164,0.2406513713080168,0.0,0.0,0.0,0.0,0.4999999997790634,0.0536722046413502,32.54042721518988,0.74967371969885,0.7592795979151155,21.63712040449161,0.0149768170790759,7,13,4,0.1308873945147679,0.4477848101265823,461.868116782664
