frame_path,mean_brightness,brightness_std,contrast,low_key_ratio,high_key_ratio,saturation_mean,saturation_std,hue_mean,hue_std,color_temperature,edge_density,center_brightness,vertical_symmetry,horizontal_symmetry,texture_contrast,texture_homogeneity,dark_regions_count,bright_regions_count,face_count,face_area_ratio,largest_face_y_position,dof_variance
/Users/kevin.kunkel/Documents/Dev/Uni/ca-friend-foe-analysis/frames/heimkehr/frame_000239.png,23.318819115323855,44.80474894343321,1.9213987007536804,0.9238217482885728,0.0497729067930489,0.0,0.0,0.0,0.0,0.4999999989279045,0.0213434702474986,29.17716561348078,0.9474658488988013,0.9043123831944574,14.219383356151296,0.0236641180786596,1,1,0,0.0,0.5,153.1742654779894
/Users/kevin.kunkel/Documents/Dev/Uni/ca-friend-foe-analysis/frames/heimkehr/frame_000759.png,23.98295813586098,27.41133401979838,1.142950496357495,0.9401560031595576,0.0,0.0,0.0,0.0,0.0,0.4999999989575931,0.0146425750394944,-7.602152448657186,0.9611402802300488,0.8983008084750488,6.166764077704136,0.0359620016689702,1,0,0,0.0,0.5,27.466228959164173
/Users/kevin.kunkel/Documents/Dev/Uni/ca-friend-foe-analysis/frames/heimkehr/frame_001016.png,84.52867956819378,85.8261317721197,1.0153492531649482,0.6126217746182201,0.2057892311743022,0.0,0.0,0.0,0.0,0.4999999997042424,0.1610584518167456,15.095148762506582,0.7136804200353127,0.650900112546335,50.54250891178163,0.0128370680918543,1,39,0,0.0,0.5,315.6271948044005
/Users/kevin.kunkel/Documents/Dev/Uni/ca-friend-foe-analysis/frames/heimkehr/frame_001245.png,86.25580568720379,89.00616243580774,1.0318860466666926,0.6054041600842549,0.2128389942074776,0.0,0.0,0.0,0.0,0.4999999997101644,0.1652448657187993,10.288665086887832,0.7250852357794091,0.5960988239424259,53.64552003998532,0.0124474515017809,1,31,0,0.0,0.5,355.3485233167948
/Users/kevin.kunkel/Documents/Dev/Uni/ca-friend-foe-analysis/frames/heimkehr/frame_001427.png,67.6644681411269,78.82163477917483,1.1648895916581894,0.6787618483412322,0.1329614270668773,0.0,0.0,0.0,0.0,0.4999999996305299,0.161134149552396,24.175618746708793,0.7409390907495172,0.6779524311040899,48.80614545015156,0.0141888826955376,7,46,0,0.0,0.5,346.96264815638887
/Users/kevin.kunkel/Documents/Dev/Uni/ca-friend-foe-analysis/frames/heimkehr/frame_001952.png,51.272738941548184,67.82296090890074,1.3227879410526773,0.7900078988941548,0.0855384412848867,0.0,0.0,0.0,0.0,0.4999999995124115,0.1378949447077409,14.9719556345445,0.8064859988229098,0.7460022044626171,38.5714405749132,0.0163891195775454,2,28,0,0.0,0.5,209.45301443380112
/Users/kevin.kunkel/Documents/Dev/Uni/ca-friend-foe-analysis/frames/heimkehr/frame_002032.png,49.2333827014218,64.20983656856525,1.3041930680966929,0.775042785676672,0.0648433385992627,0.0,0.0,0.0,0.0,0.4999999994922144,0.1405674038967878,26.30113546603475,0.8046307912317112,0.779437913659408,36.34272121143195,0.0172803728818623,1,13,0,0.0,0.5,279.1211430766579
/Users/kevin.kunkel/Documents/Dev/Uni/ca-friend-foe-analysis/frames/heimkehr/frame_002086.png,46.2437467087941,62.29224137114216,1.3470413984555452,0.8090047393364929,0.0647511848341232,0.0,0.0,0.0,0.0,0.4999999994593864,0.1396129541864139,19.506371774618223,0.820283379281149,0.8105058906132226,35.61905792830089,0.0180638255506691,1,29,0,0.0,0.5,326.0693410550497
/Users/kevin.kunkel/Documents/Dev/Uni/ca-friend-foe-analysis/frames/heimkehr/frame_002183.png,18.264942074776197,29.91841032220476,1.6380238183026907,0.9511782517114272,0.0078692733017377,0.0,0.0,0.0,0.0,0.4999999986312576,0.0412783043707214,10.078712480252763,0.9472785470164896,0.9325133455172484,11.86628792618223,0.0372893483867971,3,1,0,0.0,0.5,384.15508283042504
/Users/kevin.kunkel/Documents/Dev/Uni/ca-friend-foe-analysis/frames/heimkehr/frame_003167.png,96.3940527909426,81.22941432120274,0.8426807659296505,0.5165448920484466,0.312167588204318,0.0,0.0,0.0,0.0,0.4999999997406479,0.0473374144286466,14.545823459715647,0.8870830106660884,0.4922327282677157,15.412296732545398,0.0123587683777367,1,7,0,0.0,0.5,168.17994058618487
/Users/kevin.kunkel/Documents/Dev/Uni/ca-friend-foe-analysis/frames/heimkehr/frame_003417.png,61.741870721432335,52.519658200534096,0.8506327635006332,0.7014119273301738,0.0477718536071616,0.0,0.0,0.0,0.0,0.4999999995950884,0.0254739336492891,41.73983017377567,0.8927558880318847,0.801545498662867,13.131805795404745,0.0193557582708944,1,40,0,0.0,0.5,156.10929368659993
/Users/kevin.kunkel/Documents/Dev/Uni/ca-friend-foe-analysis/frames/heimkehr/frame_003709.png,41.78422525013165,66.1022615871746,1.58199083585419,0.8463072669826225,0.0881253291205897,0.0,0.0,0.0,0.0,0.4999999994016881,0.0413836229594523,21.853044365455503,0.8030815754421832,0.791450840999907,16.662955873135108,0.0155089627445937,1,21,0,0.0,0.5,215.5595327333362
/Users/kevin.kunkel/Documents/Dev/Uni/ca-friend-foe-analysis/frames/heimkehr/frame_003793.png,54.99876908899421,72.86238836348963,1.3248003444060727,0.7801606108478146,0.1230186940494997,0.0,0.0,0.0,0.0,0.4999999995454444,0.0388987625065824,35.135011848341236,0.7358238081962643,0.8718936695267892,16.293922023947935,0.0139886502842872,3,9,1,0.0556213796735123,0.2417061611374407,396.86728378988977
/Users/kevin.kunkel/Documents/Dev/Uni/ca-friend-foe-analysis/frames/heimkehr/frame_003848.png,65.62860716166404,69.65695083469502,1.0613809090442805,0.6694246972090574,0.1273334649815692,0.0,0.0,0.0,0.0,0.4999999996190686,0.0320102685624012,21.61918114797261,0.7684441243585375,0.7635715908269574,16.8566144686888,0.014398082911838,1,17,0,0.0,0.5,68.69975525062044
/Users/kevin.kunkel/Documents/Dev/Uni/ca-friend-foe-analysis/frames/heimkehr/frame_003898.png,68.77738941548184,75.12354036755367,1.0922708886856387,0.6716363875724065,0.1688915218536071,0.0,0.0,0.0,0.0,0.4999999996365085,0.0373222748815165,57.07053054239073,0.7511904614399736,0.7307552478600708,17.987991588556117,0.0134009684738217,1,23,1,0.0260696419167983,0.3661137440758293,63.844719204965536
/Users/kevin.kunkel/Documents/Dev/Uni/ca-friend-foe-analysis/frames/heimkehr/frame_004361.png,102.3073393891522,94.70173786645876,0.9256592766396796,0.528123354397051,0.3195036861506056,0.0,0.0,0.0,0.0,0.4999999997556382,0.0438191153238546,46.25375855713534,0.7081864552034611,0.5519348676806162,20.878927031516294,0.0106105908425411,9,26,0,0.0,0.5,166.6098677073811
/Users/kevin.kunkel/Documents/Dev/Uni/ca-friend-foe-analysis/frames/heimkehr/frame_004551.png,96.1201059768299,89.68325057128827,0.9330332043079876,0.560245523959979,0.2672919957872564,0.0,0.0,0.0,0.0,0.4999999997399088,0.0668279357556608,32.79234794628752,0.6354040052039773,0.607097362905141,26.312702255498316,0.0112976715386686,15,17,0,0.0,0.5,166.29387239534145
/Users/kevin.kunkel/Documents/Dev/Uni/ca-friend-foe-analysis/frames/heimkehr/frame_004777.png,67.04798578199052,83.88600281197218,1.251133821672404,0.7125098736176935,0.1859202211690363,0.0,0.0,0.0,0.0,0.4999999996271327,0.0401790416008425,23.451513954713008,0.6950254003655174,0.6958444588999371,17.715792910889565,0.0119919571838769,5,12,0,0.0,0.5,125.45377775018083
/Users/kevin.kunkel/Documents/Dev/Uni/ca-friend-foe-analysis/frames/heimkehr/frame_004862.png,99.11678844128488,87.27344828043053,0.8805112591403094,0.5370096103212217,0.2753258293838863,0.0,0.0,0.0,0.0,0.4999999997477723,0.065044102159031,31.07644483938915,0.640212521554172,0.6133317070904192,25.221750212857465,0.0115905984654569,16,20,0,0.0,0.5,134.56131892901223
/Users/kevin.kunkel/Documents/Dev/Uni/ca-friend-foe-analysis/frames/heimkehr/frame_005125.png,117.21836822011583,91.50161365659446,0.7806081501382908,0.4599723538704581,0.3578067403896788,0.0,0.0,0.0,0.0,0.4999999997867229,0.0595576619273301,35.927524354923634,0.6115991646790364,0.5510300829125753,24.026176589613897,0.0110394611130494,12,8,0,0.0,0.5,240.9947691635436
/Users/kevin.kunkel/Documents/Dev/Uni/ca-friend-foe-analysis/frames/heimkehr/frame_005365.png,96.18433385992628,86.93148491469954,0.9038008720933516,0.5566548183254344,0.2594227224855187,0.0,0.0,0.0,0.0,0.4999999997400824,0.055980121116377,42.59389152185361,0.7360837489287448,0.645151059897366,21.20930190683694,0.0116386915594544,21,13,0,0.0,0.5,180.52683458155389
/Users/kevin.kunkel/Documents/Dev/Uni/ca-friend-foe-analysis/frames/heimkehr/frame_005470.png,103.49959189046866,94.53254637120916,0.9133615365354748,0.5290053975776725,0.3052626382306477,0.0,0.0,0.0,0.0,0.4999999997584531,0.0715541074249605,63.43270142180096,0.6750673729207323,0.648155479147952,24.919922341704257,0.0106905220613121,17,20,1,0.0092449973670352,0.6907582938388626,87.04134575902467
/Users/kevin.kunkel/Documents/Dev/Uni/ca-friend-foe-analysis/frames/heimkehr/frame_005543.png,98.60712216956291,78.90950298262602,0.8002414142754375,0.4788309636650869,0.2265600315955766,0.0,0.0,0.0,0.0,0.4999999997464686,0.0552428909952606,43.676171669299634,0.6708603599417651,0.6930708112628938,18.391183144920713,0.012772575802607,10,11,0,0.0,0.5,92.38327067004448
/Users/kevin.kunkel/Documents/Dev/Uni/ca-friend-foe-analysis/frames/heimkehr/frame_005633.png,126.00324512901528,91.20083350130784,0.7237974969259495,0.425352159031069,0.3900342285413375,0.0,0.0,0.0,0.0,0.4999999998015924,0.05769813059505,-3.4060887309110086,0.6203883364825656,0.5279821164906194,27.203752926364956,0.0110877980443697,17,19,1,0.0134807793575566,0.1919431279620853,168.4226506699089
/Users/kevin.kunkel/Documents/Dev/Uni/ca-friend-foe-analysis/frames/heimkehr/frame_005725.png,108.82635268562402,76.2020665554492,0.7002170393926453,0.4148663770405476,0.2635433122696156,0.0,0.0,0.0,0.0,0.4999999997702762,0.053807925223802,50.19309175882043,0.7806623455069231,0.6505816012555627,16.581387752652834,0.01317341453914,14,6,1,0.0940001316482359,0.3353080568720379,97.65779181610924
/Users/kevin.kunkel/Documents/Dev/Uni/ca-friend-foe-analysis/frames/heimkehr/frame_005825.png,127.05773433385993,90.76256970861736,0.7143411624096283,0.4193786203264876,0.3982622432859399,0.0,0.0,0.0,0.0,0.499999999803239,0.056187467087941,-8.011473143759872,0.6218282067961466,0.5380380798975726,26.936446282039412,0.011139806200872,16,18,0,0.0,0.5,170.12153228964206
/Users/kevin.kunkel/Documents/Dev/Uni/ca-friend-foe-analysis/frames/heimkehr/frame_005948.png,114.73257964718272,78.24597344339351,0.681985654081964,0.3865817535545023,0.3005233017377567,0.0,0.0,0.0,0.0,0.499999999782102,0.0571452080042127,52.11573525539758,0.7753321923819554,0.6445332166568576,16.784723019071134,0.0128328478317598,9,5,1,0.0821616640337019,0.3483412322274881,114.28265749035702
/Users/kevin.kunkel/Documents/Dev/Uni/ca-friend-foe-analysis/frames/heimkehr/frame_006130.png,55.6673775671406,69.06817403156765,1.2407297941095092,0.8087710637177462,0.1137769878883623,0.0,0.0,0.0,0.0,0.4999999995509039,0.0165481832543443,10.27389415481833,0.7891729909446664,0.7723906287106733,11.935088427792705,0.0144692667153759,1,11,0,0.0,0.5,127.68683694098893
/Users/kevin.kunkel/Documents/Dev/Uni/ca-friend-foe-analysis/frames/heimkehr/frame_006196.png,82.80323854660348,87.240006512039,1.0535820571508228,0.6179699842022117,0.2351994470774091,0.0,0.0,0.0,0.0,0.4999999996980794,0.0680259347024749,25.987888362295937,0.8024851573067352,0.625193393839895,22.294969272051617,0.0116371291034602,1,26,0,0.0,0.5,258.18031478008777
/Users/kevin.kunkel/Documents/Dev/Uni/ca-friend-foe-analysis/frames/heimkehr/frame_006359.png,75.05149091627172,75.21225615717616,1.0021420645842944,0.6449545813586098,0.143315560821485,0.0,0.0,0.0,0.0,0.4999999996668954,0.0678646656134807,13.290373222748826,0.6973070708009375,0.7316885822259394,24.99451672558014,0.0136472782458342,3,30,2,0.0308385992627698,0.4680094786729857,297.72315039544276
/Users/kevin.kunkel/Documents/Dev/Uni/ca-friend-foe-analysis/frames/heimkehr/frame_007265.png,71.18132569773564,74.35449714395607,1.0445787053087086,0.6907681674565561,0.1437664560294892,0.0,0.0,0.0,0.0,0.4999999996487843,0.0705469984202211,16.715396261190108,0.7184349864221624,0.7325310018688886,24.845331252511546,0.0138026446680303,1,25,2,0.041038046340179,0.5343601895734598,257.90305750623224
/Users/kevin.kunkel/Documents/Dev/Uni/ca-friend-foe-analysis/frames/heimkehr/frame_007745.png,114.66868746708792,77.36214935453447,0.674658016899976,0.3973341232227488,0.3656068983675619,0.0,0.0,0.0,0.0,0.4999999997819806,0.105193522906793,-2.86496182201158,0.7159560243265289,0.6558542163574224,31.06531922204594,0.0135259477336729,9,48,2,0.0521985255397577,0.490521327014218,373.4829415275261
/Users/kevin.kunkel/Documents/Dev/Uni/ca-friend-foe-analysis/frames/heimkehr/frame_007869.png,140.2396294102159,61.89211318927321,0.4413311230600806,0.2117989731437598,0.4816383622959452,0.0,0.0,0.0,0.0,0.4999999998217336,0.0405739863085834,27.613148367561877,0.7571973639376761,0.7348651767183967,15.298193105837075,0.0163550086192223,13,6,0,0.0,0.5,277.7218883629952
/Users/kevin.kunkel/Documents/Dev/Uni/ca-friend-foe-analysis/frames/heimkehr/frame_007943.png,93.73598933649288,82.12152800708806,0.8760938941464554,0.5390337019483938,0.2749703791469194,0.0,0.0,0.0,0.0,0.4999999997332935,0.0769187730384412,29.111785808320164,0.7750094735103099,0.5842980051420252,22.463117740658205,0.0123632180166308,1,13,0,0.0,0.5,378.04812379869185
/Users/kevin.kunkel/Documents/Dev/Uni/ca-friend-foe-analysis/frames/heimkehr/frame_007981.png,92.64580042127436,82.8222747997541,0.8939668536917174,0.5442338072669827,0.2713335966298051,0.0,0.0,0.0,0.0,0.4999999997301551,0.0751382306477093,28.202198525539757,0.7708987702505963,0.5812231411785357,22.402990247833824,0.0122568646224705,13,16,0,0.0,0.5,359.5980566832296
/Users/kevin.kunkel/Documents/Dev/Uni/ca-friend-foe-analysis/frames/heimkehr/frame_008192.png,108.31241113744076,78.48664671440841,0.7246320695635814,0.407036598209584,0.2878357030015798,0.0,0.0,0.0,0.0,0.4999999997691862,0.053538046340179,9.85600645076356,0.6620492983923427,0.6658739119660502,19.873960102671617,0.0128775550139874,8,22,0,0.0,0.5,178.33296098991272
/Users/kevin.kunkel/Documents/Dev/Uni/ca-friend-foe-analysis/frames/heimkehr/frame_008305.png,105.76642969984202,73.34861080591895,0.6934961399824854,0.4558484728804634,0.2730647709320695,0.0,0.0,0.0,0.0,0.4999999997636301,0.0546899684044233,11.631898367561874,0.6932740658137926,0.6839097460995984,20.250262894092163,0.0138154499421326,12,6,0,0.0,0.5,169.4028533136849
/Users/kevin.kunkel/Documents/Dev/Uni/ca-friend-foe-analysis/frames/heimkehr/frame_008374.png,96.0100447604002,87.13369646835964,0.907547711232227,0.5204186413902053,0.2987427593470247,0.0,0.0,0.0,0.0,0.4999999997396105,0.0954416798314902,9.411242759347031,0.7906226187157327,0.6029221778232092,25.58723283660734,0.0117339343100219,1,19,1,0.0165909689310163,0.4277251184834123,479.27093839431177
/Users/kevin.kunkel/Documents/Dev/Uni/ca-friend-foe-analysis/frames/heimkehr/frame_008437.png,76.46528765139547,83.46159047695095,1.0914964545520565,0.6373584781463928,0.245550289626119,0.0,0.0,0.0,0.0,0.4999999996730543,0.0424927593470247,21.155420616113744,0.6439170512860226,0.7667285929643053,19.33055488484212,0.0121249451518343,4,17,1,0.0152185360716166,0.5379146919431279,246.28713199261304
/Users/kevin.kunkel/Documents/Dev/Uni/ca-friend-foe-analysis/frames/heimkehr/frame_008479.png,89.36730186940495,82.60857281466147,0.9243713415779594,0.562480252764613,0.2897873880989994,0.0,0.0,0.0,0.0,0.4999999997202556,0.0539461558715113,48.84087348604528,0.6789307840039649,0.7104441708226208,21.025118560938736,0.0122655611937445,9,21,0,0.0,0.5,182.1320736268873
/Users/kevin.kunkel/Documents/Dev/Uni/ca-friend-foe-analysis/frames/heimkehr/frame_008549.png,142.03356700895208,75.69320096434721,0.5329247339559103,0.2758162190626645,0.6053646656134808,0.0,0.0,0.0,0.0,0.4999999998239852,0.061318457082675,-8.209830832016848,0.7022022684797984,0.7535652665489576,19.88677299542723,0.0134772909911143,6,11,1,0.013905344918378,0.3969194312796208,228.30264666060873
/Users/kevin.kunkel/Documents/Dev/Uni/ca-friend-foe-analysis/frames/heimkehr/frame_008619.png,61.09598802001053,72.8568574278864,1.1924982256572076,0.7102488151658768,0.1379245655608214,0.0,0.0,0.0,0.0,0.4999999995908079,0.0708102948920484,-2.8462776461295434,0.7259023583103594,0.7496012090987001,25.15630373964741,0.0141184757609103,1,31,1,0.0322571090047393,0.5319905213270142,175.38845769019932
/Users/kevin.kunkel/Documents/Dev/Uni/ca-friend-foe-analysis/frames/heimkehr/frame_008704.png,84.23975447604002,80.25080103257174,0.9526476120028629,0.5754969720905739,0.2029324644549763,0.0,0.0,0.0,0.0,0.499999999703228,0.078807925223802,1.0186973407056428,0.677824525808217,0.6544985751014465,28.28362155244991,0.0127701720873461,4,18,0,0.0,0.5,243.7390085488641
/Users/kevin.kunkel/Documents/Dev/Uni/ca-friend-foe-analysis/frames/heimkehr/frame_008887.png,126.28464323328068,92.20952799042004,0.7301721377718727,0.3971169036334913,0.5237625065824117,0.0,0.0,0.0,0.0,0.4999999998020345,0.057201158504476,-29.635986045287,0.7600855971667234,0.6864239176449938,19.94658935132124,0.0110001400637723,1,7,0,0.0,0.5,273.65738540841414
/Users/kevin.kunkel/Documents/Dev/Uni/ca-friend-foe-analysis/frames/heimkehr/frame_009056.png,49.36137111637704,54.07972512265327,1.0955879828701107,0.7857326224328594,0.0532122169562927,0.0,0.0,0.0,0.0,0.4999999994935311,0.0404390468667719,9.39851566614007,0.7884599479602268,0.801319657404826,12.643526090942514,0.0185129794427532,6,9,0,0.0,0.5,57.88795436710484
/Users/kevin.kunkel/Documents/Dev/Uni/ca-friend-foe-analysis/frames/heimkehr/frame_009157.png,131.5135136914165,84.17745540540007,0.6400669633001173,0.3895306740389678,0.4757865982095839,0.0,0.0,0.0,0.0,0.4999999998099054,0.065623354397051,-15.064329910479202,0.7932136108787907,0.5625121064750281,22.832945687990357,0.0121202987308686,7,16,0,0.0,0.5,370.8071200430308
/Users/kevin.kunkel/Documents/Dev/Uni/ca-friend-foe-analysis/frames/heimkehr/frame_009219.png,127.69869997367036,86.30469284001205,0.6758462912325828,0.3679337809373354,0.4389810426540284,0.0,0.0,0.0,0.0,0.4999999998042266,0.1130924170616113,13.38652909426014,0.6999482441739202,0.6150014197358775,30.488086580849902,0.011991444818305,10,20,1,0.0038046340179041,0.2985781990521327,363.6717858326835
/Users/kevin.kunkel/Documents/Dev/Uni/ca-friend-foe-analysis/frames/heimkehr/frame_009296.png,118.30862625065824,80.90521067340516,0.6838487874384406,0.4265600315955766,0.4120721432332807,0.0,0.0,0.0,0.0,0.4999999997886883,0.0722979199578725,-28.55950829383886,0.7968723218618674,0.6433742475399848,25.821667552232892,0.0126866678356298,9,27,0,0.0,0.5,281.43327817525727
/Users/kevin.kunkel/Documents/Dev/Uni/ca-friend-foe-analysis/frames/heimkehr/frame_010337.png,112.3530542390732,62.98923368048939,0.5606365937359615,0.301033438651922,0.1531101895734597,0.0,0.0,0.0,0.0,0.4999999997774871,0.0646425750394944,-10.227330173775684,0.8218227343596733,0.7385161953143553,21.191861687843264,0.0163484924201599,13,16,0,0.0,0.5,256.9890273827328
/Users/kevin.kunkel/Documents/Dev/Uni/ca-friend-foe-analysis/frames/heimkehr/frame_010544.png,99.71985913638756,71.29326700505446,0.714935495807837,0.4293279357556608,0.2418740126382306,0.0,0.0,0.0,0.0,0.4999999997492977,0.1149947340705634,7.863763823064772,0.7621140125349771,0.6935943582277566,29.943151843432375,0.0146579240235551,17,38,2,0.0407747498683517,0.3187203791469194,295.5113961309153
/Users/kevin.kunkel/Documents/Dev/Uni/ca-friend-foe-analysis/frames/heimkehr/frame_010648.png,111.94218667719852,67.77295571999687,0.6054281917405023,0.3214027119536598,0.1929206161137441,0.0,0.0,0.0,0.0,0.4999999997766704,0.0425585834649815,-14.943226698262237,0.7443751613336225,0.7066442090264226,13.927372095795,0.0148693838502323,9,16,0,0.0,0.5,213.57039881101232
/Users/kevin.kunkel/Documents/Dev/Uni/ca-friend-foe-analysis/frames/heimkehr/frame_010829.png,93.90816877303844,67.68975069400298,0.7208079074091827,0.4429798578199052,0.1636058451816745,0.0,0.0,0.0,0.0,0.4999999997337825,0.1085406793048973,4.173624275934699,0.7496499189459881,0.703925853648463,29.47393005060069,0.0154916838790473,24,49,2,0.0433287256450763,0.2997630331753554,302.32865799767507
/Users/kevin.kunkel/Documents/Dev/Uni/ca-friend-foe-analysis/frames/heimkehr/frame_011243.png,68.68383030542391,83.53309970253277,1.216197454473014,0.729657056345445,0.1612065560821485,0.0,0.0,0.0,0.0,0.4999999996360133,0.0407780410742496,51.36607754081095,0.7143469989364888,0.8599604280890871,18.418468368978328,0.0121094846283659,1,21,1,0.013905344918378,0.2097156398104265,157.73259669606963
/Users/kevin.kunkel/Documents/Dev/Uni/ca-friend-foe-analysis/frames/heimkehr/frame_011369.png,44.254564902580306,61.947756827741074,1.399804897508972,0.8220971563981042,0.076902317008952,0.0,0.0,0.0,0.0,0.4999999994350865,0.0450598999473407,13.679913770405475,0.8063341645241562,0.7931269553635041,16.94141405769106,0.0164545914417378,1,19,1,0.0143364928909952,0.6777251184834123,124.72160550414743
/Users/kevin.kunkel/Documents/Dev/Uni/ca-friend-foe-analysis/frames/heimkehr/frame_011461.png,52.23649947340706,63.54797454306212,1.2165435100366793,0.781723933649289,0.0799795945234333,0.0,0.0,0.0,0.0,0.4999999995214074,0.0314803844128488,15.82712611901001,0.7695411929911512,0.7581449472890789,14.451754218028409,0.015812718175879,1,10,4,0.092466429699842,0.3281990521327014,106.05907202340794
/Users/kevin.kunkel/Documents/Dev/Uni/ca-friend-foe-analysis/frames/heimkehr/frame_011641.png,43.6135696419168,60.79004603323775,1.393833304472959,0.8291995787256451,0.0764876250658241,0.0,0.0,0.0,0.0,0.4999999994267839,0.0474164033701948,20.288260268562404,0.7929703714029056,0.7953647688669991,17.516723236771547,0.0168066229197975,1,17,2,0.0547985781990521,0.2973933649289099,130.07161698638515
/Users/kevin.kunkel/Documents/Dev/Uni/ca-friend-foe-analysis/frames/heimkehr/frame_011761.png,50.65824117956819,62.59746060344427,1.2356816782877829,0.808070036861506,0.0844852553975776,0.0,0.0,0.0,0.0,0.4999999995064969,0.0260828067403896,12.239994734070564,0.7689901289636445,0.75702170388956,13.375280250814791,0.0160335425288044,2,15,3,0.062249868351764,0.2879146919431279,82.86547456063181
/Users/kevin.kunkel/Documents/Dev/Uni/ca-friend-foe-analysis/frames/heimkehr/frame_011821.png,39.36613020010532,47.95064201236521,1.2180684676603055,0.8437763296471827,0.0257701421800947,0.0,0.0,0.0,0.0,0.4999999993649363,0.0327244602422327,18.282737625065828,0.822217756507553,0.8618700502844634,12.041427698867482,0.0210556373989485,1,5,1,0.038388625592417,0.3436018957345971,96.212363743596
/Users/kevin.kunkel/Documents/Dev/Uni/ca-friend-foe-analysis/frames/heimkehr/frame_011872.png,46.54556016324381,60.66670174812636,1.303383210020865,0.8329285150078989,0.0774223275408109,0.0,0.0,0.0,0.0,0.4999999994628918,0.0272939705107951,12.752412453923114,0.8008012731158815,0.7618640615803983,12.911534051439386,0.0165389090704686,3,12,3,0.0693720379146919,0.3305687203791469,81.10924663036789
/Users/kevin.kunkel/Documents/Dev/Uni/ca-friend-foe-analysis/frames/heimkehr/frame_012275.png,43.610953133228016,52.52691922352488,1.2044432723727676,0.8271820695102685,0.0392081358609794,0.0,0.0,0.0,0.0,0.4999999994267495,0.0385268562401263,28.971958925750393,0.8268069365713637,0.8436492890995261,14.81248164469196,0.0193601682882696,1,14,3,0.0562565824117956,0.3637440758293839,126.62807493159757
/Users/kevin.kunkel/Documents/Dev/Uni/ca-friend-foe-analysis/frames/heimkehr/frame_012377.png,53.66269088994208,66.28518147064145,1.2352191112269264,0.7968371511321748,0.097557925223802,0.0,0.0,0.0,0.0,0.499999999534127,0.0243384676145339,23.110663507109003,0.7557524083883158,0.7378403494099062,13.28898272877078,0.0151030515183235,1,6,1,0.0473933649289099,0.3246445497630332,96.27485851045888
/Users/kevin.kunkel/Documents/Dev/Uni/ca-friend-foe-analysis/frames/heimkehr/frame_012620.png,31.217910742496052,44.35368932656856,1.4207769876192724,0.9097518430753028,0.0276954976303317,0.0,0.0,0.0,0.0,0.4999999991991776,0.0311677198525539,17.83718404423381,0.8654356265939762,0.874776817520057,11.728230689843544,0.0229483853556442,1,10,1,0.0412848867825171,0.3341232227488152,116.12734925937572
/Users/kevin.kunkel/Documents/Dev/Uni/ca-friend-foe-analysis/frames/heimkehr/frame_012752.png,48.07961097946288,62.316387883299264,1.296108401964957,0.8266324381253292,0.0800026329647182,0.0,0.0,0.0,0.0,0.4999999994800291,0.0220872827804107,23.630236308583456,0.7853610001135789,0.7699821113279435,11.968586565324689,0.016034467994466,1,9,2,0.0538441284886782,0.4075829383886256,67.61430969399925
/Users/kevin.kunkel/Documents/Dev/Uni/ca-friend-foe-analysis/frames/heimkehr/frame_012849.png,42.3384149552396,50.745749426423906,1.1985746126824806,0.8263592680358083,0.0330140863612427,0.0,0.0,0.0,0.0,0.4999999994095197,0.0374275934702474,22.151619273301733,0.8150311309357866,0.8407755371764293,14.271211464515636,0.0200416617758593,2,11,1,0.044286466561348,0.3151658767772511,109.92763552058794
/Users/kevin.kunkel/Documents/Dev/Uni/ca-friend-foe-analysis/frames/heimkehr/frame_012958.png,49.52921932596103,68.34315193087437,1.379855219261782,0.82268299104792,0.1008326750921537,0.0,0.0,0.0,0.0,0.4999999994952475,0.0252567140600315,22.978008162190623,0.7751135788701999,0.7853596320044606,13.027674725040065,0.0146575611794438,1,8,3,0.0847913375460768,0.3163507109004739,132.24162301038996
/Users/kevin.kunkel/Documents/Dev/Uni/ca-friend-foe-analysis/frames/heimkehr/frame_013059.png,56.86880924170616,69.99231408580548,1.2307680589063232,0.7498617693522907,0.1061710110584518,0.0,0.0,0.0,0.0,0.4999999995603917,0.0490126382306477,31.53429765666141,0.7505929591425828,0.774920933618313,19.441191740633236,0.0145515644545755,1,17,1,0.0522511848341232,0.2914691943127962,170.80636050730686
/Users/kevin.kunkel/Documents/Dev/Uni/ca-friend-foe-analysis/frames/heimkehr/frame_013325.png,53.31362888362296,69.58301445289273,1.3051637222869867,0.7975283043707214,0.1027020800421274,0.0,0.0,0.0,0.0,0.4999999995310767,0.0255331753554502,19.75206358609794,0.7390138514594885,0.7379224101436257,13.511604102821988,0.0143895670581033,1,8,1,0.0590968931016324,0.3364928909952606,184.12219290062316
/Users/kevin.kunkel/Documents/Dev/Uni/ca-friend-foe-analysis/frames/heimkehr/frame_013367.png,52.290817535545024,68.79084025080815,1.315543404393951,0.8046471827277515,0.1016521853607161,0.0,0.0,0.0,0.0,0.4999999995219046,0.0246610057925223,18.919780147446023,0.7405290710280953,0.7412875713739946,13.27917760227624,0.0145544494666285,1,10,2,0.0797031332280147,0.3080568720379147,164.0675836174307
/Users/kevin.kunkel/Documents/Dev/Uni/ca-friend-foe-analysis/frames/heimkehr/frame_013563.png,44.49138691416535,62.98961516639918,1.4157709928518138,0.8376513954713006,0.0800980779357556,0.0,0.0,0.0,0.0,0.4999999994380935,0.0218470247498683,17.38416600842548,0.7820769703352641,0.7785699645840432,11.884231571214224,0.015873975789318,1,7,1,0.0590968931016324,0.3436018957345971,136.89074785126454
/Users/kevin.kunkel/Documents/Dev/Uni/ca-friend-foe-analysis/frames/heimkehr/frame_013877.png,36.59354265402843,56.1538263120824,1.5345282824768491,0.8642706687730385,0.0552856766719326,0.0,0.0,0.0,0.0,0.4999999993168194,0.0204449710373881,25.55984070563455,0.8547178081343122,0.8579011141054631,9.080645006640166,0.0178262505194336,3,10,2,0.0920747761979989,0.3601895734597156,105.68044856180676
/Users/kevin.kunkel/Documents/Dev/Uni/ca-friend-foe-analysis/frames/heimkehr/frame_013964.png,46.965159294365456,64.5402026182368,1.374214491135739,0.8303975776724591,0.0912848867825171,0.0,0.0,0.0,0.0,0.4999999994676905,0.020839915745129,25.433221432332807,0.8071080754576712,0.8205069231484063,11.955076620622142,0.015481253182569,1,7,1,0.0885202738283307,0.3625592417061611,104.53112608792264
/Users/kevin.kunkel/Documents/Dev/Uni/ca-friend-foe-analysis/frames/heimkehr/frame_014645.png,36.23574907846235,54.84088169849543,1.5134468844124664,0.8694444444444445,0.051095971563981,0.0,0.0,0.0,0.0,0.4999999993100736,0.0201882569773565,22.675309373354395,0.8767926875858295,0.8684761329492303,8.5338265822172,0.0182428927498237,3,6,1,0.0917884412848867,0.3495260663507109,98.9231874972776
/Users/kevin.kunkel/Documents/Dev/Uni/ca-friend-foe-analysis/frames/heimkehr/frame_014704.png,23.65617430226435,46.06687431284437,1.9473509760916743,0.9371642969984202,0.0422623749341758,0.0,0.0,0.0,0.0,0.4999999989431934,0.0086394154818325,27.525803054239073,0.9007986659645428,0.921665066237132,4.827850844428021,0.0214770857067638,1,4,1,0.0962381516587677,0.3613744075829384,37.94240077868617
/Users/kevin.kunkel/Documents/Dev/Uni/ca-friend-foe-analysis/frames/heimkehr/frame_014737.png,24.628804634017904,46.74710791214603,1.8980664476817983,0.9395734597156398,0.0431049236440231,0.0,0.0,0.0,0.0,0.4999999989849284,0.0070300157977883,28.377159031068985,0.8888548152278288,0.9216525209346508,4.572873121899208,0.0212044181447552,1,2,1,0.0654324644549763,0.3542654028436019,45.67412843109589
/Users/kevin.kunkel/Documents/Dev/Uni/ca-friend-foe-analysis/frames/heimkehr/frame_014773.png,78.57206753554502,82.81965360643517,1.0540597453867766,0.6507405213270142,0.2089454976303317,0.0,0.0,0.0,0.0,0.4999999996818208,0.0683287256450763,-26.669763691416527,0.7091276368367252,0.6781903530237793,22.42631642895357,0.0122544367708365,3,19,0,0.0,0.5,228.73891504405003
/Users/kevin.kunkel/Documents/Dev/Uni/ca-friend-foe-analysis/frames/heimkehr/frame_014830.png,24.098834913112164,44.92453204513753,1.864178580445657,0.9374243022643496,0.0321748288572933,0.0,0.0,0.0,0.0,0.4999999989626054,0.0208761190100052,18.456760136914163,0.9056020196388191,0.9064901031502648,8.863358655182179,0.0227946350984697,1,14,0,0.0,0.5,294.2275761992742
/Users/kevin.kunkel/Documents/Dev/Uni/ca-friend-foe-analysis/frames/heimkehr/frame_015365.png,31.89382569773565,43.76694033034635,1.3722700000905397,0.929308188520274,0.0280509478672985,0.0,0.0,0.0,0.0,0.4999999992161492,0.025951158504476,15.87867298578199,0.8814942332909994,0.8895557001104812,12.13966285798855,0.0234748732702131,1,15,0,0.0,0.5,97.611454901847
/Users/kevin.kunkel/Documents/Dev/Uni/ca-friend-foe-analysis/frames/heimkehr/frame_015533.png,31.106615323854665,55.5451148981099,1.7856367252193608,0.9054831490258032,0.0599789362822538,0.0,0.0,0.0,0.0,0.4999999991963124,0.0138691416535018,25.643424170616115,0.8682804675319311,0.8812484899172939,8.167607825206337,0.0179524813061725,1,6,3,0.1071155871511321,0.3199052132701421,48.67299892750126
/Users/kevin.kunkel/Documents/Dev/Uni/ca-friend-foe-analysis/frames/heimkehr/frame_015680.png,53.37551671932596,69.82188162929381,1.308125631188512,0.776843075302791,0.1060492364402317,0.0,0.0,0.0,0.0,0.4999999995316205,0.0614270668773038,7.227050421274356,0.7564133083459819,0.804094647337608,18.918872543710048,0.01465709366921,4,19,3,0.0364303580832016,0.3601895734597156,200.85002709289847
/Users/kevin.kunkel/Documents/Dev/Uni/ca-friend-foe-analysis/frames/heimkehr/frame_016109.png,31.98394549763033,50.55623331220852,1.5806753159295706,0.8943358346498157,0.0439869668246445,0.0,0.0,0.0,0.0,0.4999999992183578,0.019845971563981,26.712039231174305,0.8771784943571952,0.8652958729568709,9.23228128330336,0.0198184174897659,1,10,1,0.0335735913638757,0.5722748815165877,82.36619206715494
/Users/kevin.kunkel/Documents/Dev/Uni/ca-friend-foe-analysis/frames/heimkehr/frame_016467.png,60.03737164296999,71.09274977136063,1.1841416055939384,0.7151066350710901,0.1135400210637177,0.0,0.0,0.0,0.0,0.4999999995835927,0.0632207740916271,-14.520586492891,0.8024914299579758,0.8077895228654917,17.23615665759175,0.0143077887302359,1,19,0,0.0,0.5,261.32180451585316
/Users/kevin.kunkel/Documents/Dev/Uni/ca-friend-foe-analysis/frames/heimkehr/frame_016517.png,72.07018496577146,79.15125035532934,1.098252353356602,0.6507536861506056,0.1738184570826751,0.0,0.0,0.0,0.0,0.4999999996531159,0.0654094260136914,-3.6463566350710863,0.8413137203275202,0.7810917252630383,18.177895814090142,0.0128203208572892,3,19,0,0.0,0.5,246.18609958632464
/Users/kevin.kunkel/Documents/Dev/Uni/ca-friend-foe-analysis/frames/heimkehr/frame_016559.png,61.00885663507109,72.43835708950384,1.187341657688571,0.7076586361242759,0.1177790942601369,0.0,0.0,0.0,0.0,0.4999999995902234,0.0502369668246445,-17.067611242759348,0.7858769579448419,0.7079663445156894,17.188835236187284,0.0139434332811312,1,17,0,0.0,0.5,129.53010609029937
/Users/kevin.kunkel/Documents/Dev/Uni/ca-friend-foe-analysis/frames/heimkehr/frame_016911.png,72.81757503949447,73.25051249511341,1.005945506353234,0.6357095839915745,0.1406167719852554,0.0,0.0,0.0,0.0,0.4999999996566763,0.0529489204844655,3.292114270668776,0.7673670869084864,0.6851381532075705,15.569492420641982,0.0137361670225849,11,8,1,0.0547689573459715,0.2973933649289099,106.54327946085276
/Users/kevin.kunkel/Documents/Dev/Uni/ca-friend-foe-analysis/frames/heimkehr/frame_016997.png,21.16821682464455,26.038199754684182,1.2300610791818691,0.9629443127962084,0.0036795681937862,0.0,0.0,0.0,0.0,0.4999999988189841,0.0113020010531858,1.0314540547656676,0.9429531280653388,0.9190584569794216,5.15520043066078,0.0383558071364537,1,2,0,0.0,0.5,24.93481882585414
/Users/kevin.kunkel/Documents/Dev/Uni/ca-friend-foe-analysis/frames/heimkehr/frame_018062.png,59.906503422854136,79.30745708095861,1.3238538792487375,0.729759083728278,0.146998420221169,0.0,0.0,0.0,0.0,0.499999999582683,0.0643858609794628,22.759412848867814,0.7708742475399849,0.7390222408078555,19.088963289811744,0.012834282622783,7,19,2,0.0640995260663507,0.4502369668246445,269.7252009526784
/Users/kevin.kunkel/Documents/Dev/Uni/ca-friend-foe-analysis/frames/heimkehr/frame_018197.png,48.45776395471301,70.25202576037306,1.449757889799712,0.807717877830437,0.1054074512901527,0.0,0.0,0.0,0.0,0.4999999994840868,0.0783701948393891,35.09931872037914,0.792470469493748,0.796384655494636,23.854406841053382,0.0148387441369372,1,17,0,0.0,0.5,307.173098547373
/Users/kevin.kunkel/Documents/Dev/Uni/ca-friend-foe-analysis/frames/heimkehr/frame_018631.png,63.594901922064246,81.94133710231957,1.2884890847679902,0.7417950236966825,0.1699874934175882,0.0,0.0,0.0,0.0,0.4999999996068867,0.0737263033175355,-3.848416929963143,0.6585332063315057,0.6884068756517878,20.74203658939221,0.0124552367183108,3,14,4,0.0980713533438651,0.2701421800947867,326.20126720608414
/Users/kevin.kunkel/Documents/Dev/Uni/ca-friend-foe-analysis/frames/heimkehr/frame_018683.png,59.92096827277514,79.81019556252895,1.3319243284925013,0.7532517114270669,0.14809439178515,0.0,0.0,0.0,0.0,0.4999999995827838,0.0801639020537124,28.397212348604526,0.7180219465353281,0.7246987836735537,26.685154791400063,0.0129629850085156,3,29,2,0.2591956292785676,0.3732227488151659,311.1776599930783
/Users/kevin.kunkel/Documents/Dev/Uni/ca-friend-foe-analysis/frames/heimkehr/frame_018769.png,71.70300487098473,86.93406313858083,1.2124186869679938,0.682968009478673,0.1999243022643496,0.0,0.0,0.0,0.0,0.4999999996513396,0.0636420484465508,3.572745523959981,0.6431397071730219,0.7134433241437702,21.395402651146423,0.0116941138405204,3,17,4,0.0946879936808846,0.3542654028436019,294.41579579616064
/Users/kevin.kunkel/Documents/Dev/Uni/ca-friend-foe-analysis/frames/heimkehr/frame_019118.png,89.10316943127962,93.26463924558578,1.0467039470783952,0.5931839125855713,0.2797031332280147,0.0,0.0,0.0,0.0,0.4999999997194264,0.0774815692469721,-19.124075171142707,0.5957469617652221,0.747815749259156,24.69111466833967,0.0109181257654555,3,23,1,0.0316087414428646,0.1658767772511848,286.00414878078925
/Users/kevin.kunkel/Documents/Dev/Uni/ca-friend-foe-analysis/frames/heimkehr/frame_019877.png,10.73728936282254,6.940860612991056,0.6464257703979692,0.9987756714060032,0.0007865982095839,0.0,0.0,0.0,0.0,0.4999999976716656,0.0005265929436545,-0.021109794628753,0.9932304928290432,0.9905628349286002,1.1534061585534514,0.1398115835540463,1,0,0,0.0,0.5,11.86163277231144
/Users/kevin.kunkel/Documents/Dev/Uni/ca-friend-foe-analysis/frames/heimkehr/frame_020048.png,41.05909689310163,62.46148257191978,1.521258068155127,0.834850579252238,0.0770175092153765,0.0,0.0,0.0,0.0,0.4999999993911215,0.050039494470774,4.926711427066877,0.8190231700895207,0.8177149480118535,19.143472542083636,0.0166165149014811,1,22,1,0.0103212216956292,0.2535545023696682,291.40622914295614
/Users/kevin.kunkel/Documents/Dev/Uni/ca-friend-foe-analysis/frames/heimkehr/frame_020245.png,10.245418641390206,8.048260997103908,0.7855472968215486,0.9982161664033702,0.0010696419167983,0.0,0.0,0.0,0.0,0.4999999975598849,0.0008392575039494,1.1298578199052134,0.995969963551508,0.9953982488203286,0.8263176649263828,0.1200754653087158,1,2,0,0.0,0.5,16.90989923602088
/Users/kevin.kunkel/Documents/Dev/Uni/ca-friend-foe-analysis/frames/heimkehr/frame_020615.png,42.19944049499737,62.77646374786876,1.4876136475446724,0.8471333596629805,0.0808089784096893,0.0,0.0,0.0,0.0,0.4999999994075751,0.0437829120589784,40.32686282253818,0.8272583093268904,0.8339586882673027,17.19204069494147,0.0162902794225094,1,18,3,0.0589422064244339,0.3388625592417061,149.9332934206235
/Users/kevin.kunkel/Documents/Dev/Uni/ca-friend-foe-analysis/frames/heimkehr/frame_021279.png,46.575269878883624,61.69021812813636,1.3245273329839111,0.7826355976829911,0.0770964981569247,0.0,0.0,0.0,0.0,0.4999999994632345,0.0173117430226434,-9.291199315429177,0.7524446819275367,0.8961367179836653,8.772327313650337,0.0161986738723838,1,11,0,0.0,0.5,94.259532299001
/Users/kevin.kunkel/Documents/Dev/Uni/ca-friend-foe-analysis/frames/heimkehr/frame_021872.png,28.59924960505529,33.84083183257988,1.183276910463776,0.8884182464454976,0.0002007635597682,0.0,0.0,0.0,0.0,0.4999999991258512,0.0089125855713533,1.0051606108478168,0.9511979473200548,0.8499616929446872,4.032000470540375,0.029154669269159,1,0,0,0.0,0.5,82.44928594100149
/Users/kevin.kunkel/Documents/Dev/Uni/ca-friend-foe-analysis/frames/heimkehr/frame_022136.png,27.785805028962617,51.69823886855295,1.860598914755403,0.9106931279620852,0.0504443127962085,0.0,0.0,0.0,0.0,0.49999999910026,0.0268332016850974,13.835153370194838,0.8766565220084874,0.8690682660636662,11.441820312628378,0.0199502108924641,1,11,0,0.0,0.5,292.6716955629515
/Users/kevin.kunkel/Documents/Dev/Uni/ca-friend-foe-analysis/frames/heimkehr/frame_023413.png,23.93193127962085,44.55874372466881,1.8618950145667157,0.922475645076356,0.0372005002632964,0.0,0.0,0.0,0.0,0.4999999989553705,0.0249901263823064,8.137684307530282,0.8871506675339962,0.9017546902910716,7.97541587210906,0.0228010989559185,1,10,0,0.0,0.5,184.25050715529537
/Users/kevin.kunkel/Documents/Dev/Uni/ca-friend-foe-analysis/frames/heimkehr/frame_024469.png,44.94449052132701,56.932838707367615,1.266736766182236,0.7999802527646129,0.0591791732490784,0.0,0.0,0.0,0.0,0.4999999994437583,0.0423578199052132,-8.997307793575565,0.774968765810695,0.8098056768784396,14.103426786501046,0.0177690887219225,1,10,0,0.0,0.5,126.50172463147815
/Users/kevin.kunkel/Documents/Dev/Uni/ca-friend-foe-analysis/frames/heimkehr/frame_025079.png,9.845431806213798,0.9238246652200478,0.0938328225739888,0.9999967087941022,0.0,0.0,0.0,0.0,0.0,0.4999999974607513,4.278567667193259e-05,0.0718667719852543,0.997562597445508,0.9970951687678756,0.6043467220504252,0.6066302978303165,1,0,0,0.0,0.5,0.6384067751150807
/Users/kevin.kunkel/Documents/Dev/Uni/ca-friend-foe-analysis/frames/heimkehr/frame_025559.png,62.45893233280674,81.61700406580657,1.306730693061558,0.7542818588730911,0.1532879146919431,0.0,0.0,0.0,0.0,0.499999999599737,0.0760466034755134,5.412039231174305,0.73952043903396,0.6305652097595226,20.292106166416964,0.0125083620712115,1,26,1,0.0427725118483412,0.2393364928909952,507.710796709625
/Users/kevin.kunkel/Documents/Dev/Uni/ca-friend-foe-analysis/frames/heimkehr/frame_028045.png,29.400115192206425,42.57263542595799,1.4480431455057396,0.9214652448657188,0.0292851500789889,0.0,0.0,0.0,0.0,0.4999999991496632,0.0172031332280147,-0.8356207214323312,0.881771959442018,0.8895298609175107,9.344770643302368,0.0237648761810657,1,7,0,0.0,0.5,225.7138906739272
/Users/kevin.kunkel/Documents/Dev/Uni/ca-friend-foe-analysis/frames/heimkehr/frame_028136.png,34.767186677198524,44.482160501194635,1.2794293880104073,0.911012374934176,0.0259379936808846,0.0,0.0,0.0,0.0,0.4999999992809312,0.0280641126908899,-2.666791732490786,0.8733895548740823,0.8557733172257844,12.353087431430868,0.0230078308690779,1,9,0,0.0,0.5,294.5872339040211
/Users/kevin.kunkel/Documents/Dev/Uni/ca-friend-foe-analysis/frames/heimkehr/frame_028238.png,53.94536598209584,65.35939426150603,1.2115849610148153,0.76353672985782,0.0925026329647182,0.0,0.0,0.0,0.0,0.4999999995365682,0.0904160084254871,24.487467087941027,0.8055629898088777,0.7511137957025886,24.58440166327529,0.016022715222479,1,27,2,0.0204087677725118,0.3744075829383886,433.6838020605671
/Users/kevin.kunkel/Documents/Dev/Uni/ca-friend-foe-analysis/frames/heimkehr/frame_029329.png,51.00783965244866,52.63387765280549,1.031878195748895,0.7108214849921011,0.0232062927856766,0.0,0.0,0.0,0.0,0.4999999995098793,0.02280476566614,10.007931806213795,0.7809370773059092,0.8260501915352766,10.583828987899302,0.0190993674378259,3,6,0,0.0,0.5,87.80940667128387
/Users/kevin.kunkel/Documents/Dev/Uni/ca-friend-foe-analysis/frames/heimkehr/frame_029512.png,15.496070300157978,19.451408120486516,1.2552477898066476,0.9853738809899948,0.0054535281727224,0.0,0.0,0.0,0.0,0.4999999983866877,0.0059110057925223,0.283221432332807,0.9619386364340364,0.9610177699305104,3.292492862362197,0.0505223168023589,1,1,1,0.0060854397051079,0.221563981042654,12.922960290704824
/Users/kevin.kunkel/Documents/Dev/Uni/ca-friend-foe-analysis/frames/heimkehr/frame_029717.png,25.03041403370195,37.102755264391114,1.4823068873812393,0.9255298841495524,0.0169530015797788,0.0,0.0,0.0,0.0,0.499999999001215,0.0180983412322274,9.044112032648766,0.9126037181591964,0.9067246693306076,7.429321913545632,0.027139499658473,5,4,0,0.0,0.5,70.46044083027915
/Users/kevin.kunkel/Documents/Dev/Uni/ca-friend-foe-analysis/frames/heimkehr/frame_029785.png,35.89787388099,40.03328299620631,1.1151992738457506,0.8750098736176936,0.0127797525013164,0.0,0.0,0.0,0.0,0.4999999993035799,0.0145570036861506,18.62424302264349,0.8899438817127694,0.8490709248417639,8.38868357908974,0.0248786990284979,1,2,2,0.0639974986835176,0.3992890995260663,41.8804861048469
/Users/kevin.kunkel/Documents/Dev/Uni/ca-friend-foe-analysis/frames/heimkehr/frame_029845.png,32.04976961558715,50.03702819881006,1.561228946193487,0.8947176145339653,0.0481207214323328,0.0,0.0,0.0,0.0,0.4999999992199632,0.0172525013164823,37.010275144813065,0.8992548193579696,0.8883698334520749,7.3181630405440545,0.0199214923072337,2,5,0,0.0,0.5,94.83606677642628
/Users/kevin.kunkel/Documents/Dev/Uni/ca-friend-foe-analysis/frames/heimkehr/frame_029921.png,36.8763790152712,44.091404759257294,1.1956543949565324,0.8825862295945235,0.0305259347024749,0.0,0.0,0.0,0.0,0.4999999993220593,0.0351171669299631,16.805479857819904,0.8797452477568173,0.8586286642092329,11.543869079836748,0.0230107801790042,1,16,2,0.09577738283307,0.3933649289099526,140.79279585139392
/Users/kevin.kunkel/Documents/Dev/Uni/ca-friend-foe-analysis/frames/heimkehr/frame_030461.png,15.214678778304371,20.259542324599547,1.3315787001912334,0.9787848867825172,0.0044562927856766,0.0,0.0,0.0,0.0,0.4999999983568499,0.0046406003159557,-0.3714060031595583,0.9664740988549184,0.9633158318619708,2.599877693353003,0.0480000884078306,1,2,0,0.0,0.5,15.157207730535896
/Users/kevin.kunkel/Documents/Dev/Uni/ca-friend-foe-analysis/frames/heimkehr/frame_030850.png,41.53012111637704,58.64051197188218,1.4119995380306716,0.857036598209584,0.0687565824117956,0.0,0.0,0.0,0.0,0.4999999993980273,0.0491179568193786,52.99867035281728,0.8505469338867722,0.8624329110264433,14.59334594554049,0.0175271543795729,1,11,1,0.027254476040021,0.2191943127962085,297.661794588619
/Users/kevin.kunkel/Documents/Dev/Uni/ca-friend-foe-analysis/frames/heimkehr/frame_032294.png,16.207780410742497,15.820719637539296,0.9761188231203736,0.9884412848867824,0.0012111637704054,0.0,0.0,0.0,0.0,0.4999999984575309,0.0027481569246972,-2.3767772511848353,0.972507821454016,0.9636232692128984,1.9611139720205877,0.0606235697542284,1,1,0,0.0,0.5,14.028885308246126
/Users/kevin.kunkel/Documents/Dev/Uni/ca-friend-foe-analysis/frames/heimkehr/frame_032524.png,25.300467351237497,40.834079011698826,1.6139653976907669,0.9454614270668772,0.0271458662453923,0.0,0.0,0.0,0.0,0.499999999011876,0.0135762243285939,0.1297327540810968,0.907352476535638,0.898797457898378,6.819324142469188,0.0244592640310197,1,4,1,0.0226731174302264,0.216824644549763,55.34772241618357
/Users/kevin.kunkel/Documents/Dev/Uni/ca-friend-foe-analysis/frames/heimkehr/frame_032566.png,24.447291337546076,40.04053681998013,1.6378312060568805,0.9468075302790944,0.0259445760926803,0.0,0.0,0.0,0.0,0.4999999989773918,0.0136453396524486,0.1228113480779349,0.9106315759584508,0.9016719584094828,6.658865054749081,0.0249365137769243,1,4,1,0.0232227488151658,0.2180094786729857,50.78919710633878
/Users/kevin.kunkel/Documents/Dev/Uni/ca-friend-foe-analysis/frames/heimkehr/frame_033099.png,11.44631055818852,1.672334521528167,0.1461024928876803,1.0,0.0,0.0,0.0,0.0,0.0,0.4999999978158901,7.898894154818325e-05,1.0757536861506054,0.9945390504806452,0.996110930417454,0.6120183762593899,0.3918991531996055,1,0,0,0.0,0.5,0.6675549279144332
/Users/kevin.kunkel/Documents/Dev/Uni/ca-friend-foe-analysis/frames/heimkehr/frame_033968.png,55.88882306477093,68.3404471320021,1.2227927385502717,0.7625724065297526,0.0799532648762506,0.0,0.0,0.0,0.0,0.4999999995526833,0.0627994997367035,-9.697051079515532,0.8202074879451517,0.6902060423958947,20.474534592081017,0.0151279438406567,1,10,0,0.0,0.5,356.5874092091097
/Users/kevin.kunkel/Documents/Dev/Uni/ca-friend-foe-analysis/frames/heimkehr/frame_034513.png,55.88510729331227,63.93944633962527,1.144123172021977,0.7596958925750394,0.0828692733017377,0.0,0.0,0.0,0.0,0.4999999995526537,0.0868615060558188,9.42647775144814,0.7660057667090006,0.754047512106475,24.80691044132772,0.0163784336188883,1,25,0,0.0,0.5,281.74766569803154
/Users/kevin.kunkel/Documents/Dev/Uni/ca-friend-foe-analysis/frames/heimkehr/frame_034703.png,124.994523433386,96.60544816323907,0.7728774464061684,0.4521820695102685,0.3882800157977883,0.0,0.0,0.0,0.0,0.4999999997999912,0.0924927593470247,46.369813059505006,0.7765511259796177,0.5442395894640111,27.42973500720206,0.0106231503973834,9,22,0,0.0,0.5,488.3839855650024
/Users/kevin.kunkel/Documents/Dev/Uni/ca-friend-foe-analysis/frames/heimkehr/frame_034799.png,62.703574249605055,73.58355174052694,1.1735144687328405,0.7596366508688783,0.1516423117430226,0.0,0.0,0.0,0.0,0.4999999996012986,0.0424433912585571,58.54464849921011,0.8203590641101095,0.8942069097254489,14.246238204893968,0.0138081781011605,6,6,0,0.0,0.5,358.92845525287265
/Users/kevin.kunkel/Documents/Dev/Uni/ca-friend-foe-analysis/frames/heimkehr/frame_035056.png,65.73081226961558,58.55806662380329,0.8908769648931355,0.6754772248551869,0.0636914165350184,0.0,0.0,0.0,0.0,0.4999999996196609,0.0268299104791995,6.687302527646139,0.7520815393034518,0.8236132536216172,14.847331153024978,0.0174149291020436,3,9,1,0.0040317272248551,0.3424170616113744,102.02586630366572
/Users/kevin.kunkel/Documents/Dev/Uni/ca-friend-foe-analysis/frames/heimkehr/frame_035559.png,74.60728672985782,73.33294042214817,0.9829192768983036,0.6568127962085308,0.1514547130068457,0.0,0.0,0.0,0.0,0.4999999996649121,0.0402119536598209,12.44244997367035,0.6617504052700596,0.8223041538890438,21.99780200145883,0.0139860847056912,4,16,0,0.0,0.5,186.82675451090705
/Users/kevin.kunkel/Documents/Dev/Uni/ca-friend-foe-analysis/frames/heimkehr/frame_035739.png,38.85611506055819,63.99405096239492,1.646949281933197,0.8818062137967351,0.0825500263296471,0.0,0.0,0.0,0.0,0.4999999993566006,0.0255265929436545,-9.078956029489206,0.8001824489669486,0.8263062086340592,10.78612950847196,0.0157979321218832,1,12,1,0.0118483412322274,0.2725118483412322,385.96415721355726
/Users/kevin.kunkel/Documents/Dev/Uni/ca-friend-foe-analysis/frames/heimkehr/frame_035870.png,57.737325566087414,73.93609433993608,1.2805597330144989,0.7694773565034229,0.1290514744602422,0.0,0.0,0.0,0.0,0.4999999995670046,0.0243977093206951,37.0794069246972,0.7446939823849498,0.7980872027589341,15.73052316079466,0.0136334288048496,1,11,0,0.0,0.5,111.7744717243752
/Users/kevin.kunkel/Documents/Dev/Uni/ca-friend-foe-analysis/frames/heimkehr/frame_036685.png,88.40788243812533,80.97674091279028,0.9159448070466972,0.6328264876250658,0.2028567667193259,0.0,0.0,0.0,0.0,0.4999999997172198,0.0375,29.15424236440232,0.750914180838212,0.7715406199341243,19.43009210725613,0.0124263577088866,3,16,0,0.0,0.5,115.90005467092618
/Users/kevin.kunkel/Documents/Dev/Uni/ca-friend-foe-analysis/frames/heimkehr/frame_036799.png,72.15264283833596,72.92436279804163,1.0106956561572555,0.7155509478672986,0.1383655871511321,0.0,0.0,0.0,0.0,0.4999999996535124,0.0315429173249078,33.34465837282781,0.7181017615050234,0.7975357257173539,17.180578650412663,0.0139014609557784,3,7,1,0.0243417588204318,0.2251184834123222,149.11032184902422
/Users/kevin.kunkel/Documents/Dev/Uni/ca-friend-foe-analysis/frames/heimkehr/frame_037528.png,76.99448064770932,92.00848447609222,1.1950010388092602,0.7436348077935756,0.2124967087941021,0.0,0.0,0.0,0.0,0.4999999996753014,0.0466692996313849,-24.802195234333865,0.7505810333612117,0.597154720234592,23.252439755079788,0.0111602248462059,1,17,0,0.0,0.5,371.69410226829774
/Users/kevin.kunkel/Documents/Dev/Uni/ca-friend-foe-analysis/frames/heimkehr/frame_037700.png,70.15626974723538,72.47269862278625,1.033018129107988,0.7095379146919432,0.112374934175882,0.0,0.0,0.0,0.0,0.4999999996436526,0.0265666140073723,7.423456424433908,0.7232095065514358,0.7168215727575917,14.0146448595454,0.0138495857627689,1,8,1,0.0547689573459715,0.768957345971564,328.20462248328175
/Users/kevin.kunkel/Documents/Dev/Uni/ca-friend-foe-analysis/frames/heimkehr/frame_039639.png,102.13492298578198,104.75145081999965,1.0256183453726213,0.6125032912058979,0.3210406793048973,0.0,0.0,0.0,0.0,0.4999999997552257,0.0568753291205897,-6.579288441284874,0.8102769001228717,0.424382569773565,25.500524308093055,0.0097526582983017,1,24,0,0.0,0.5,376.99456726244586
/Users/kevin.kunkel/Documents/Dev/Uni/ca-friend-foe-analysis/frames/heimkehr/frame_039709.png,126.73940231700897,103.18615847104392,0.8141600520691419,0.5127600052659295,0.423986308583465,0.0,0.0,0.0,0.0,0.4999999998027448,0.0612065560821485,-46.06702211690363,0.645693966896922,0.6855138411341366,29.90916599773481,0.0099786498207494,5,31,0,0.0,0.5,380.2278767760298
/Users/kevin.kunkel/Documents/Dev/Uni/ca-friend-foe-analysis/frames/heimkehr/frame_040097.png,46.562154423380726,64.3748539524439,1.382557457046338,0.8026724591890468,0.0783636124275934,0.0,0.0,0.0,0.0,0.4999999994630833,0.0630068457082675,8.744270010531856,0.7861343689661225,0.794056598416091,24.85725480579173,0.0166513013051633,4,21,0,0.0,0.5,553.3196415319675
/Users/kevin.kunkel/Documents/Dev/Uni/ca-friend-foe-analysis/frames/heimkehr/frame_040186.png,111.6916337546077,90.6070018523198,0.8112246076574153,0.4996610057925224,0.3281924697209057,0.0,0.0,0.0,0.0,0.4999999997761694,0.1148268825697735,28.442055028962617,0.5634526427738025,0.6369225288851718,31.4709379060835,0.0114905544036697,14,16,3,0.1027448657187993,0.523696682464455,973.7232826094834
/Users/kevin.kunkel/Documents/Dev/Uni/ca-friend-foe-analysis/frames/heimkehr/frame_040270.png,88.9438948130595,84.64219744461556,0.9516358320866346,0.635989336492891,0.2234235123749341,0.0,0.0,0.0,0.0,0.4999999997189239,0.0996774618220115,2.6338566350710977,0.7415462472508751,0.6625530206816798,30.41440213645249,0.0122531124525887,1,24,3,0.0485650342285413,0.490521327014218,409.1793195938176
/Users/kevin.kunkel/Documents/Dev/Uni/ca-friend-foe-analysis/frames/heimkehr/frame_040295.png,89.74437203791469,86.84127612258972,0.9676514978469778,0.6277481569246972,0.237891653501843,0.0,0.0,0.0,0.0,0.499999999721431,0.093914560294892,-2.015304107424953,0.7300056273167508,0.6378389554874082,28.97289946362412,0.0118798244733872,3,21,1,0.0161269088994207,0.4786729857819905,462.36615688898735
/Users/kevin.kunkel/Documents/Dev/Uni/ca-friend-foe-analysis/frames/heimkehr/frame_040299.png,82.65766850974197,84.84281226687968,1.026436066899668,0.6658603212216956,0.2097946287519747,0.0,0.0,0.0,0.0,0.4999999996975477,0.0889152185360716,7.527020800421283,0.7412406942766574,0.6681257937614224,25.87380505439853,0.0121104971061477,1,20,0,0.0,0.5,415.16958816150714
/Users/kevin.kunkel/Documents/Dev/Uni/ca-friend-foe-analysis/frames/heimkehr/frame_041519.png,58.39653106898368,53.37493037264385,0.9140085772935952,0.729657056345445,0.0460604265402843,0.0,0.0,0.0,0.0,0.4999999995718924,0.050970905739863,7.251099262769884,0.8275438569319249,0.8414240208985121,17.385749615412816,0.0193236254866607,5,19,0,0.0,0.5,223.87754583703224
/Users/kevin.kunkel/Documents/Dev/Uni/ca-friend-foe-analysis/frames/heimkehr/frame_042301.png,59.57001053185887,50.98708227611145,0.8559186364966477,0.7629805160610847,0.0540251448130595,0.0,0.0,0.0,0.0,0.4999999995803257,0.055690494997367,32.069944707740916,0.8372723001786286,0.8363530341046371,15.587112108695644,0.0200717034628641,1,12,4,0.1591429699842022,0.5853080568720379,254.7750145694239
/Users/kevin.kunkel/Documents/Dev/Uni/ca-friend-foe-analysis/frames/heimkehr/frame_042385.png,76.82737954186413,77.9853244240981,1.0150720327522793,0.6782089257503949,0.1976665350184307,0.0,0.0,0.0,0.0,0.4999999996745952,0.0784524749868351,17.289708399157462,0.7485740947247777,0.695437149583372,26.974264209377026,0.0132936344321015,1,24,1,0.0058056872037914,0.6990521327014217,369.34154966385125
/Users/kevin.kunkel/Documents/Dev/Uni/ca-friend-foe-analysis/frames/heimkehr/frame_042422.png,83.86276658767773,81.143306112321,0.9675724915505762,0.6337710637177462,0.2273828330700368,0.0,0.0,0.0,0.0,0.4999999997018939,0.0850019747235387,11.253781595576612,0.6918248768701794,0.7300051884892977,27.60015261489656,0.0127548073589814,5,26,0,0.0,0.5,374.9016067950212
/Users/kevin.kunkel/Documents/Dev/Uni/ca-friend-foe-analysis/frames/heimkehr/frame_044003.png,59.0728574249605,57.7510614441885,0.9776243077421216,0.7598736176935229,0.0818720379146919,0.0,0.0,0.0,0.0,0.4999999995767938,0.0889514218009478,1.2074216692996345,0.8019923540769651,0.7731742971016737,26.225552012614976,0.0185581675347741,1,33,0,0.0,0.5,297.1906413637853
/Users/kevin.kunkel/Documents/Dev/Uni/ca-friend-foe-analysis/frames/heimkehr/frame_044300.png,23.747080700368613,6.495389388045509,0.2735236992980073,0.999957214323328,0.0,0.0,0.0,0.0,0.0,0.499999998947239,0.0006022906793048,2.646323723012113,0.9841282563578354,0.9820916323348718,2.301514634818018,0.140445683832698,1,0,0,0.0,0.5,6.103466969756839
/Users/kevin.kunkel/Documents/Dev/Uni/ca-friend-foe-analysis/frames/heimkehr/frame_044360.png,58.65848802001053,60.71869980129805,1.0351221408412792,0.7612987098472881,0.1073295155344918,0.0,0.0,0.0,0.0,0.4999999995738042,0.0605976829910479,44.159758425487105,0.9070240529071028,0.7909848578715319,15.09649225237788,0.0167253975561545,1,3,0,0.0,0.5,277.95614013139834
/Users/kevin.kunkel/Documents/Dev/Uni/ca-friend-foe-analysis/frames/heimkehr/frame_044414.png,79.56411269088994,79.64779749961842,1.0010517896296842,0.690646392838336,0.1918345181674565,0.0,0.0,0.0,0.0,0.499999999685788,0.081144681411269,61.61616640337019,0.8019669795248273,0.7355269027042096,26.614340855166812,0.0129220414976144,16,20,0,0.0,0.5,343.1595475728649
/Users/kevin.kunkel/Documents/Dev/Uni/ca-friend-foe-analysis/frames/heimkehr/frame_044957.png,53.07053712480253,63.25044344611874,1.1918184128831208,0.8819246972090574,0.0918740126382306,0.0,0.0,0.0,0.0,0.4999999995289289,0.0208234597156398,57.06566614007371,0.9078791211060516,0.8526535121684271,9.144026528541088,0.0158523214269527,1,5,0,0.0,0.5,126.10633179113395
/Users/kevin.kunkel/Documents/Dev/Uni/ca-friend-foe-analysis/frames/heimkehr/frame_045079.png,39.4606700895208,38.144630582957895,0.9666493346351628,0.912480252764613,0.0252962085308056,0.0,0.0,0.0,0.0,0.4999999993664578,0.029696550816219,29.167410479199575,0.912986814525705,0.9139837788722652,10.276121341687212,0.0266714188495723,1,5,1,0.0303317535545023,0.4075829383886256,88.72535129148739
/Users/kevin.kunkel/Documents/Dev/Uni/ca-friend-foe-analysis/frames/heimkehr/frame_045181.png,68.52647775144813,62.277552239861755,0.9088100569661146,0.7138592680358083,0.1008458399157451,0.0,0.0,0.0,0.0,0.4999999996351775,0.0283076619273301,54.81252962085309,0.8823607626304867,0.8254099939080424,11.5668076217327,0.0160171932258573,4,5,0,0.0,0.5,91.50738357100462
/Users/kevin.kunkel/Documents/Dev/Uni/ca-friend-foe-analysis/frames/heimkehr/frame_045268.png,60.09262769878884,61.8740332312611,1.0296443257305543,0.7588632174828858,0.100516719325961,0.0,0.0,0.0,0.0,0.4999999995839756,0.0448295155344918,49.95450236966824,0.8796621544879142,0.7969703868909332,15.123397042545022,0.0163704831923648,9,10,1,0.0040317272248551,0.4585308056872038,232.21302239363493
/Users/kevin.kunkel/Documents/Dev/Uni/ca-friend-foe-analysis/frames/heimkehr/frame_045344.png,68.37536203264877,67.46263861677045,0.9866512807038942,0.7174828857293313,0.1368253027909426,0.0,0.0,0.0,0.0,0.4999999996343712,0.0608313586097946,61.57441416535018,0.8563825129841299,0.7930637383968859,19.532898395066592,0.0151748658975472,3,16,0,0.0,0.5,367.82282546530865
/Users/kevin.kunkel/Documents/Dev/Uni/ca-friend-foe-analysis/frames/heimkehr/frame_045509.png,62.48224065297525,67.65910743489597,1.0828534095374007,0.7744042917324908,0.1227883096366508,0.0,0.0,0.0,0.0,0.4999999995998863,0.035367298578199,37.41670616113744,0.8006081115964027,0.7850610228293529,14.479884627022676,0.0148858741286237,2,14,0,0.0,0.5,96.8284025783778
/Users/kevin.kunkel/Documents/Dev/Uni/ca-friend-foe-analysis/frames/heimkehr/frame_045821.png,49.52564178515008,49.74717709808982,1.004473141679889,0.8448723012111637,0.0569609004739336,0.0,0.0,0.0,0.0,0.499999999495211,0.0447702738283307,22.924884807793585,0.8485546314365662,0.8494445735113424,16.17466875305132,0.020779365955663,1,21,2,0.0278172722485518,0.2867298578199052,121.13875791696724
/Users/kevin.kunkel/Documents/Dev/Uni/ca-friend-foe-analysis/frames/heimkehr/frame_045916.png,32.79393430753028,31.02755494842135,0.9461370070099512,0.9603409689310164,0.0173281990521327,0.0,0.0,0.0,0.0,0.499999999237664,0.0174170616113744,6.450602290679306,0.945675923344588,0.933701664446716,9.05805379518187,0.0342612501349643,1,16,0,0.0,0.5,96.70662871603126
/Users/kevin.kunkel/Documents/Dev/Uni/ca-friend-foe-analysis/frames/heimkehr/frame_046121.png,29.933698657187993,20.76349727559186,0.6936495701389361,0.977461822011585,0.0053877040547656,0.0,0.0,0.0,0.0,0.4999999991648208,0.0085604265402843,11.235693127962085,0.9585414149862156,0.9623672159753844,4.381072755179364,0.0481041602758942,1,2,0,0.0,0.5,15.295910586297657
/Users/kevin.kunkel/Documents/Dev/Uni/ca-friend-foe-analysis/frames/heimkehr/frame_046208.png,36.50970576619273,32.41485359526108,0.8878420909240081,0.929426671932596,0.0143068720379146,0.0,0.0,0.0,0.0,0.4999999993152506,0.0183748025276461,19.121231569246973,0.9338423473654864,0.9187192691715972,8.236773364302037,0.0313306732843837,1,6,2,0.0777679041600842,0.3210900473933649,71.85808078813766
/Users/kevin.kunkel/Documents/Dev/Uni/ca-friend-foe-analysis/frames/heimkehr/frame_046273.png,40.16687072143233,39.156358485221816,0.974842144395492,0.8992923907319642,0.0268792785676671,0.0,0.0,0.0,0.0,0.4999999993775965,0.028847419694576,19.852586887835702,0.9016277400902436,0.8865332631209408,10.101335181007668,0.0258495398096694,1,11,0,0.0,0.5,73.38092299618651
/Users/kevin.kunkel/Documents/Dev/Uni/ca-friend-foe-analysis/frames/heimkehr/frame_046316.png,42.34075829383886,40.16117693901585,0.9485228527427566,0.881684439178515,0.0284722222222222,0.0,0.0,0.0,0.0,0.4999999994095524,0.0341133491311216,25.088020010531864,0.8954944294726843,0.8752012411072907,10.731227447549305,0.0253133535377899,1,13,2,0.0863776987888362,0.3424170616113744,59.85277194748603
/Users/kevin.kunkel/Documents/Dev/Uni/ca-friend-foe-analysis/frames/heimkehr/frame_046351.png,30.078146392838335,21.796022176414347,0.7246464532515001,0.97355186940495,0.0057958135860979,0.0,0.0,0.0,0.0,0.4999999991688317,0.0125789889415481,11.938665086887838,0.954860039855858,0.951613955745542,5.276634701742799,0.0470159911173487,1,4,0,0.0,0.5,64.44485732327425
/Users/kevin.kunkel/Documents/Dev/Uni/ca-friend-foe-analysis/frames/heimkehr/frame_046453.png,31.053235255397578,26.16660125668161,0.8426368768732309,0.9629212743549236,0.0105186940494997,0.0,0.0,0.0,0.0,0.4999999991949309,0.0155608214849921,14.528044365455504,0.9446254220487564,0.9474958182325064,5.912647730486217,0.0391289515015603,1,8,0,0.0,0.5,66.70827946539521
/Users/kevin.kunkel/Documents/Dev/Uni/ca-friend-foe-analysis/frames/heimkehr/frame_046853.png,34.535923512374936,27.99797430085783,0.8106913431678305,0.9404225908372827,0.0069345708267509,0.0,0.0,0.0,0.0,0.4999999992761161,0.0191054502369668,15.372620458135856,0.928968832925482,0.924550356740906,7.769623039050949,0.0360291446566971,1,4,0,0.0,0.5,44.408788299027
/Users/kevin.kunkel/Documents/Dev/Uni/ca-friend-foe-analysis/frames/heimkehr/frame_046955.png,69.40620392311743,76.8637582468996,1.1074479483317985,0.7581951026856241,0.1588961295418641,0.0,0.0,0.0,0.0,0.4999999996398017,0.0811512638230647,16.237266324381253,0.8140104957201417,0.7792796776425157,26.287940733114542,0.0136240433860986,2,20,0,0.0,0.5,683.6353865344623
/Users/kevin.kunkel/Documents/Dev/Uni/ca-friend-foe-analysis/frames/heimkehr/frame_047057.png,71.28038441284887,78.2785083319609,1.0981774139819709,0.7485123749341759,0.1582115587151132,0.0,0.0,0.0,0.0,0.4999999996492724,0.0368022643496577,60.32514481305951,0.7883022540243059,0.8051892636991606,15.140672469980894,0.0128821896274861,1,9,0,0.0,0.5,186.13786471443868
/Users/kevin.kunkel/Documents/Dev/Uni/ca-friend-foe-analysis/frames/heimkehr/frame_047116.png,91.91917785676672,90.5513489055128,0.9851192201490612,0.6504739336492891,0.2597123486045287,0.0,0.0,0.0,0.0,0.4999999997280219,0.0684899947340705,39.955519352290665,0.7992916034238866,0.596024610476102,20.045314972512468,0.0112357258972068,1,14,0,0.0,0.5,634.239122830901
/Users/kevin.kunkel/Documents/Dev/Uni/ca-friend-foe-analysis/frames/heimkehr/frame_047153.png,72.3138658504476,74.41728458192384,1.0290873486547876,0.7157615850447604,0.1732359136387572,0.0,0.0,0.0,0.0,0.4999999996542849,0.0626250658241179,33.10328791469195,0.8340385290503773,0.6771506417206166,16.459474319397607,0.0136872442325388,1,14,0,0.0,0.5,534.669953698554
/Users/kevin.kunkel/Documents/Dev/Uni/ca-friend-foe-analysis/frames/heimkehr/frame_047273.png,60.37008952080042,65.5543187576956,1.085874133523051,0.7889415481832543,0.1031793048973143,0.0,0.0,0.0,0.0,0.4999999995858876,0.0376744339125855,76.40351500789889,0.9016932544476453,0.8846545137275552,12.992904855608204,0.0153778889532468,1,15,0,0.0,0.5,149.38647541248778
/Users/kevin.kunkel/Documents/Dev/Uni/ca-friend-foe-analysis/frames/heimkehr/frame_047353.png,120.27870589784096,95.27422735760491,0.7921121745300048,0.5087216956292786,0.3897478936282254,0.0,0.0,0.0,0.0,0.4999999997921494,0.0271359926276987,70.20250789889415,0.7136603888527502,0.7963207673801485,14.976712165666894,0.0105081422101113,3,5,0,0.0,0.5,46.252212564467854
/Users/kevin.kunkel/Documents/Dev/Uni/ca-friend-foe-analysis/frames/heimkehr/frame_047776.png,53.44169957872565,58.8101658036327,1.1004546291974346,0.8340541074249606,0.0747202474986835,0.0,0.0,0.0,0.0,0.4999999995322005,0.0374539231174302,47.43846103212216,0.8775640429947651,0.8138405662422947,12.58481598799325,0.0171764028357444,1,12,4,0.0315462085308056,0.8957345971563981,140.4935074281345
/Users/kevin.kunkel/Documents/Dev/Uni/ca-friend-foe-analysis/frames/heimkehr/frame_048695.png,37.75997235387046,38.83887516409137,1.0285726561781514,0.932076092680358,0.0286729857819905,0.0,0.0,0.0,0.0,0.4999999993379233,0.0221662717219589,7.6150276461295405,0.9242866730683847,0.8964770415801918,10.758220254688204,0.0266946128092903,1,19,1,0.1316482359136387,0.4004739336492891,115.61859071595272
/Users/kevin.kunkel/Documents/Dev/Uni/ca-friend-foe-analysis/frames/heimkehr/frame_048728.png,40.08361966824645,41.30801441943313,1.030546010022693,0.9250987361769352,0.0335308056872037,0.0,0.0,0.0,0.0,0.4999999993763038,0.028455766192733,11.24482951553449,0.9094108612375966,0.8843540718024967,11.491616192157846,0.0251066408332643,1,20,0,0.0,0.5,151.81951666187248
/Users/kevin.kunkel/Documents/Dev/Uni/ca-friend-foe-analysis/frames/heimkehr/frame_048799.png,45.000506845708266,56.332923837337574,1.251828649515027,0.8949414165350185,0.0723374144286466,0.0,0.0,0.0,0.0,0.4999999994444507,0.0279653765139547,-10.813829647182729,0.8830058647998431,0.8543322594967424,16.22674752290304,0.0185927898070721,1,51,0,0.0,0.5,384.4987408734814
/Users/kevin.kunkel/Documents/Dev/Uni/ca-friend-foe-analysis/frames/heimkehr/frame_049001.png,50.12627040547657,48.74783746130532,0.9725007859098426,0.8422919957872564,0.0480483149025803,0.0,0.0,0.0,0.0,0.4999999995012595,0.0299565560821485,0.2786664033701953,0.8396656134807794,0.8362804468812275,13.179042708291568,0.0208119800277491,1,17,0,0.0,0.5,133.81445980169593
/Users/kevin.kunkel/Documents/Dev/Uni/ca-friend-foe-analysis/frames/heimkehr/frame_049090.png,41.24716627172196,39.383981546258354,0.9548287800264272,0.9103738809899948,0.0265271195365982,0.0,0.0,0.0,0.0,0.4999999993938978,0.0375230384412848,9.733073328067404,0.9044364681101508,0.8842531414882963,14.060096498000847,0.0268891464374379,1,9,0,0.0,0.5,175.4556553878111
/Users/kevin.kunkel/Documents/Dev/Uni/ca-friend-foe-analysis/frames/heimkehr/frame_049246.png,54.60608873091101,40.744949011916816,0.7461612776934908,0.794431279620853,0.0149749868351764,0.0,0.0,0.0,0.0,0.4999999995421756,0.0226731174302264,25.941093996840443,0.869221158710983,0.8608839533707111,10.760979582011917,0.0245971402499731,2,10,1,0.045053317535545,0.3139810426540284,61.11940720432252
/Users/kevin.kunkel/Documents/Dev/Uni/ca-friend-foe-analysis/frames/heimkehr/frame_049354.png,46.60114204844655,47.34200177768875,1.0158978856544378,0.8754410215903107,0.0509774881516587,0.0,0.0,0.0,0.0,0.4999999994635325,0.0393035808320168,11.612035939968408,0.8833790488285889,0.8612570857726978,13.880119221218347,0.0215793902376769,1,14,2,0.0214125855713533,0.2902843601895735,128.74660363667712
/Users/kevin.kunkel/Documents/Dev/Uni/ca-friend-foe-analysis/frames/heimkehr/frame_049415.png,43.80741508688784,46.98997741575964,1.0726489388907017,0.8936775934702474,0.0468568983675618,0.0,0.0,0.0,0.0,0.4999999994293204,0.0156200631911532,-7.193302395997897,0.8842081745810488,0.8610896085659119,8.742997068699472,0.021173149222523,2,9,0,0.0,0.5,73.29144938787684
/Users/kevin.kunkel/Documents/Dev/Uni/ca-friend-foe-analysis/frames/heimkehr/frame_049454.png,50.03950434439179,51.35736524921695,1.0263364079932022,0.8491640337019484,0.0577573723012111,0.0,0.0,0.0,0.0,0.4999999995003947,0.0164461558715113,18.955545681937863,0.838876008012473,0.8544827256863778,9.07673481895504,0.0193963964153326,1,6,0,0.0,0.5,74.37606297933223
/Users/kevin.kunkel/Documents/Dev/Uni/ca-friend-foe-analysis/frames/heimkehr/frame_049487.png,59.25156990521327,62.43545360404516,1.0537350081787158,0.7980878093733544,0.0873716429699842,0.0,0.0,0.0,0.0,0.4999999995780703,0.0277909426013691,-14.189142311743026,0.8392809683114952,0.7622520883024089,11.307392641288349,0.0160508639780474,3,10,0,0.0,0.5,104.95960202374872
/Users/kevin.kunkel/Documents/Dev/Uni/ca-friend-foe-analysis/frames/heimkehr/frame_049547.png,57.38807596103212,55.91639302403028,0.9743555954822964,0.8076487625065825,0.069928251711427,0.0,0.0,0.0,0.0,0.4999999995643694,0.0244141653501843,26.967914033701952,0.8311801102747576,0.8207211483856313,11.93821368368781,0.0178463344260083,1,12,0,0.0,0.5,47.839257712602056
/Users/kevin.kunkel/Documents/Dev/Uni/ca-friend-foe-analysis/frames/heimkehr/frame_049616.png,87.62478936282254,60.909138763042606,0.6951130968352871,0.5703462348604529,0.1171471827277514,0.0,0.0,0.0,0.0,0.4999999997146926,0.0162750131648235,21.0980252764613,0.7981791242036572,0.762278650270008,12.11608779621893,0.0163085403674103,7,15,1,0.2883622959452343,0.3957345971563981,37.831045010255046
/Users/kevin.kunkel/Documents/Dev/Uni/ca-friend-foe-analysis/frames/heimkehr/frame_049709.png,59.713177988414955,58.46240094032794,0.979053582674246,0.8217877830437073,0.0780871511321748,0.0,0.0,0.0,0.0,0.4999999995813319,0.0343042390731964,21.26912848867825,0.8266139557455421,0.8047293725283688,16.010403055649352,0.0172600810337313,2,19,0,0.0,0.5,100.07208723107765
/Users/kevin.kunkel/Documents/Dev/Uni/ca-friend-foe-analysis/frames/heimkehr/frame_049953.png,81.94659360189573,80.43676656151037,0.9815754740718352,0.666910215903107,0.1857359136387572,0.0,0.0,0.0,0.0,0.4999999996949232,0.026655476566614,47.41510992627698,0.8411577042612727,0.6425720709558178,14.181438560390172,0.01245141470816,1,15,0,0.0,0.5,198.79985362086063
/Users/kevin.kunkel/Documents/Dev/Uni/ca-friend-foe-analysis/frames/heimkehr/frame_049990.png,86.81332938388626,83.12973510204304,0.9575687926757038,0.6470905739863085,0.208919167983149,0.0,0.0,0.0,0.0,0.4999999997120258,0.0336229594523433,57.55714191679833,0.8223358527191814,0.6511163254137885,16.327889147658006,0.0120909887003022,1,13,0,0.0,0.5,193.38814715696196
/Users/kevin.kunkel/Documents/Dev/Uni/ca-friend-foe-analysis/frames/heimkehr/frame_050321.png,75.93845444971038,84.01103451421993,1.106304243513741,0.7434768299104793,0.189942074776198,0.0,0.0,0.0,0.0,0.499999999670786,0.0332839652448657,-9.356621906266454,0.8223947588514079,0.6286736053031008,15.610611530366151,0.012035412744103,1,15,0,0.0,0.5,323.0727086576592
/Users/kevin.kunkel/Documents/Dev/Uni/ca-friend-foe-analysis/frames/heimkehr/frame_050456.png,42.449944049499734,43.986663908811956,1.0362007486723708,0.8918443917851501,0.0410446287519747,0.0,0.0,0.0,0.0,0.4999999994110711,0.0405015797788309,12.07897906793049,0.87119699222501,0.8716068054393954,15.050546756403984,0.0237499154116871,1,19,0,0.0,0.5,126.92412214322609
/Users/kevin.kunkel/Documents/Dev/Uni/ca-friend-foe-analysis/frames/heimkehr/frame_050495.png,49.1658570300158,55.352537571607414,1.1258328604997438,0.8557069510268562,0.0704482622432859,0.0,0.0,0.0,0.0,0.4999999994915171,0.0479035018430753,35.15403501843075,0.8540736094332415,0.8576531507811129,16.28783590586607,0.0186650709649985,1,16,1,0.0092449973670352,0.3210900473933649,271.10094193580835
/Users/kevin.kunkel/Documents/Dev/Uni/ca-friend-foe-analysis/frames/heimkehr/frame_050662.png,53.105358083201686,56.67435558132956,1.0672059754463123,0.8141719325961032,0.07528962611901,0.0,0.0,0.0,0.0,0.4999999995292377,0.0324809110057925,15.99456292785677,0.8340770684261066,0.8111561296451176,12.804822321694816,0.0177898922371512,4,12,1,0.049792654028436,0.273696682464455,99.74729026598088
/Users/kevin.kunkel/Documents/Dev/Uni/ca-friend-foe-analysis/frames/heimkehr/frame_050799.png,48.99230845181675,58.49784320839871,1.1940209583414183,0.8527942338072669,0.0778501843075302,0.0,0.0,0.0,0.0,0.4999999994897158,0.0279324644549763,26.14355252764613,0.8426727431362224,0.849326348232816,12.507924230536185,0.0173115427892829,1,14,1,0.0711196682464455,0.4632701421800947,112.286646792564
/Users/kevin.kunkel/Documents/Dev/Uni/ca-friend-foe-analysis/frames/heimkehr/frame_051017.png,55.8330766192733,59.6217044659969,1.0678563312169358,0.8173808583464982,0.0807694839389152,0.0,0.0,0.0,0.0,0.4999999995522368,0.0435327804107424,-9.10317930489731,0.7989204844655081,0.8126760214354304,17.485267987372527,0.0170684689918433,1,20,0,0.0,0.5,176.53291036218332
/Users/kevin.kunkel/Documents/Dev/Uni/ca-friend-foe-analysis/frames/heimkehr/frame_051313.png,56.1140238283307,60.675727221811634,1.081293462384861,0.8105713533438652,0.0893364928909952,0.0,0.0,0.0,0.0,0.4999999995544786,0.0378159557661927,38.889622827804104,0.8629053733130957,0.807184250740844,14.51520589146435,0.0166481047310243,1,14,2,0.1719622169562928,0.3744075829383886,127.25875955942206
/Users/kevin.kunkel/Documents/Dev/Uni/ca-friend-foe-analysis/frames/heimkehr/frame_051353.png,53.76999078462349,62.03862968439378,1.153777946838649,0.835222485518694,0.0889876250658241,0.0,0.0,0.0,0.0,0.4999999995350567,0.0244240389678778,45.57082016850974,0.8288775826286281,0.8502764612954186,11.622761339620094,0.0161744578831765,1,8,1,0.0530838599262769,0.3376777251184834,97.61567941642384
/Users/kevin.kunkel/Documents/Dev/Uni/ca-friend-foe-analysis/frames/heimkehr/frame_051773.png,32.74622827804107,33.31429633509933,1.0173475842927666,0.9368549236440232,0.0171537651395471,0.0,0.0,0.0,0.0,0.4999999992365533,0.0231766719325961,14.441739073196423,0.9303362450825512,0.9213444640626128,8.283523283248053,0.0305333760361042,1,7,0,0.0,0.5,107.48524492878524
/Users/kevin.kunkel/Documents/Dev/Uni/ca-friend-foe-analysis/frames/heimkehr/frame_051917.png,43.22452277514481,46.98580149362601,1.0870172385556631,0.8787519747235387,0.048818457082675,0.0,0.0,0.0,0.0,0.4999999994216246,0.0120754344391785,37.038892180094784,0.8881218959411041,0.8846779780896034,7.98304776419584,0.021215825173738,1,10,0,0.0,0.5,36.167741908797026
/Users/kevin.kunkel/Documents/Dev/Uni/ca-friend-foe-analysis/frames/heimkehr/frame_052334.png,33.513513691416534,33.78483177686545,1.00809577853094,0.93211887835703,0.0209814375987361,0.0,0.0,0.0,0.0,0.4999999992540323,0.0240587151132174,12.770175092153764,0.9161158607729558,0.9242740761391444,8.276003817248508,0.0300188690848132,1,8,0,0.0,0.5,59.3134761111755
/Users/kevin.kunkel/Documents/Dev/Uni/ca-friend-foe-analysis/frames/heimkehr/frame_052486.png,62.66431345444971,57.93416674051283,0.9245160994251248,0.7847518430753028,0.0940231700895208,0.0,0.0,0.0,0.0,0.4999999996010488,0.027481569246972,13.518098341232232,0.806754922611488,0.8225764592303483,12.429147345395288,0.017381566044314,1,7,0,0.0,0.5,141.25916929630654
/Users/kevin.kunkel/Documents/Dev/Uni/ca-friend-foe-analysis/frames/heimkehr/frame_052936.png,42.07570102685624,50.45053338131645,1.199042013089942,0.8819181147972617,0.0550651658767772,0.0,0.0,0.0,0.0,0.4999999994058329,0.0209189046866772,14.501444839389158,0.881266533469628,0.854236620925358,9.677750247110431,0.0200265007062859,1,8,0,0.0,0.5,307.1660641213607
/Users/kevin.kunkel/Documents/Dev/Uni/ca-friend-foe-analysis/frames/heimkehr/frame_053375.png,59.01014020537125,61.49994444436657,1.042192818490362,0.7629739336492891,0.1111078199052132,0.0,0.0,0.0,0.0,0.499999999576344,0.0476796998420221,9.830881384939438,0.8358159867422482,0.7355687978192857,16.78079164456324,0.0165861727439917,1,12,0,0.0,0.5,298.23747870224736
/Users/kevin.kunkel/Documents/Dev/Uni/ca-friend-foe-analysis/frames/heimkehr/frame_053669.png,101.39302922590838,78.2369951699982,0.7716210442684421,0.5231503422854134,0.2316153238546603,0.0,0.0,0.0,0.0,0.4999999997534347,0.0448295155344918,1.4405015797788252,0.7053504424413262,0.6690664333137152,19.316684697762536,0.0129407584613833,5,21,2,0.0355614797261716,0.4597156398104265,348.92468245285977
/Users/kevin.kunkel/Documents/Dev/Uni/ca-friend-foe-analysis/frames/heimkehr/frame_054092.png,99.2007800157978,79.22392214122556,0.7986219669719019,0.4998288572933123,0.2757964718272775,0.0,0.0,0.0,0.0,0.4999999997479858,0.0324644549763033,-16.556598867825173,0.783836255407903,0.6249583113919607,15.6496119794848,0.0127104704419039,1,8,1,0.0103212216956292,0.8981042654028436,307.2928445221781
/Users/kevin.kunkel/Documents/Dev/Uni/ca-friend-foe-analysis/frames/heimkehr/frame_054275.png,79.71067996313849,65.05458714035953,0.8161338868120317,0.6213566350710901,0.123528830963665,0.0,0.0,0.0,0.0,0.4999999996863657,0.1006286203264876,8.556013033175361,0.7668041745397475,0.721053882848558,23.873536911066992,0.0161023973294339,1,16,1,0.0489863085834649,0.2488151658767772,370.19498814681833
/Users/kevin.kunkel/Documents/Dev/Uni/ca-friend-foe-analysis/frames/heimkehr/frame_054421.png,85.69106108478147,69.98756350918002,0.8167428730782208,0.5384643233280674,0.1479989468141127,0.0,0.0,0.0,0.0,0.4999999997082543,0.0434011321748288,-17.110531858873088,0.7987141839358176,0.7071333725696702,17.572558462523467,0.0145277807978459,3,22,1,0.0522511848341232,0.3862559241706161,386.23042076903096
/Users/kevin.kunkel/Documents/Dev/Uni/ca-friend-foe-analysis/frames/heimkehr/frame_054505.png,80.89957214323329,64.83107245233442,0.8013771971180864,0.6157944971037388,0.1151033438651922,0.0,0.0,0.0,0.0,0.4999999996909749,0.0952771195365982,13.218542654028424,0.7534087084017388,0.748526056025359,24.05570481743946,0.0162668026523863,1,21,1,0.0420254081095313,0.3518957345971564,439.2691037519883
/Users/kevin.kunkel/Documents/Dev/Uni/ca-friend-foe-analysis/frames/heimkehr/frame_054709.png,103.49293048973144,83.77988406050771,0.8095227720686494,0.5369997367035282,0.2697077409162717,0.0,0.0,0.0,0.0,0.4999999997584376,0.1032615850447604,7.568509741969464,0.6918063170502535,0.659109541657632,30.577293541705405,0.0123412170662267,16,31,6,0.0471662717219589,0.2843601895734597,456.765133812475
/Users/kevin.kunkel/Documents/Dev/Uni/ca-friend-foe-analysis/frames/heimkehr/frame_054999.png,122.73226040021063,75.91452056886237,0.6185376221334413,0.4004870984728804,0.3671406003159557,0.0,0.0,0.0,0.0,0.4999999997963046,0.0895833333333333,2.4032714586624593,0.7377826823199001,0.681056541626656,31.189896923834663,0.0137208503166894,2,11,1,0.1756220379146919,0.3684834123222749,307.68330230549816
/Users/kevin.kunkel/Documents/Dev/Uni/ca-friend-foe-analysis/frames/heimkehr/frame_055155.png,38.63619668246446,37.67023585006812,0.9749985502497814,0.8478376777251185,0.0041304634017904,0.0,0.0,0.0,0.0,0.4999999993529384,0.0114303580832016,-5.336446814112698,0.8914286156800793,0.8542936426808744,6.14545328076464,0.0263620967408345,1,3,0,0.0,0.5,80.34756253427388
/Users/kevin.kunkel/Documents/Dev/Uni/ca-friend-foe-analysis/frames/heimkehr/frame_055541.png,42.956348736176935,53.56720807405796,1.2470149238788373,0.863615718799368,0.057655344918378,0.0,0.0,0.0,0.0,0.4999999994180139,0.0349394418114797,-5.132928515007897,0.846095029375626,0.8231397587997811,15.25613653809822,0.0191211243709803,1,24,1,0.0130627962085308,0.1030805687203791,327.9492838598518
/Users/kevin.kunkel/Documents/Dev/Uni/ca-friend-foe-analysis/frames/heimkehr/frame_056216.png,93.8147676408636,76.41282755127726,0.8145074532652022,0.5561315165876777,0.1964849921011058,0.0,0.0,0.0,0.0,0.4999999997335174,0.0763625592417061,3.52780739863087,0.7148142211070843,0.6736997542566263,28.51811463462157,0.0134239600829116,12,36,0,0.0,0.5,206.9090434248392
/Users/kevin.kunkel/Documents/Dev/Uni/ca-friend-foe-analysis/frames/heimkehr/frame_056530.png,32.999598472880464,51.67074265221679,1.5657991274681908,0.9211130858346498,0.0508162190626645,0.0,0.0,0.0,0.0,0.499999999242415,0.0246774618220115,-12.274071879936807,0.8794913731685408,0.8919271752934981,13.336950386912738,0.0201364478897244,1,6,0,0.0,0.5,159.44443273095172
/Users/kevin.kunkel/Documents/Dev/Uni/ca-friend-foe-analysis/frames/heimkehr/frame_056567.png,33.48172064244339,51.273225207812494,1.5313796325532203,0.919079120589784,0.0482161664033701,0.0,0.0,0.0,0.0,0.4999999992533239,0.0254838072669826,-11.484630068457085,0.8790366963004265,0.890889012793111,13.32871678919552,0.0203205401888585,1,5,0,0.0,0.5,157.19221368917658
/Users/kevin.kunkel/Documents/Dev/Uni/ca-friend-foe-analysis/frames/heimkehr/frame_056975.png,27.512003027909422,36.90031760557492,1.341244308312162,0.9514612954186414,0.024749868351764,0.0,0.0,0.0,0.0,0.4999999990913057,0.0238513691416535,2.760587809373355,0.9157294602938596,0.9170122303792502,10.293339065867444,0.0285658648298898,1,13,1,0.0088994207477619,0.1303317535545023,339.39013031284895
/Users/kevin.kunkel/Documents/Dev/Uni/ca-friend-foe-analysis/frames/heimkehr/frame_057116.png,90.44684373354396,74.51089396692936,0.8238086682610759,0.5728014744602422,0.2106305950500263,0.0,0.0,0.0,0.0,0.4999999997235945,0.0832740916271722,7.90474921011058,0.6379645892058772,0.7951424124152031,21.885314071141657,0.0138429899989322,6,18,1,0.0355976829910479,0.3199052132701421,678.0456796641724
/Users/kevin.kunkel/Documents/Dev/Uni/ca-friend-foe-analysis/frames/heimkehr/frame_057167.png,98.24818983675618,92.76098292891054,0.9441495358705556,0.5796669299631385,0.3235650342285413,0.0,0.0,0.0,0.0,0.4999999997455424,0.032717877830437,2.552349921011057,0.5343485735526439,0.7574156160621173,16.59714814417783,0.010806425171774,3,11,1,0.0435261979989468,0.3353080568720379,241.5059855605998
/Users/kevin.kunkel/Documents/Dev/Uni/ca-friend-foe-analysis/frames/heimkehr/frame_057337.png,89.36652843601895,74.00755651633517,0.8281350716952893,0.5681970774091627,0.2052494734070563,0.0,0.0,0.0,0.0,0.4999999997202532,0.0819773565034228,11.683906003159564,0.6633092236367955,0.7972028105607698,20.873827811070715,0.0138785191262626,4,17,1,0.0322571090047393,0.3258293838862559,538.9483985131332
/Users/kevin.kunkel/Documents/Dev/Uni/ca-friend-foe-analysis/frames/heimkehr/frame_057503.png,104.66190758293838,90.60722602878174,0.8657134962919486,0.5485880726698262,0.3468700631911532,0.0,0.0,0.0,0.0,0.4999999997611356,0.0372005002632964,3.1070629278567736,0.5380829435513015,0.7683715371351278,17.369710133211953,0.0110781486419889,10,8,1,0.0590968931016324,0.2796208530805687,243.54069443167123
/Users/kevin.kunkel/Documents/Dev/Uni/ca-friend-foe-analysis/frames/heimkehr/frame_058084.png,73.67891324381253,68.65786022727859,0.9318522371101772,0.6562565824117956,0.1382668509741969,0.0,0.0,0.0,0.0,0.4999999996606899,0.045922195892575,33.45328791469194,0.7456120094167209,0.8170409864841144,16.839445734040844,0.0147107400324821,3,11,1,0.1607457872564507,0.4940758293838863,212.96440102605604
/Users/kevin.kunkel/Documents/Dev/Uni/ca-friend-foe-analysis/frames/heimkehr/frame_058136.png,62.10003291205898,57.45518680946163,0.9252038046147998,0.7162651395471301,0.0730713533438651,0.0,0.0,0.0,0.0,0.4999999995974237,0.0164626119010005,36.73929041600843,0.8325745748536382,0.7652786812460635,8.867820976381921,0.0172841033320003,7,9,0,0.0,0.5,59.56690825328389
/Users/kevin.kunkel/Documents/Dev/Uni/ca-friend-foe-analysis/frames/heimkehr/frame_058181.png,60.961252632964715,56.19936410342591,0.9218866342790258,0.7252007635597683,0.0704318062137967,0.0,0.0,0.0,0.0,0.4999999995899035,0.016038046340179,37.109152843601905,0.8353382327127796,0.7743768392032959,8.80123173815767,0.017666369752915,11,7,0,0.0,0.5,38.949805559468125
/Users/kevin.kunkel/Documents/Dev/Uni/ca-friend-foe-analysis/frames/heimkehr/frame_058317.png,75.71230581885203,84.04691594425773,1.1100826335198228,0.6737098472880464,0.1917555292259083,0.0,0.0,0.0,0.0,0.4999999996698027,0.1025473933649289,-18.054117298578205,0.6446872709062561,0.7001808227240343,32.73989180196156,0.0125402541881973,5,39,1,0.0038046340179041,0.8530805687203792,564.6393715115955
/Users/kevin.kunkel/Documents/Dev/Uni/ca-friend-foe-analysis/frames/heimkehr/frame_058430.png,74.82460834649815,84.07833375232438,1.1236722182441212,0.676119010005266,0.1794628751974723,0.0,0.0,0.0,0.0,0.4999999996658853,0.0559044233807266,7.703287914691941,0.7289491115034745,0.7257568741029851,23.828867130988904,0.0122151896556307,1,20,0,0.0,0.5,522.5446811470823
/Users/kevin.kunkel/Documents/Dev/Uni/ca-friend-foe-analysis/frames/heimkehr/frame_059245.png,88.67427264349658,70.19287817452206,0.7915810979083564,0.559830832016851,0.2089158767772511,0.0,0.0,0.0,0.0,0.4999999997180693,0.0181115060558188,33.987299236440236,0.7881364030604343,0.7390193238959617,12.15041088565572,0.014206062606686,4,6,0,0.0,0.5,137.9927290144997
/Users/kevin.kunkel/Documents/Dev/Uni/ca-friend-foe-analysis/frames/heimkehr/frame_059530.png,101.90948525539758,86.86306107445353,0.8523550165279377,0.5203166140073723,0.2977553975776724,0.0,0.0,0.0,0.0,0.4999999997546843,0.0258655871511321,-3.471083464981575,0.4888550217348656,0.825529277535132,15.089973053214438,0.0115071214334505,1,6,0,0.0,0.5,248.7413814091676
/Users/kevin.kunkel/Documents/Dev/Uni/ca-friend-foe-analysis/frames/heimkehr/frame_059681.png,80.37354528699315,74.62539419075817,0.9284820500506976,0.6399651132174828,0.1606503422854134,0.0,0.0,0.0,0.0,0.4999999996889524,0.051592943654555,23.66880595050027,0.6908448202872512,0.7177903747070182,18.37726822891685,0.0135329706946006,8,9,2,0.295632569773565,0.3921800947867299,132.5574113700393
/Users/kevin.kunkel/Documents/Dev/Uni/ca-friend-foe-analysis/frames/heimkehr/frame_060041.png,106.25465705634544,89.67501078675492,0.8439631088810078,0.5249275934702475,0.2937137967351237,0.0,0.0,0.0,0.0,0.4999999997647162,0.0636617956819378,69.16019286466562,0.6342320261437908,0.6445115850447604,23.148465692368635,0.011297842718661,4,13,2,0.1141258557135334,0.424170616113744,323.62150865501627
/Users/kevin.kunkel/Documents/Dev/Uni/ca-friend-foe-analysis/frames/heimkehr/frame_060233.png,129.02018825697735,82.087620920835,0.6362385760413884,0.3629212743549236,0.4422854133754608,0.0,0.0,0.0,0.0,0.4999999998062318,0.0361703528172722,53.140659557661934,0.6354951006205536,0.7243638550733617,15.298280640129429,0.012220145807545,5,9,0,0.0,0.5,207.2400808950162
/Users/kevin.kunkel/Documents/Dev/Uni/ca-friend-foe-analysis/frames/heimkehr/frame_060287.png,111.73905015797789,90.14944643809324,0.8067855081098364,0.5023400473933649,0.3212052395997893,0.0,0.0,0.0,0.0,0.4999999997762644,0.0401560031595576,-5.45226764086361,0.5956229542896674,0.6991980041094901,18.379654373629144,0.011149742541176,1,16,0,0.0,0.5,329.6169835287753
/Users/kevin.kunkel/Documents/Dev/Uni/ca-friend-foe-analysis/frames/heimkehr/frame_060857.png,124.45666469194312,76.27962790358595,0.6129011092423554,0.3655970247498683,0.3591001843075302,0.0,0.0,0.0,0.0,0.4999999997991269,0.0363085834649815,-11.794447735650351,0.6801351846689176,0.7541643950892627,15.997427984550448,0.0132210458342845,5,15,0,0.0,0.5,211.8178610729906
/Users/kevin.kunkel/Documents/Dev/Uni/ca-friend-foe-analysis/frames/heimkehr/frame_061406.png,120.4815593733544,81.62150544428354,0.6774605657584877,0.4062105055292259,0.3067765929436545,0.0,0.0,0.0,0.0,0.4999999997924993,0.053702606635071,0.268980384412842,0.6240640326694131,0.7443766843230183,26.160484481124545,0.012477503161051,10,16,1,0.023778962611901,0.5770142180094787,180.53943811024385
/Users/kevin.kunkel/Documents/Dev/Uni/ca-friend-foe-analysis/frames/heimkehr/frame_061496.png,129.32712611901002,82.1599497210166,0.6352878326692438,0.400806345444971,0.3973341232227488,0.0,0.0,0.0,0.0,0.4999999998066917,0.0417061611374407,-21.60392969984204,0.5882416442090264,0.7610072896983965,19.608314210495823,0.0123534231471369,4,28,1,0.0088994207477619,0.2203791469194312,392.95823945641655
/Users/kevin.kunkel/Documents/Dev/Uni/ca-friend-foe-analysis/frames/heimkehr/frame_062576.png,68.77664560294892,71.13525580984744,1.0342937647335335,0.6958333333333333,0.1441317798841495,0.0,0.0,0.0,0.0,0.4999999996365045,0.0354726171669299,11.405502896261195,0.7439929168086402,0.7461853503908146,14.822122093966462,0.0141056751135829,6,8,1,0.2057003686150605,0.4123222748815165,90.73188934377023
/Users/kevin.kunkel/Documents/Dev/Uni/ca-friend-foe-analysis/frames/heimkehr/frame_064717.png,91.12383491311216,73.90203068149036,0.8110065897781443,0.4864764349657715,0.1923775671406003,0.0,0.0,0.0,0.0,0.499999999725648,0.0416074249605055,-6.263316219062659,0.7659510681576475,0.7013686770126693,17.593839587369043,0.0137586290342253,1,6,0,0.0,0.5,195.61526445283735
/Users/kevin.kunkel/Documents/Dev/Uni/ca-friend-foe-analysis/frames/heimkehr/frame_064841.png,27.908106240126383,43.71269105175384,1.566308029610148,0.903103607161664,0.032615850447604,0.0,0.0,0.0,0.0,0.4999999991042029,0.0234366771985255,1.544961163770406,0.8816916282047311,0.8715621999194623,10.492116825235955,0.0232851885993344,1,9,1,0.0297031332280147,0.3566350710900474,63.73800758397467
/Users/kevin.kunkel/Documents/Dev/Uni/ca-friend-foe-analysis/frames/heimkehr/frame_066229.png,98.04883162190626,84.3074615106392,0.8598517700828766,0.6147018167456556,0.2420451553449183,0.0,0.0,0.0,0.0,0.499999999745025,0.0949743285939968,-4.2799269352290565,0.7697070439550228,0.6009877489700461,30.565840929006733,0.0122613572301166,5,30,0,0.0,0.5,434.5935658278643
/Users/kevin.kunkel/Documents/Dev/Uni/ca-friend-foe-analysis/frames/heimkehr/frame_066584.png,17.149358214849922,20.36395159431127,1.1874468548877293,0.9725743812532912,0.0006417851500789,0.0,0.0,0.0,0.0,0.4999999985422195,0.0167456556082148,10.237964060031594,0.9536206620615596,0.9586241726811842,4.663804523885193,0.0496081612043336,1,0,0,0.0,0.5,62.87186301968082
/Users/kevin.kunkel/Documents/Dev/Uni/ca-friend-foe-analysis/frames/heimkehr/frame_066709.png,41.33448196419168,38.022453245478154,0.91987249740858,0.8547459189046867,0.0113382043180621,0.0,0.0,0.0,0.0,0.4999999993951781,0.0567798841495523,7.925707609268031,0.8761991605488957,0.8641246941114519,13.68809979468013,0.0274287138649511,3,7,1,0.0063717746182201,0.5545023696682464,98.7258361413933
/Users/kevin.kunkel/Documents/Dev/Uni/ca-friend-foe-analysis/frames/heimkehr/frame_067007.png,29.197311084781465,44.76418648941176,1.533161262902326,0.9075895208004212,0.0507339389152185,0.0,0.0,0.0,0.0,0.4999999991437567,0.0074776197998946,-11.725325829383888,0.865044424826276,0.8961951336616796,4.53131209722496,0.0221631351771952,1,1,0,0.0,0.5,206.824301084748
/Users/kevin.kunkel/Documents/Dev/Uni/ca-friend-foe-analysis/frames/heimkehr/frame_068512.png,60.70149420747762,70.60164324645443,1.1630956379562676,0.7345148762506583,0.1532846234860453,0.0,0.0,0.0,0.0,0.4999999995881485,0.0307234070563454,2.6836163770405435,0.8785852202913814,0.6790892523412735,12.051021839189934,0.0141976511870797,1,13,0,0.0,0.5,224.79826217835353
/Users/kevin.kunkel/Documents/Dev/Uni/ca-friend-foe-analysis/frames/heimkehr/frame_069263.png,152.02040218536072,91.34152912280524,0.600850463159189,0.3277251184834123,0.5742397314375988,0.0,0.0,0.0,0.0,0.4999999998355483,0.0385663507109004,39.37384478672985,0.8574209078049335,0.6205699336079877,15.987205300052848,0.0110081248374207,3,7,0,0.0,0.5,379.4543543187984
/Users/kevin.kunkel/Documents/Dev/Uni/ca-friend-foe-analysis/frames/heimkehr/frame_069325.png,117.0658570300158,83.20905520093925,0.7107884163742596,0.4461558715113217,0.4326323064770932,0.0,0.0,0.0,0.0,0.499999999786445,0.069141653501843,-18.519490521327015,0.709095654059412,0.6435112907722331,27.065868786422435,0.0124048723795104,10,42,0,0.0,0.5,257.255807768156
/Users/kevin.kunkel/Documents/Dev/Uni/ca-friend-foe-analysis/frames/heimkehr/frame_069377.png,43.39575434439178,65.88276955117499,1.518184679462101,0.8412355186940494,0.0882701421800947,0.0,0.0,0.0,0.0,0.4999999994239068,0.0676079515534491,-11.345438388625588,0.8012310400726905,0.8009814763188056,21.319727405836023,0.0158763458531806,1,19,0,0.0,0.5,446.5622011269515
/Users/kevin.kunkel/Documents/Dev/Uni/ca-friend-foe-analysis/frames/heimkehr/frame_069421.png,46.97130726698262,67.24544456854319,1.431628122316472,0.8229791995787257,0.0906299368088467,0.0,0.0,0.0,0.0,0.4999999994677602,0.077751448130595,-6.345043443917852,0.7908548358785326,0.7918954764633604,23.161673040807973,0.0157105833284147,2,17,1,0.1479199578725645,0.2677725118483412,620.0519545190815
/Users/kevin.kunkel/Documents/Dev/Uni/ca-friend-foe-analysis/frames/heimkehr/frame_069449.png,88.26637374934175,80.90565725170944,0.9166079189998672,0.629946682464455,0.2192305160610848,0.0,0.0,0.0,0.0,0.4999999997167664,0.0702376250658241,-0.1813816482359129,0.6724090336503217,0.6707871790106248,28.938568079267515,0.0127577987182179,3,33,0,0.0,0.5,297.30235402628136
/Users/kevin.kunkel/Documents/Dev/Uni/ca-friend-foe-analysis/frames/heimkehr/frame_069518.png,126.47179436545552,91.36480835939268,0.7224125248285937,0.4460999210110584,0.4415613480779357,0.0,0.0,0.0,0.0,0.4999999998023274,0.0565429173249078,-48.73320826750923,0.7743209532364815,0.6765865935631756,20.116689251709182,0.0110992018202209,3,15,2,0.0588994207477619,0.2701421800947867,410.9741242460046
/Users/kevin.kunkel/Documents/Dev/Uni/ca-friend-foe-analysis/frames/heimkehr/frame_069892.png,77.854736045287,70.11429418617868,0.9005784061143866,0.6261716692996314,0.1364270668773038,0.0,0.0,0.0,0.0,0.4999999996788892,0.0365290942601369,10.102188651922065,0.708552308232403,0.7473158473499985,17.796555196176435,0.0144704913694541,1,18,1,0.0663638757240653,0.3341232227488152,188.79453268891007
/Users/kevin.kunkel/Documents/Dev/Uni/ca-friend-foe-analysis/frames/heimkehr/frame_069991.png,71.69429634017904,71.30511272849144,0.9945716224161244,0.7051507372301211,0.1411696945760926,0.0,0.0,0.0,0.0,0.4999999996512972,0.0340343601895734,15.214682069510276,0.673244509494161,0.7065520294479035,18.21148154791259,0.0140899790014723,5,20,1,0.057345971563981,0.3246445497630332,111.98905573482143
/Users/kevin.kunkel/Documents/Dev/Uni/ca-friend-foe-analysis/frames/heimkehr/frame_070108.png,78.35940297525013,71.01705881656767,0.9062991297721926,0.6257207740916272,0.146771327014218,0.0,0.0,0.0,0.0,0.4999999996809572,0.0354561611374407,8.030262638230639,0.699848191514626,0.7458711757478136,17.92296046613525,0.0142774037751718,1,18,1,0.045053317535545,0.3045023696682464,178.73673954782126
/Users/kevin.kunkel/Documents/Dev/Uni/ca-friend-foe-analysis/frames/heimkehr/frame_070193.png,73.63578857293312,70.97545735291575,0.9638717617076974,0.693335308056872,0.1333234597156398,0.0,0.0,0.0,0.0,0.4999999996604912,0.0352159031068983,11.81719984202212,0.6946282873338909,0.7045138308087848,18.364910194079073,0.0141575219760582,5,21,1,0.0556213796735123,0.3270142180094786,107.11354111889668
/Users/kevin.kunkel/Documents/Dev/Uni/ca-friend-foe-analysis/frames/heimkehr/frame_070282.png,76.22009610321221,71.2813665169494,0.935204362992464,0.6408800684570827,0.1396919431279621,0.0,0.0,0.0,0.0,0.4999999996720025,0.0371215113217482,9.075480516061091,0.6957101776993051,0.7472491713905152,18.22806765695544,0.0142488934772436,4,16,1,0.0481865455502896,0.3187203791469194,200.22347664230227
/Users/kevin.kunkel/Documents/Dev/Uni/ca-friend-foe-analysis/frames/heimkehr/frame_070436.png,78.05865916271722,64.16700676746986,0.8220357276635629,0.6319279884149552,0.1048742759347024,0.0,0.0,0.0,0.0,0.4999999996797281,0.0238776987888362,19.52094852553975,0.7650971873741598,0.8084500356224639,14.695498497735317,0.0156347441793576,2,13,1,0.0260696419167983,0.3661137440758293,57.41397751193585
/Users/kevin.kunkel/Documents/Dev/Uni/ca-friend-foe-analysis/frames/heimkehr/frame_070541.png,108.57153765139547,99.5354771592928,0.916773209818643,0.5720872827804108,0.3717449973670352,0.0,0.0,0.0,0.0,0.4999999997697371,0.046192074776198,6.594352290679296,0.7338033433489246,0.5482346229697777,28.08334457271812,0.010261499146322,4,18,0,0.0,0.5,206.4271903027594
/Users/kevin.kunkel/Documents/Dev/Uni/ca-friend-foe-analysis/frames/heimkehr/frame_070577.png,116.59980581885203,94.8989336465674,0.8138858628342195,0.4921866771985255,0.3688158241179568,0.0,0.0,0.0,0.0,0.4999999997855914,0.046791074249605,40.41550487098472,0.7771288552282419,0.5146621286745345,23.655090282511686,0.0106536427470272,13,11,0,0.0,0.5,126.71161178431224
/Users/kevin.kunkel/Documents/Dev/Uni/ca-friend-foe-analysis/frames/heimkehr/frame_070604.png,85.39904225908373,76.69600585504412,0.8980897646668531,0.6002106371774618,0.1866574512901527,0.0,0.0,0.0,0.0,0.4999999997072566,0.06875,-12.795566745655606,0.7791127167033216,0.5992676486076263,22.38281936743177,0.0133632899186674,8,33,0,0.0,0.5,175.46368549072903
/Users/kevin.kunkel/Documents/Dev/Uni/ca-friend-foe-analysis/frames/heimkehr/frame_070629.png,79.82687269615587,67.85815926459942,0.8500666115016244,0.5680423907319642,0.1068852027382833,0.0,0.0,0.0,0.0,0.4999999996868223,0.0792588204318062,34.03535742496051,0.7592134405104853,0.6897530433974538,23.46971443139253,0.0151473444515677,12,24,0,0.0,0.5,195.2266368667938
/Users/kevin.kunkel/Documents/Dev/Uni/ca-friend-foe-analysis/frames/heimkehr/frame_070732.png,62.789974986835176,66.36034486649234,1.0568620990009876,0.6892245918904687,0.0908076619273301,0.0,0.0,0.0,0.0,0.4999999996018472,0.0425552922590837,10.246610057925224,0.7004306187983356,0.7939036541420149,17.701807331579374,0.0152746021233058,3,27,1,0.0316087414428646,0.2582938388625592,130.13875736778795
/Users/kevin.kunkel/Documents/Dev/Uni/ca-friend-foe-analysis/frames/heimkehr/frame_070760.png,75.84804173249078,73.31337098448938,0.9665822506848736,0.6149914428646656,0.1301441548183254,0.0,0.0,0.0,0.0,0.4999999996703936,0.0547097156398104,45.5266686413902,0.6960256430112857,0.7023358269058018,19.436055583707933,0.0138163373797695,9,22,2,0.0724756450763559,0.8222748815165877,143.171733991181
/Users/kevin.kunkel/Documents/Dev/Uni/ca-friend-foe-analysis/frames/heimkehr/frame_070912.png,54.41787783043707,63.5452897314179,1.16772818323876,0.7317502632964719,0.0761387572406529,0.0,0.0,0.0,0.0,0.4999999995405921,0.0326948393891521,4.396274354923648,0.7675828867618664,0.7386081425724582,15.931888677436229,0.0159599382932522,4,17,0,0.0,0.5,172.30066375517788
/Users/kevin.kunkel/Documents/Dev/Uni/ca-friend-foe-analysis/frames/heimkehr/frame_070952.png,61.10763559768299,69.59907863323309,1.1389587870419289,0.7422985781990521,0.1061907582938388,0.0,0.0,0.0,0.0,0.4999999995908858,0.033731569246972,-0.6905476566614013,0.7430886224948114,0.7505905584982808,15.704287640936768,0.0144905535531936,7,11,0,0.0,0.5,308.21377443460557
/Users/kevin.kunkel/Documents/Dev/Uni/ca-friend-foe-analysis/frames/heimkehr/frame_070988.png,77.71208201685097,84.08092538177692,1.0819543511310057,0.6490060558188521,0.2022610584518167,0.0,0.0,0.0,0.0,0.4999999996782997,0.054097551342812,-11.41434636650868,0.6835286115499386,0.705210559737323,25.23612501229265,0.0121709599092248,1,19,0,0.0,0.5,299.7347006686673
/Users/kevin.kunkel/Documents/Dev/Uni/ca-friend-foe-analysis/frames/heimkehr/frame_071019.png,82.01611703528172,78.2981523732842,0.9546678763655084,0.6418773038441284,0.1671471827277514,0.0,0.0,0.0,0.0,0.4999999996951819,0.046481700895208,-12.283547261716691,0.7325972648142985,0.6799757096098049,20.437870058496745,0.0129522691223158,6,13,1,0.0147742232754081,0.79739336492891,369.7955840889368
/Users/kevin.kunkel/Documents/Dev/Uni/ca-friend-foe-analysis/frames/heimkehr/frame_071071.png,93.2066943127962,80.78053142589819,0.8666816470084788,0.5308221432332807,0.2585768825697735,0.0,0.0,0.0,0.0,0.4999999997317789,0.0713072669826224,12.830548973143763,0.7484003448667513,0.5888182118555689,19.095140575121185,0.0125318871744454,2,15,0,0.0,0.5,268.7914886805857
/Users/kevin.kunkel/Documents/Dev/Uni/ca-friend-foe-analysis/frames/heimkehr/frame_071109.png,73.13592022116903,71.0704406402724,0.971758341566958,0.5964290416008425,0.1166041337546077,0.0,0.0,0.0,0.0,0.4999999996581707,0.0890271195365982,2.5791535018430807,0.8482302346952473,0.5911222624910943,20.583717326020658,0.0145109886513208,7,29,0,0.0,0.5,438.760564804429
/Users/kevin.kunkel/Documents/Dev/Uni/ca-friend-foe-analysis/frames/heimkehr/frame_071165.png,66.5010729331227,70.4945657913842,1.0600515536985762,0.6916765402843602,0.1297195892575039,0.0,0.0,0.0,0.0,0.4999999996240662,0.041452738283307,2.773005529225898,0.729353736228562,0.696904149758903,17.38501245082023,0.0143980841607504,1,18,0,0.0,0.5,222.94199810336613
/Users/kevin.kunkel/Documents/Dev/Uni/ca-friend-foe-analysis/frames/heimkehr/frame_071199.png,54.80758952080042,71.45034399118877,1.3036578416517726,0.7997268299104792,0.1245425223802001,0.0,0.0,0.0,0.0,0.4999999995438588,0.0618845444971037,7.591396787783047,0.7601700585447448,0.748601276213487,23.148143154139746,0.0146140365327353,2,20,0,0.0,0.5,479.3431303976634
/Users/kevin.kunkel/Documents/Dev/Uni/ca-friend-foe-analysis/frames/heimkehr/frame_071229.png,100.68251382306477,85.92840443169999,0.8534590673546457,0.5582642180094787,0.2882273565034228,0.0,0.0,0.0,0.0,0.4999999997516947,0.0508326750921537,-5.140610189573451,0.7281549370669805,0.5917209522039464,20.659671576603753,0.0117724051276517,6,11,1,0.2276494207477619,0.4443127962085308,362.2065015676624
/Users/kevin.kunkel/Documents/Dev/Uni/ca-friend-foe-analysis/frames/heimkehr/frame_071759.png,105.94836756187468,83.52292197492119,0.7883360906651964,0.5084386519220643,0.2978508425487098,0.0,0.0,0.0,0.0,0.499999999764036,0.1344293048973144,6.0651000526592895,0.6792593625127776,0.602806224122087,35.04289704031115,0.0125030927633944,12,24,0,0.0,0.5,238.8804228420121
/Users/kevin.kunkel/Documents/Dev/Uni/ca-friend-foe-analysis/frames/heimkehr/frame_074337.png,86.37321616640337,81.19327744245147,0.9400284133454604,0.6138131911532385,0.1954548446550816,0.0,0.0,0.0,0.0,0.4999999997105584,0.0513526856240126,12.346083464981575,0.6874907329967268,0.684151565839606,21.154587430232972,0.0124226210498683,2,19,4,0.1654917061611374,0.3092417061611374,73.92358726886968
/Users/kevin.kunkel/Documents/Dev/Uni/ca-friend-foe-analysis/frames/heimkehr/frame_074509.png,33.57353212216956,50.86031310626328,1.514893123836364,0.9109959189046868,0.0495063191153238,0.0,0.0,0.0,0.0,0.4999999992553658,0.0132141916798314,14.723782253817802,0.8620732790219827,0.857237193982385,8.633956415014618,0.0196702846675663,1,9,2,0.117341363875724,0.3270142180094786,80.44146614375015
/Users/kevin.kunkel/Documents/Dev/Uni/ca-friend-foe-analysis/frames/heimkehr/frame_074595.png,46.79590244865719,56.218062558706364,1.201345833649693,0.8218667719852554,0.0533142443391258,0.0,0.0,0.0,0.0,0.4999999994657652,0.0286532385466034,23.56873683517641,0.8114686006050656,0.799376013175149,12.431122643043198,0.0178979161776952,1,13,1,0.0161269088994207,0.2677725118483412,91.12863381025906
/Users/kevin.kunkel/Documents/Dev/Uni/ca-friend-foe-analysis/frames/heimkehr/frame_074641.png,46.788954713006845,60.90616895659678,1.301721083533704,0.8199907846234861,0.0791469194312796,0.0,0.0,0.0,0.0,0.4999999994656859,0.0369898630858346,33.02639547130069,0.8150694896178587,0.7897707255624735,16.07160605247546,0.016706113732828,1,25,1,0.0099558978409689,0.4372037914691943,153.6877005861793
/Users/kevin.kunkel/Documents/Dev/Uni/ca-friend-foe-analysis/frames/heimkehr/frame_074702.png,34.60941943127962,51.60862561396049,1.4911728169065988,0.886611374407583,0.0490356766719325,0.0,0.0,0.0,0.0,0.4999999992776533,0.0485057925223802,27.579574776198,0.8764716723972369,0.8693056200890046,18.121018864206423,0.0204434686058641,1,27,1,0.0060854397051079,0.4585308056872038,354.16926862988294
/Users/kevin.kunkel/Documents/Dev/Uni/ca-friend-foe-analysis/frames/heimkehr/frame_074927.png,45.533362954186416,63.194925511879454,1.3878817920098525,0.8228804634017904,0.0791271721958925,0.0,0.0,0.0,0.0,0.4999999994509521,0.0313125329120589,16.48517311743022,0.8292314066226807,0.7804651312868486,14.428916810633387,0.0160496321733567,2,14,1,0.0254870984728804,0.2156398104265403,187.4538888578688
/Users/kevin.kunkel/Documents/Dev/Uni/ca-friend-foe-analysis/frames/heimkehr/frame_075140.png,35.66420813586098,54.15474984855362,1.5184621368966795,0.9034195629278567,0.0582345971563981,0.0,0.0,0.0,0.0,0.4999999992990171,0.0383096366508688,-0.4131944444444499,0.8726410443060848,0.8302012152939111,14.755557583679884,0.0191765415403241,1,10,0,0.0,0.5,387.7407486254195
/Users/kevin.kunkel/Documents/Dev/Uni/ca-friend-foe-analysis/frames/heimkehr/frame_075493.png,84.70511453396524,73.42015193404654,0.8667735384258175,0.607513823064771,0.1420649025803054,0.0,0.0,0.0,0.0,0.4999999997048585,0.0350809636650868,-5.14233149025803,0.7607898894154819,0.6531820153021715,16.396922839884596,0.0137423756841506,8,16,0,0.0,0.5,255.5965488049656
/Users/kevin.kunkel/Documents/Dev/Uni/ca-friend-foe-analysis/frames/heimkehr/frame_076029.png,105.04166337546076,74.32611106391283,0.7075869574483317,0.4909393101632438,0.1855713533438651,0.0,0.0,0.0,0.0,0.4999999997619992,0.0689573459715639,-15.359686018957348,0.7703182531569763,0.6642007403277267,22.77562554077561,0.0138328440360516,12,23,0,0.0,0.5,356.5966467854618
/Users/kevin.kunkel/Documents/Dev/Uni/ca-friend-foe-analysis/frames/heimkehr/frame_076393.png,72.30997564507635,72.27395410762195,0.9995018441496732,0.7132141916798315,0.1536334913112164,0.0,0.0,0.0,0.0,0.4999999996542663,0.0581358609794628,-31.743466956292774,0.7908043190946732,0.7152407613914444,20.428859024181897,0.0140772771758783,1,23,0,0.0,0.5,120.0634995575733
/Users/kevin.kunkel/Documents/Dev/Uni/ca-friend-foe-analysis/frames/heimkehr/frame_076583.png,122.9939145602949,103.85522753538764,0.8443932191461043,0.5353310953133228,0.3873486045286993,0.0,0.0,0.0,0.0,0.4999999997967379,0.0407747498683517,32.164366113744066,0.6927433685427831,0.5292621245443938,17.93753647614348,0.0097078795592962,6,10,0,0.0,0.5,392.5397207109307
/Users/kevin.kunkel/Documents/Dev/Uni/ca-friend-foe-analysis/frames/heimkehr/frame_077175.png,12.676135466034754,2.032820292299676,0.1603659318496517,1.0,0.0,0.0,0.0,0.0,0.0,0.49999999802779,0.0,1.1584090310689843,0.993011672810251,0.9942074001796612,0.9452269685128908,0.3509382186120526,1,0,0,0.0,0.5,1.4369697849071454
/Users/kevin.kunkel/Documents/Dev/Uni/ca-friend-foe-analysis/frames/heimkehr/frame_077725.png,32.30004607688257,47.6636609874181,1.475653029299116,0.90711887835703,0.0383754607688257,0.0,0.0,0.0,0.0,0.4999999992260073,0.014547130068457,36.01411927330174,0.929557300540016,0.9333929622401884,7.087904262218552,0.0209887538301453,1,6,0,0.0,0.5,141.80277091801102
/Users/kevin.kunkel/Documents/Dev/Uni/ca-friend-foe-analysis/frames/heimkehr/frame_078087.png,14.757349262769878,14.409198118549703,0.976408280670071,0.9891916798314904,0.0012967351237493,0.0,0.0,0.0,0.0,0.4999999983059288,0.0052297261716693,2.323114139020539,0.978314876766926,0.97710877241892,2.352429634663039,0.0681765514187959,1,1,0,0.0,0.5,11.384781575363446
/Users/kevin.kunkel/Documents/Dev/Uni/ca-friend-foe-analysis/frames/heimkehr/frame_078533.png,84.15500592417061,91.68276647869922,1.0894511308378556,0.6423018694049499,0.2555621379673512,0.0,0.0,0.0,0.0,0.4999999997029291,0.0562960768825697,107.42524684044236,0.8354380788650373,0.8111783549649454,16.30212569356231,0.0109510307356316,1,8,2,0.0595050026329647,0.4786729857819905,199.362235304459
/Users/kevin.kunkel/Documents/Dev/Uni/ca-friend-foe-analysis/frames/heimkehr/frame_078599.png,32.82739270668773,52.3300070325544,1.594095740125104,0.903929699842022,0.0537190626645602,0.0,0.0,0.0,0.0,0.4999999992384409,0.0328593996840442,-5.046784491837812,0.8579820906772399,0.9010520759119868,10.254366963650115,0.0193670781926003,1,7,0,0.0,0.5,152.4487278587183
/Users/kevin.kunkel/Documents/Dev/Uni/ca-friend-foe-analysis/frames/heimkehr/frame_078748.png,12.79827540810953,2.81590559204269,0.220022267082656,0.9998848077935756,0.0,0.0,0.0,0.0,0.0,0.4999999980466117,0.0002336756187467,1.7014086361242775,0.99332533118566,0.9935226486592532,1.024087791554539,0.282298789194349,1,0,0,0.0,0.5,2.5835147313856077
/Users/kevin.kunkel/Documents/Dev/Uni/ca-friend-foe-analysis/frames/heimkehr/frame_079457.png,55.244641916798315,65.593694651478,1.187331336702894,0.7571122959452343,0.097370326487625,0.0,0.0,0.0,0.0,0.4999999995474674,0.0520767509215376,29.070155344918376,0.8169064729630662,0.7422298113558219,15.12699619980894,0.0154908755185464,1,14,1,0.0750427856766719,0.7476303317535545,232.28170811346976
/Users/kevin.kunkel/Documents/Dev/Uni/ca-friend-foe-analysis/frames/heimkehr/frame_082501.png,13.002096498156924,3.8665560399354626,0.2973794272904844,0.9994470774091628,0.0,0.0,0.0,0.0,0.0,0.4999999980772331,0.0006549499736703,1.3542357819905213,0.9907845460459064,0.990828738551766,1.65511836111899,0.2286116725615707,1,0,0,0.0,0.5,9.866805475973624
/Users/kevin.kunkel/Documents/Dev/Uni/ca-friend-foe-analysis/frames/heimkehr/frame_082544.png,51.18187532912059,77.02669398539636,1.5049603661371704,0.8283767772511849,0.1276560031595576,0.0,0.0,0.0,0.0,0.4999999995115459,0.0165481832543443,48.70334057398631,0.8079434222346127,0.7835660409503454,9.927784625876566,0.0129419340031764,1,3,0,0.0,0.5,64.90956824036665
/Users/kevin.kunkel/Documents/Dev/Uni/ca-friend-foe-analysis/frames/heimkehr/frame_082684.png,15.06899354923644,14.07634419621035,0.9341263606494128,0.9910676671932596,0.0028666403370194,0.0,0.0,0.0,0.0,0.4999999983409641,0.0056707477619799,3.895935360716168,0.9794831387004512,0.9795885605427004,2.494737778216845,0.0709503215507663,1,2,0,0.0,0.5,40.4242069472422
/Users/kevin.kunkel/Documents/Dev/Uni/ca-friend-foe-analysis/frames/heimkehr/frame_083372.png,29.352182069510267,48.73719026195866,1.660428174658328,0.9301046603475512,0.044971037388099,0.0,0.0,0.0,0.0,0.4999999991482745,0.0206918114797261,-8.395889283833593,0.9065437691664344,0.8729845171349214,8.413836480742075,0.0207406168077675,1,2,1,0.0126513954713006,0.1255924170616113,201.7116722456295
/Users/kevin.kunkel/Documents/Dev/Uni/ca-friend-foe-analysis/frames/heimkehr/frame_084598.png,20.099397709320694,21.83763201066312,1.0864819044745884,0.9674730121116376,0.0004410215903106,0.0,0.0,0.0,0.0,0.4999999987561816,0.0165317272248551,11.846626513954714,0.9494537114477176,0.9495158700657724,5.368560132424027,0.0460810584973173,1,0,0,0.0,0.5,35.71598206036176
/Users/kevin.kunkel/Documents/Dev/Uni/ca-friend-foe-analysis/frames/heimkehr/frame_087124.png,14.415248156924696,6.798539601742363,0.4716214025989131,0.9992792259083728,0.0002534228541337,0.0,0.0,0.0,0.0,0.4999999982657253,0.000536466561348,5.316689705107951,0.9881697539468658,0.9903152071781846,1.2955961327310146,0.1354735147097536,1,0,1,0.0130627962085308,0.4893364928909952,8.458120879699077
/Users/kevin.kunkel/Documents/Dev/Uni/ca-friend-foe-analysis/frames/heimkehr/frame_088648.png,15.75225447604002,12.503231014186497,0.7937423150337187,0.9903929699842022,0.0004278567667193,0.0,0.0,0.0,0.0,0.4999999984129256,0.0056444181147972,2.3944938125329127,0.9768083563072412,0.9761301871986288,2.832350449388614,0.0785961470409534,1,0,0,0.0,0.5,19.397895385772983
/Users/kevin.kunkel/Documents/Dev/Uni/ca-friend-foe-analysis/frames/heimkehr/frame_089825.png,27.579689968404423,25.626578379496525,0.929182971814995,0.9590409426013692,0.006352027382833,0.0,0.0,0.0,0.0,0.4999999990935359,0.012230121116377,11.685673380726698,0.9370325196956086,0.9388181860421894,5.477527193724894,0.0388414055517869,1,3,0,0.0,0.5,45.760862721504694
/Users/kevin.kunkel/Documents/Dev/Uni/ca-friend-foe-analysis/frames/heimkehr/frame_090097.png,21.76987230121116,18.025670015995445,0.8280099067090807,0.9867496050552924,0.0042094523433385,0.0,0.0,0.0,0.0,0.4999999988516239,0.0064211427066877,4.745754344391788,0.9695724271804562,0.9704680481987424,4.246186828912598,0.0580054832453951,1,3,0,0.0,0.5,145.4144273916374
/Users/kevin.kunkel/Documents/Dev/Uni/ca-friend-foe-analysis/frames/heimkehr/frame_090268.png,33.043973802001055,40.20518584730944,1.2167176371264086,0.9191679831490258,0.0270142180094786,0.0,0.0,0.0,0.0,0.4999999992434324,0.030048709847288,10.515912980516056,0.8953606903530238,0.8988525694638045,10.676900342689972,0.025410551428687,1,13,1,0.044286466561348,0.3222748815165877,92.4630999647197
/Users/kevin.kunkel/Documents/Dev/Uni/ca-friend-foe-analysis/frames/heimkehr/frame_090609.png,20.18355384412849,11.142447684333158,0.5520557833955976,0.9945728014744604,0.0007635597682991,0.0,0.0,0.0,0.0,0.4999999987613677,0.0035314639283833,4.489576750921536,0.9793712635133042,0.9809681824283164,2.3626717575771123,0.0885314092392459,1,0,1,0.0514250921537651,0.3353080568720379,34.6352505345817
/Users/kevin.kunkel/Documents/Dev/Uni/ca-friend-foe-analysis/frames/heimkehr/frame_090776.png,33.21273696682464,40.462447366412896,1.2182810252886325,0.9157352553975776,0.0269220642443391,0.0,0.0,0.0,0.0,0.4999999992472768,0.0257372301211163,13.634682727751446,0.897588720585654,0.8950757364557197,10.009195106052552,0.0250947142987124,1,12,0,0.0,0.5,86.62321502963643
/Users/kevin.kunkel/Documents/Dev/Uni/ca-friend-foe-analysis/frames/heimkehr/frame_091093.png,22.1134149552396,16.576657991922136,0.7496199908749249,0.9822472353870458,0.0021162453923117,0.0,0.0,0.0,0.0,0.4999999988694645,0.0050914955239599,5.030450236966825,0.9734018936695268,0.9697261716692996,3.02815030755499,0.0588735290830702,1,2,1,0.0906924697209057,0.3530805687203791,16.75590080556842
/Users/kevin.kunkel/Documents/Dev/Uni/ca-friend-foe-analysis/frames/heimkehr/frame_091400.png,32.01867430226435,37.51734529703837,1.171733246220373,0.9238447867298578,0.0198690100052659,0.0,0.0,0.0,0.0,0.4999999992192057,0.0225513428120063,15.631049236440234,0.9208515317659448,0.9099527098885896,9.30164682914278,0.027036290688364,1,10,0,0.0,0.5,83.00950642356379
/Users/kevin.kunkel/Documents/Dev/Uni/ca-friend-foe-analysis/frames/heimkehr/frame_091624.png,21.5556444181148,17.701525196228687,0.8212013879405363,0.9845477883096366,0.0030805687203791,0.0,0.0,0.0,0.0,0.4999999988402109,0.0057629015271195,6.636983280674038,0.9683871026030212,0.9675475482452064,3.4555452221541354,0.0562545885807791,1,2,1,0.0760400210637177,0.4146919431279621,25.898584138301736
/Users/kevin.kunkel/Documents/Dev/Uni/ca-friend-foe-analysis/frames/heimkehr/frame_092609.png,25.29437532912059,35.179626101466916,1.3908082530065462,0.959396392838336,0.0230252764612954,0.0,0.0,0.0,0.0,0.4999999990116379,0.0146985255397577,4.950490389678777,0.9317295222459704,0.9296462276327064,5.882018448584275,0.028361306915919,1,4,0,0.0,0.5,58.82912031476642
/Users/kevin.kunkel/Documents/Dev/Uni/ca-friend-foe-analysis/frames/heimkehr/frame_092885.png,24.75297195892575,25.557175252227985,1.0324891569136745,0.9486012374934176,0.0021129541864139,0.0,0.0,0.0,0.0,0.4999999989900202,0.0089060031595576,9.772659952606634,0.9500589835723652,0.9358653935507852,5.181466309971515,0.0386008564302531,1,2,0,0.0,0.5,20.317132328850978
/Users/kevin.kunkel/Documents/Dev/Uni/ca-friend-foe-analysis/frames/heimkehr/frame_092966.png,24.398097682991047,35.70296856736589,1.4633504990809552,0.9575105318588732,0.0210933385992627,0.0,0.0,0.0,0.0,0.4999999989753299,0.0113908636124275,10.712144549763035,0.9368206176625468,0.9342424805625252,5.384708439202173,0.0280110436872934,1,7,0,0.0,0.5,93.33386529684483
/Users/kevin.kunkel/Documents/Dev/Uni/ca-friend-foe-analysis/frames/heimkehr/frame_093089.png,25.827856766719325,27.25025147235339,1.0550721112082244,0.9422327540810952,0.0027843601895734,0.0,0.0,0.0,0.0,0.4999999990320528,0.010449578725645,8.958135860979464,0.9417886606986132,0.9311415708990284,5.386042377246196,0.0362599732273378,1,1,0,0.0,0.5,22.710420187494247
/Users/kevin.kunkel/Documents/Dev/Uni/ca-friend-foe-analysis/frames/heimkehr/frame_093173.png,21.6506088730911,22.708619176379617,1.048867457012571,0.9722386782517114,0.0053811216429699,0.0,0.0,0.0,0.0,0.499999998845298,0.0159656398104265,1.68290876777251,0.9510165567016696,0.9501208840566242,5.959737743150984,0.045679667945515,1,3,0,0.0,0.5,81.24100214034863
/Users/kevin.kunkel/Documents/Dev/Uni/ca-friend-foe-analysis/frames/heimkehr/frame_093709.png,25.81940494997367,25.59070708404512,0.9911423998544544,0.948222748815166,0.0010268562401263,0.0,0.0,0.0,0.0,0.499999999031736,0.0107062927856766,9.229989468141124,0.9418125638881144,0.9360383173806648,4.81072019675493,0.0386019496215431,1,0,0,0.0,0.5,45.28245607264103
/Users/kevin.kunkel/Documents/Dev/Uni/ca-friend-foe-analysis/frames/heimkehr/frame_094009.png,33.75641785150079,42.007048250296094,1.244416641322824,0.9112756714060032,0.0307036598209584,0.0,0.0,0.0,0.0,0.4999999992594001,0.031352027382833,19.69870326487625,0.9019440056169914,0.8857983562039876,10.975577857961952,0.0242851954642739,1,11,0,0.0,0.5,99.82947729567948
/Users/kevin.kunkel/Documents/Dev/Uni/ca-friend-foe-analysis/frames/heimkehr/frame_094456.png,46.497633622959455,58.197721239181135,1.2516275900389409,0.8354298314902581,0.0701323064770932,0.0,0.0,0.0,0.0,0.4999999994623382,0.043355055292259,32.13106569246972,0.8112076789641607,0.8290087920370887,16.24900979530738,0.0175170731568921,1,17,1,0.044286466561348,0.6682464454976303,113.31829213244912
/Users/kevin.kunkel/Documents/Dev/Uni/ca-friend-foe-analysis/frames/heimkehr/frame_095329.png,32.781483675618745,32.54516992221418,0.9927912398650997,0.9375131648235914,0.0120063191153238,0.0,0.0,0.0,0.0,0.4999999992373744,0.0205601632438125,8.234880200105323,0.8991102644322605,0.9093242573490692,9.470775772465151,0.0309991282124165,1,5,1,0.1479199578725645,0.4691943127962085,44.1897066870663
/Users/kevin.kunkel/Documents/Dev/Uni/ca-friend-foe-analysis/frames/heimkehr/frame_095399.png,22.63299104791996,24.592631659040578,1.086583364006693,0.9666699578725644,0.00740850447604,0.0,0.0,0.0,0.0,0.4999999988954177,0.0093338599262769,1.070787256450764,0.9532691612716704,0.9506265939761898,5.258743945247249,0.0405463647557874,1,3,0,0.0,0.5,28.299072634847004
/Users/kevin.kunkel/Documents/Dev/Uni/ca-friend-foe-analysis/frames/heimkehr/frame_095509.png,26.175036203264877,35.44363623498114,1.3541007479160656,0.9550157977883096,0.0210538441284886,0.0,0.0,0.0,0.0,0.4999999990448914,0.0119273301737756,12.903083859926271,0.93516595421739,0.930976081322471,5.5576226526272,0.0282186904324545,1,6,0,0.0,0.5,104.860712982589
/Users/kevin.kunkel/Documents/Dev/Uni/ca-friend-foe-analysis/frames/heimkehr/frame_096025.png,31.47448328067404,37.59617403096978,1.1944969382421882,0.91406990521327,0.0158274091627172,0.0,0.0,0.0,0.0,0.4999999992057057,0.0224065297525013,7.65910018430753,0.915503283461884,0.9024255025865008,9.799104534069848,0.0269752009810117,1,10,1,0.1396656134807793,0.4360189573459715,108.11182451977294
/Users/kevin.kunkel/Documents/Dev/Uni/ca-friend-foe-analysis/frames/heimkehr/frame_096176.png,44.9611275671406,60.364038958965395,1.342582850809631,0.851553449183781,0.0790679304897314,0.0,0.0,0.0,0.0,0.4999999994439641,0.0198492627698788,44.32801145339652,0.8124678365290298,0.8810844975167529,7.892802886349694,0.0164712953470469,6,4,0,0.0,0.5,74.72125347119919
/Users/kevin.kunkel/Documents/Dev/Uni/ca-friend-foe-analysis/frames/heimkehr/frame_096368.png,47.66984926276988,68.4692891096094,1.4363227495970203,0.8498815165876777,0.1008984992101105,0.0,0.0,0.0,0.0,0.4999999994755595,0.0331983938915218,-2.368756582411798,0.78765901041828,0.8340092566779214,16.973930642293933,0.0148044448500256,1,16,0,0.0,0.5,70.56960847503663
/Users/kevin.kunkel/Documents/Dev/Uni/ca-friend-foe-analysis/frames/heimkehr/frame_096430.png,44.729505660874146,60.28268812654654,1.347716392146615,0.874565560821485,0.0720412058978409,0.0,0.0,0.0,0.0,0.4999999994410848,0.0323854660347551,1.7525243549236436,0.8260421635742238,0.8553483515575793,16.41280318187135,0.0169700325436089,2,18,0,0.0,0.5,118.69008789415304
/Users/kevin.kunkel/Documents/Dev/Uni/ca-friend-foe-analysis/frames/heimkehr/frame_096549.png,25.605055292259085,31.699321040575743,1.2380102505132278,0.9418411005792522,0.0122367035281727,0.0,0.0,0.0,0.0,0.4999999990236303,0.0127994997367035,20.814994734070563,0.9385208933494408,0.9341265268614029,4.85972977284086,0.031127413941779,1,2,0,0.0,0.5,56.35539748073183
/Users/kevin.kunkel/Documents/Dev/Uni/ca-friend-foe-analysis/frames/heimkehr/frame_096730.png,70.99566548183255,81.31786474498242,1.1453919627142883,0.7083991574512901,0.1707576355976829,0.0,0.0,0.0,0.0,0.4999999996478658,0.0290876777251184,56.40133293838862,0.7667008177678654,0.7747467965595928,14.847248985498958,0.0122877043119981,1,11,3,0.1326125592417061,0.4277251184834123,132.41819838895017
/Users/kevin.kunkel/Documents/Dev/Uni/ca-friend-foe-analysis/frames/heimkehr/frame_098685.png,62.20355450236967,68.39579487790971,1.099548013214411,0.7179996050552923,0.1130265929436545,0.0,0.0,0.0,0.0,0.4999999995980937,0.0385696419167983,17.688322801474456,0.800939297256554,0.7978564053320116,16.949138515763032,0.014761742288937,4,26,1,0.150724065297525,0.4004739336492891,217.7467199748052
/Users/kevin.kunkel/Documents/Dev/Uni/ca-friend-foe-analysis/frames/heimkehr/frame_098747.png,29.402399289099527,42.471114136267985,1.444477832377635,0.9183682201158504,0.0353310953133228,0.0,0.0,0.0,0.0,0.4999999991497292,0.020425223802001,24.48735847814639,0.8995191225516009,0.9089834432983304,7.9786126685226835,0.0234790874420357,1,5,2,0.222370326487625,0.533175355450237,31.579313741971184
/Users/kevin.kunkel/Documents/Dev/Uni/ca-friend-foe-analysis/frames/heimkehr/frame_098864.png,60.08236242759347,67.99513629204795,1.1316987786693715,0.7301968141126909,0.115188915218536,0.0,0.0,0.0,0.0,0.4999999995839045,0.0367496050552922,31.56541271721958,0.8276167797292693,0.7835853493582794,16.99695038790301,0.0148592050984882,4,22,1,0.1451421800947867,0.5402843601895735,215.56240467063935
/Users/kevin.kunkel/Documents/Dev/Uni/ca-friend-foe-analysis/frames/heimkehr/frame_098919.png,28.75794167983149,40.53755598239844,1.4096125617316682,0.9236242759347024,0.0318127962085308,0.0,0.0,0.0,0.0,0.4999999991306749,0.0195234333859926,20.534212085308056,0.902135979721009,0.9138351712459604,7.748626721354751,0.0246022167950862,1,5,1,0.1200664823591363,0.5248815165876777,37.743681692142175
/Users/kevin.kunkel/Documents/Dev/Uni/ca-friend-foe-analysis/frames/heimkehr/frame_099023.png,61.29262111637704,70.44357172831852,1.1492993827044289,0.7377534228541337,0.1330667456556082,0.0,0.0,0.0,0.0,0.4999999995921206,0.0418740126382306,10.646662717219591,0.832377773647637,0.7872874268190688,18.26361962320947,0.0143858417091774,4,22,1,0.1356273038441285,0.6196682464454977,261.0806009201616
/Users/kevin.kunkel/Documents/Dev/Uni/ca-friend-foe-analysis/frames/heimkehr/frame_099113.png,29.335413375460767,41.168954138534005,1.4033875531692117,0.921731832543444,0.0330042127435492,0.0,0.0,0.0,0.0,0.4999999991477877,0.0190330437072143,24.160821484992105,0.9050288077316234,0.9109004739336491,7.524486972265026,0.0241838880424581,1,7,1,0.1078231964191679,0.5225118483412322,22.1803857942196
/Users/kevin.kunkel/Documents/Dev/Uni/ca-friend-foe-analysis/frames/heimkehr/frame_099215.png,28.62923578199052,38.2283928867608,1.3352921134304083,0.928804634017904,0.0224361506055818,0.0,0.0,0.0,0.0,0.4999999991267667,0.0243647972617166,3.695869536598213,0.9047322894402626,0.900309063593842,10.558703526589191,0.0268722732293209,1,12,0,0.0,0.5,93.46395315751244
/Users/kevin.kunkel/Documents/Dev/Uni/ca-friend-foe-analysis/frames/heimkehr/frame_099399.png,31.57970971563981,43.24984984124387,1.3695455117774529,0.9119108741442864,0.0376217746182201,0.0,0.0,0.0,0.0,0.4999999992083524,0.0192963401790416,28.30283372827804,0.8983779130398868,0.9074478569732264,7.864042093251134,0.0230184219693114,1,6,1,0.1238678251711427,0.504739336492891,22.589488386736697
/Users/kevin.kunkel/Documents/Dev/Uni/ca-friend-foe-analysis/frames/heimkehr/frame_099569.png,55.12441416535018,65.58055272553243,1.1896825317698607,0.7817305160610848,0.1072900210637177,0.0,0.0,0.0,0.0,0.4999999995464804,0.0321781200631911,24.212105055292263,0.8142076841268366,0.802945926132433,15.537961736497664,0.0153488385338586,2,16,1,0.1451421800947867,0.504739336492891,204.96927107785967
/Users/kevin.kunkel/Documents/Dev/Uni/ca-friend-foe-analysis/frames/heimkehr/frame_099718.png,46.80088533438652,66.08511700411738,1.412048434356371,0.833942206424434,0.0967120853080568,0.0,0.0,0.0,0.0,0.4999999994658221,0.0462710637177461,20.223469589257505,0.7946461760059473,0.8184748680936302,21.926237129378343,0.0155763749126561,3,18,1,0.0466067667193259,0.3045023696682464,47.562318112845034
/Users/kevin.kunkel/Documents/Dev/Uni/ca-friend-foe-analysis/frames/heimkehr/frame_100108.png,35.63100974196946,49.57830536676756,1.3914369979031496,0.901323064770932,0.0508622959452343,0.0,0.0,0.0,0.0,0.499999999298364,0.0254838072669826,38.540093470247506,0.9086878026618757,0.9233923427190782,10.986050766886056,0.0204106904849135,1,12,1,0.1927461822011585,0.457345971563981,98.0764080549949
/Users/kevin.kunkel/Documents/Dev/Uni/ca-friend-foe-analysis/frames/heimkehr/frame_100223.png,45.44582345971564,57.39690600532034,1.2629742737503924,0.8410939968404424,0.072495392311743,0.0,0.0,0.0,0.0,0.4999999994498945,0.0285874144286466,20.12222551342812,0.804838847071214,0.8211219269171597,12.594642848513852,0.0174879634161158,1,12,1,0.0985025013164823,0.3850710900473933,37.165165786760426
/Users/kevin.kunkel/Documents/Dev/Uni/ca-friend-foe-analysis/frames/heimkehr/frame_100477.png,31.0530542390732,39.52648361137187,1.2728694311282864,0.9286565297525012,0.025019747235387,0.0,0.0,0.0,0.0,0.4999999991949262,0.0268101632438125,25.128659820958397,0.9039108818883004,0.9119091059277844,11.878791341859294,0.0260325556539839,1,11,1,0.1264349657714586,0.4004739336492891,97.44140290069062
/Users/kevin.kunkel/Documents/Dev/Uni/ca-friend-foe-analysis/frames/heimkehr/frame_100598.png,77.66741706161137,76.42516357456483,0.9840054731772316,0.6463039757767246,0.1588434702474986,0.0,0.0,0.0,0.0,0.4999999996781147,0.0501316482359136,19.89395734597156,0.7500905017088457,0.7348073289347334,22.302429780387975,0.013291605740306,7,21,2,0.2293970510795155,0.4360189573459715,208.29992918962708
/Users/kevin.kunkel/Documents/Dev/Uni/ca-friend-foe-analysis/frames/heimkehr/frame_100744.png,33.94596827277515,44.713571857966926,1.3171983007510093,0.8973966561348078,0.0338303054239073,0.0,0.0,0.0,0.0,0.4999999992635355,0.0321452080042127,18.87013230647709,0.8839189098493532,0.8877352115148324,11.855673151368032,0.0228051962820003,1,14,0,0.0,0.5,120.67206768125747
/Users/kevin.kunkel/Documents/Dev/Uni/ca-friend-foe-analysis/frames/heimkehr/frame_101053.png,51.26134149552396,58.12547722762993,1.1339047207595,0.8231832543443918,0.0695793838862559,0.0,0.0,0.0,0.0,0.499999999512303,0.0476500789889415,33.68145734597157,0.8196513644952452,0.8154589102623672,16.374753767925178,0.0176384506864984,1,18,1,0.0122465771458662,0.2808056872037914,261.5525692315861
/Users/kevin.kunkel/Documents/Dev/Uni/ca-friend-foe-analysis/frames/heimkehr/frame_103309.png,78.25688849394417,85.09086681347416,1.0873274971995095,0.765333728278041,0.1899947340705634,0.0,0.0,0.0,0.0,0.4999999996805393,0.0524848604528699,-33.72709649815692,0.7657223358010924,0.69253407366106,22.23214208402118,0.0120425940673962,2,9,0,0.0,0.5,370.0953114372543
/Users/kevin.kunkel/Documents/Dev/Uni/ca-friend-foe-analysis/frames/heimkehr/frame_103799.png,22.50341627172196,20.360949092304335,0.9047936880326368,0.977257767245919,0.0037980516061084,0.0,0.0,0.0,0.0,0.4999999988890575,0.0167094523433386,7.152494734070562,0.9607156501357784,0.9601625210379044,5.64654617748991,0.0515463745879878,1,3,0,0.0,0.5,76.98770123520944
/Users/kevin.kunkel/Documents/Dev/Uni/ca-friend-foe-analysis/frames/heimkehr/frame_104185.png,29.14523104265403,35.85596232420639,1.2302514311417214,0.9374506319115324,0.0185064507635597,0.0,0.0,0.0,0.0,0.4999999991422267,0.0416765402843601,9.933244470774088,0.9033528740616836,0.9117940556949478,12.190867800145323,0.0296130562747318,1,10,0,0.0,0.5,305.60854018288006
/Users/kevin.kunkel/Documents/Dev/Uni/ca-friend-foe-analysis/frames/heimkehr/frame_104188.png,29.59730121116377,36.67038826559666,1.238977428383479,0.9353705897840968,0.0195267245918904,0.0,0.0,0.0,0.0,0.4999999991553284,0.0427659294365455,10.417509215376516,0.9015060041920928,0.9090486220817976,12.379332156803798,0.0289422257249121,1,9,0,0.0,0.5,302.36504481139184
/Users/kevin.kunkel/Documents/Dev/Uni/ca-friend-foe-analysis/frames/heimkehr/frame_104775.png,16.809689310163243,3.5523039654905837,0.2113247829161458,0.9996182201158504,0.0,0.0,0.0,0.0,0.0,0.4999999985127625,0.0003784886782517,2.17867298578199,0.9940581214054868,0.9932677673491724,0.7841461747307187,0.2281477368083156,1,0,0,0.0,0.5,1.0640380425498297
/Users/kevin.kunkel/Documents/Dev/Uni/ca-friend-foe-analysis/frames/heimkehr/frame_105110.png,32.84389481305951,32.67533076451246,0.9948677174557632,0.9301178251711428,0.0116278304370721,0.0,0.0,0.0,0.0,0.4999999992388236,0.0176244075829383,11.332211032122167,0.9202038482586294,0.9042369823126724,7.1375211556710685,0.030989756438634,1,3,0,0.0,0.5,168.86229299970054
/Users/kevin.kunkel/Documents/Dev/Uni/ca-friend-foe-analysis/frames/heimkehr/frame_105185.png,46.42644813059505,44.205224616947454,0.9521560727063372,0.841969457609268,0.0291831226961558,0.0,0.0,0.0,0.0,0.4999999994615138,0.0261124275934702,22.73237230121117,0.8615340891490878,0.8836683393736642,10.920021802374896,0.0228598073113285,2,13,0,0.0,0.5,147.91859548366173
/Users/kevin.kunkel/Documents/Dev/Uni/ca-friend-foe-analysis/frames/heimkehr/frame_105531.png,37.7063981042654,50.408752083393935,1.3368752913051138,0.8819214060031596,0.0465936018957345,0.0,0.0,0.0,0.0,0.4999999993369826,0.0259807793575566,5.05705634544497,0.9024302780617248,0.8312029551156955,9.466686812513604,0.0199498688377709,1,12,0,0.0,0.5,117.70432791870702
/Users/kevin.kunkel/Documents/Dev/Uni/ca-friend-foe-analysis/frames/heimkehr/frame_105712.png,103.3858181937862,74.2683836346046,0.7183614238420972,0.4814079778830963,0.2593206951026856,0.0,0.0,0.0,0.0,0.4999999997581874,0.0678975776724591,8.784547788309638,0.7247835548121302,0.6572521915559273,22.2047945209523,0.0137086542449383,8,18,0,0.0,0.5,238.59917172402228
/Users/kevin.kunkel/Documents/Dev/Uni/ca-friend-foe-analysis/frames/heimkehr/frame_105841.png,22.91291140073723,23.07198868519417,1.006942687508387,0.9656793048973144,0.0038572933122696,0.0,0.0,0.0,0.0,0.4999999989089121,0.0071057135334386,13.063655213270144,0.9569018007413602,0.9552360633563588,4.006183995895849,0.0426076943515744,1,2,0,0.0,0.5,30.301108744191403
/Users/kevin.kunkel/Documents/Dev/Uni/ca-friend-foe-analysis/frames/heimkehr/frame_105975.png,29.581865455502896,36.63814180551957,1.23853384894801,0.932925223802001,0.0207280147446024,0.0,0.0,0.0,0.0,0.4999999991548876,0.0146294102159031,29.460261979989465,0.9083274478827866,0.9417822073537157,5.716228878671861,0.0270284417750465,1,4,1,0.0195135597682991,0.2144549763033175,28.79327484214628
/Users/kevin.kunkel/Documents/Dev/Uni/ca-friend-foe-analysis/frames/heimkehr/frame_106157.png,28.65521327014218,36.90881972304733,1.2880315789763108,0.9358741442864664,0.0226237493417588,0.0,0.0,0.0,0.0,0.4999999991275584,0.0173973143759873,22.695616113744077,0.9114139536804716,0.9368497867814846,6.361627177515376,0.0269789711108679,1,7,0,0.0,0.5,29.866454713989764
/Users/kevin.kunkel/Documents/Dev/Uni/ca-friend-foe-analysis/frames/heimkehr/frame_106367.png,34.09354265402843,41.670801348197585,1.222249082438751,0.896794365455503,0.0254706424433912,0.0,0.0,0.0,0.0,0.4999999992667233,0.0265995260663507,18.85490389678779,0.8820339910582453,0.8817224751933422,8.237277356102549,0.0240201120435549,1,9,0,0.0,0.5,139.88196230297814
/Users/kevin.kunkel/Documents/Dev/Uni/ca-friend-foe-analysis/frames/heimkehr/frame_106877.png,38.000931411269086,41.72055428210904,1.0978824103229392,0.8888000263296472,0.0236111111111111,0.0,0.0,0.0,0.0,0.4999999993421214,0.0356174302264349,24.728821090047397,0.8896269192247725,0.8742311484888847,11.041021085029367,0.0242575341490591,1,10,0,0.0,0.5,100.94512501388164
/Users/kevin.kunkel/Documents/Dev/Uni/ca-friend-foe-analysis/frames/heimkehr/frame_107005.png,24.82940692469721,33.3537981535467,1.343318353127422,0.9355647709320696,0.0151987888362295,0.0,0.0,0.0,0.0,0.4999999989931293,0.0064869668246445,22.53071682464455,0.95168161261345,0.9543733802104308,4.076677790218988,0.0294079040210814,1,4,0,0.0,0.5,19.678569250501937
/Users/kevin.kunkel/Documents/Dev/Uni/ca-friend-foe-analysis/frames/heimkehr/frame_107056.png,16.32704054765666,19.97968760469992,1.2237176372539689,0.9863480779357556,0.0065560821484992,0.0,0.0,0.0,0.0,0.4999999984687978,0.0067798841495523,-0.2543312269615576,0.972811593305042,0.9728140197627234,4.007430639501973,0.0520956293331243,1,3,0,0.0,0.5,108.01817720167487
/Users/kevin.kunkel/Documents/Dev/Uni/ca-friend-foe-analysis/frames/heimkehr/frame_107087.png,42.79890073723012,58.36386958681325,1.3636768338696073,0.8532846234860453,0.0695036861506055,0.0,0.0,0.0,0.0,0.4999999994158728,0.0113579515534491,25.04139678778305,0.8642410866400273,0.8157157017625376,6.969241434174048,0.0170109686477261,2,6,0,0.0,0.5,57.51943764261664
/Users/kevin.kunkel/Documents/Dev/Uni/ca-friend-foe-analysis/frames/heimkehr/frame_107116.png,45.758606503422854,46.72623750851539,1.021146424179362,0.8212216956292786,0.0253653238546603,0.0,0.0,0.0,0.0,0.4999999994536547,0.0237888362295945,21.14941087414428,0.8454030759223121,0.8437403845161024,9.718600682545809,0.0213893968048046,6,11,1,0.0040317272248551,0.707345971563981,74.3790637086045
/Users/kevin.kunkel/Documents/Dev/Uni/ca-friend-foe-analysis/frames/heimkehr/frame_107221.png,100.93104923644024,70.4278687323853,0.6977819927109187,0.4623716429699842,0.2019220642443391,0.0,0.0,0.0,0.0,0.4999999997523062,0.0343108214849921,48.76497498683517,0.7873075096283906,0.7081696765067269,15.274781216338749,0.0141753878750182,8,16,0,0.0,0.5,55.58560578736358
/Users/kevin.kunkel/Documents/Dev/Uni/ca-friend-foe-analysis/frames/heimkehr/frame_107269.png,20.116245392311743,19.235505048355822,0.9562174539830244,0.9704383886255924,0.0001119010005265,0.0,0.0,0.0,0.0,0.4999999987572233,0.0009807793575566,-2.04285150078989,0.9553457960329998,0.956221850509556,2.3079961210553654,0.0497244000326252,1,0,0,0.0,0.5,5.544620661855591
/Users/kevin.kunkel/Documents/Dev/Uni/ca-friend-foe-analysis/frames/heimkehr/frame_107305.png,46.646261190100056,43.31034974065003,0.9284849105332688,0.8194148235913639,0.0175059241706161,0.0,0.0,0.0,0.0,0.4999999994640514,0.022080700368615,29.768206951026848,0.8639898708298486,0.8219654823488111,8.925871285509361,0.0230114305800094,2,8,1,0.0069641916798314,0.6113744075829384,53.26017573937622
/Users/kevin.kunkel/Documents/Dev/Uni/ca-friend-foe-analysis/frames/heimkehr/frame_107559.png,30.372278172722485,26.977047705039293,0.8882128453718117,0.9388921800947868,0.0,0.0,0.0,0.0,0.0,0.499999999176881,0.0006220379146919,13.891268430753026,0.8720816167435905,0.9409994166176212,2.358952887298157,0.0358159090619884,1,0,0,0.0,0.5,4.050863745444088
/Users/kevin.kunkel/Documents/Dev/Uni/ca-friend-foe-analysis/frames/heimkehr/frame_107589.png,65.07676737756714,54.967545249981,0.8446569702302604,0.7048973143759873,0.0590705634544497,0.0,0.0,0.0,0.0,0.4999999996158383,0.0486144023170089,37.97644483938916,0.7694037883715887,0.8210933773193322,15.547160811997053,0.0183996373581733,1,21,0,0.0,0.5,145.77266311132283
/Users/kevin.kunkel/Documents/Dev/Uni/ca-friend-foe-analysis/frames/heimkehr/frame_107649.png,57.76668312269616,66.52164427142014,1.151557274198568,0.7699611637704055,0.1101171669299631,0.0,0.0,0.0,0.0,0.4999999995672246,0.028455766192733,53.59241377040548,0.7574469793183203,0.8671292682423154,11.201778022419742,0.0149668583904547,1,7,1,0.2710933385992627,0.5580568720379147,61.3465384433088
/Users/kevin.kunkel/Documents/Dev/Uni/ca-friend-foe-analysis/frames/heimkehr/frame_107797.png,61.95911005792522,68.72108664796332,1.109136113685344,0.7498124012638231,0.1210571353343865,0.0,0.0,0.0,0.0,0.4999999995965081,0.0312598736176935,52.61933912585571,0.7462081177916138,0.8550672180404547,11.993751428019811,0.014500487767832,1,6,1,0.258030542390732,0.5450236966824644,60.437808262298
/Users/kevin.kunkel/Documents/Dev/Uni/ca-friend-foe-analysis/frames/heimkehr/frame_107813.png,29.23411334913112,34.262366830905066,1.171999516610051,0.9353508425487098,0.0175717482885729,0.0,0.0,0.0,0.0,0.4999999991448347,0.0072538177988414,26.500181016324383,0.9205551167281024,0.932450283430908,5.748011845279842,0.0286970267436221,1,3,1,0.2057003686150605,0.481042654028436,32.40369295746705
/Users/kevin.kunkel/Documents/Dev/Uni/ca-friend-foe-analysis/frames/heimkehr/frame_107836.png,35.20844523433386,38.6790109031269,1.098571962943467,0.9087216956292784,0.0228179304897314,0.0,0.0,0.0,0.0,0.4999999992899431,0.015521327014218,29.25719457609268,0.8971095210069283,0.9202998998440872,7.981337516468628,0.0256144621312138,1,6,0,0.0,0.5,31.621333921347123
/Users/kevin.kunkel/Documents/Dev/Uni/ca-friend-foe-analysis/frames/heimkehr/frame_107883.png,132.82138296471828,83.08379726877078,0.6255302824868759,0.3368615060558188,0.3960242232754081,0.0,0.0,0.0,0.0,0.4999999998117772,0.0355812269615587,27.47878817798841,0.7003032813968135,0.5899431847515204,18.1882244410282,0.0121485181748854,7,14,0,0.0,0.5,331.62399932310933
/Users/kevin.kunkel/Documents/Dev/Uni/ca-friend-foe-analysis/frames/heimkehr/frame_107903.png,33.134883491311214,39.50659790308581,1.192296263670756,0.9111209847288048,0.0239270668773038,0.0,0.0,0.0,0.0,0.4999999992455082,0.018108214849921,28.725055950500263,0.8968056200890046,0.9199832471166456,7.839205079159994,0.025085298752991,1,7,0,0.0,0.5,41.87634571790353
/Users/kevin.kunkel/Documents/Dev/Uni/ca-friend-foe-analysis/frames/heimkehr/frame_107927.png,34.545935360716165,38.2849548281475,1.1082332644221822,0.90538112164297,0.0206654818325434,0.0,0.0,0.0,0.0,0.4999999992763259,0.0174071879936808,25.123377435492365,0.8841059019711097,0.9166556959803406,7.762148325441672,0.0258579936342689,1,4,1,0.1710900473933649,0.3080568720379147,35.39764210917587
/Users/kevin.kunkel/Documents/Dev/Uni/ca-friend-foe-analysis/frames/heimkehr/frame_107951.png,28.18977093206951,24.994013093569315,0.8866341292781481,0.9487657977883096,0.000329120589784,0.0,0.0,0.0,0.0,0.4999999991131534,0.009807793575566,-4.17973933649289,0.9214539644188376,0.9268887133579076,6.231762976981907,0.0393718158331163,1,0,0,0.0,0.5,18.56145701628861
/Users/kevin.kunkel/Documents/Dev/Uni/ca-friend-foe-analysis/frames/heimkehr/frame_107984.png,49.65405147446024,42.09124428297509,0.8476900262580968,0.8464027119536598,0.0223472880463401,0.0,0.0,0.0,0.0,0.4999999994965164,0.0210571353343865,25.093302395997902,0.8611100527625479,0.866944031430371,10.248317351489618,0.0236512309461859,1,9,0,0.0,0.5,33.28542730047083
/Users/kevin.kunkel/Documents/Dev/Uni/ca-friend-foe-analysis/frames/heimkehr/frame_108117.png,103.53268496577144,67.71364234637711,0.6540315486202305,0.4775835966298051,0.203909952606635,0.0,0.0,0.0,0.0,0.4999999997585304,0.071501448130595,8.271369799894686,0.7862475864490083,0.6696868062654235,23.850552764384737,0.0152385510253978,9,26,0,0.0,0.5,298.3024166744144
/Users/kevin.kunkel/Documents/Dev/Uni/ca-friend-foe-analysis/frames/heimkehr/frame_108145.png,108.4850315955766,58.91237948709545,0.5430461563804618,0.3756746972090574,0.1662388098999473,0.0,0.0,0.0,0.0,0.4999999997695534,0.0556937862032648,6.805621379673511,0.7905295356689279,0.7266143171328563,19.21583498725219,0.0174138806913675,14,23,1,0.0278567667193259,0.8388625592417062,285.3464106153883
/Users/kevin.kunkel/Documents/Dev/Uni/ca-friend-foe-analysis/frames/heimkehr/frame_108197.png,14.781055818852028,3.820788318111648,0.2584922443354365,0.9999539231174304,6.582411795681938e-06,0.0,0.0,0.0,0.0,0.4999999983086458,4.607688256977357e-05,2.702330173775671,0.9896017511796714,0.9895043831118544,1.5681466371107793,0.2221204132898225,1,0,0,0.0,0.5,3.7951564386967673
/Users/kevin.kunkel/Documents/Dev/Uni/ca-friend-foe-analysis/frames/heimkehr/frame_108248.png,35.063207609268034,42.60507807044799,1.2150935654180453,0.897992364402317,0.0266324381253291,0.0,0.0,0.0,0.0,0.4999999992870019,0.0303877040547656,-2.8997531595576618,0.8666963262398166,0.8726849786781485,12.160077778105626,0.0238683547079411,1,14,0,0.0,0.5,97.41837712092308
/Users/kevin.kunkel/Documents/Dev/Uni/ca-friend-foe-analysis/frames/heimkehr/frame_108287.png,43.83722682991048,52.555889304156075,1.1988871784290895,0.8431049236440231,0.0557563191153238,0.0,0.0,0.0,0.0,0.4999999994297084,0.0391883886255924,-6.401997761979985,0.8359077791200735,0.830065436917263,14.342609006518137,0.019313802578237,4,18,0,0.0,0.5,175.52597339546494
/Users/kevin.kunkel/Documents/Dev/Uni/ca-friend-foe-analysis/frames/heimkehr/frame_108325.png,56.48740784623486,52.31100437750876,0.9260648749770704,0.7709287783043707,0.053663112164297,0.0,0.0,0.0,0.0,0.4999999995574235,0.0360683254344391,31.12158372827804,0.7804028952286549,0.8356460572644013,13.531228548382344,0.01922581724858,4,15,1,0.0063717746182201,0.7440758293838863,60.890143306143486
/Users/kevin.kunkel/Documents/Dev/Uni/ca-friend-foe-analysis/frames/heimkehr/frame_108397.png,36.78585110584518,37.164594697712424,1.0102959012623598,0.9081720642443392,0.0196419167983149,0.0,0.0,0.0,0.0,0.4999999993203909,0.0144878883622959,20.71790086887836,0.8912202242666419,0.8864074228954352,7.52646343676192,0.0266659538992256,1,6,1,0.023778962611901,0.5130331753554502,33.20238398339407
/Users/kevin.kunkel/Documents/Dev/Uni/ca-friend-foe-analysis/frames/heimkehr/frame_108440.png,42.835357424960506,47.32124073563949,1.1047238419351355,0.8616837809373354,0.0448097682991047,0.0,0.0,0.0,0.0,0.49999999941637,0.0251283570300158,40.03087480252765,0.8743029096841475,0.8874391836776838,9.141425304953698,0.0210300364804211,1,8,0,0.0,0.5,64.19819337418775
/Users/kevin.kunkel/Documents/Dev/Uni/ca-friend-foe-analysis/frames/heimkehr/frame_108553.png,37.60420616113744,40.504230588647786,1.0771196793085196,0.880463401790416,0.0200566087414428,0.0,0.0,0.0,0.0,0.4999999993351808,0.0165251448130595,36.00004607688257,0.8873492240498095,0.9044154818325434,8.311737915332738,0.024542514803261,1,4,1,0.013905344918378,0.2381516587677725,34.99985899943802
/Users/kevin.kunkel/Documents/Dev/Uni/ca-friend-foe-analysis/frames/heimkehr/frame_108608.png,50.27951224328594,55.59261058786306,1.105671236592385,0.8011025539757767,0.0691581095313322,0.0,0.0,0.0,0.0,0.4999999995027796,0.0411137440758293,-15.47371972090574,0.8265705118276905,0.7976645861082716,13.303560012934357,0.0181513823348222,2,12,1,0.0200236966824644,0.8080568720379147,115.17085919270122
/Users/kevin.kunkel/Documents/Dev/Uni/ca-friend-foe-analysis/frames/heimkehr/frame_108992.png,85.52977224855186,89.47849051886872,1.0461677619604202,0.7078034491837809,0.2436183517640863,0.0,0.0,0.0,0.0,0.4999999997077041,0.0435953133228014,-20.901467877830427,0.7463733234209955,0.6013496267385311,14.827204552220737,0.0112402400282205,1,6,0,0.0,0.5,281.2603036116088
/Users/kevin.kunkel/Documents/Dev/Uni/ca-friend-foe-analysis/frames/heimkehr/frame_109105.png,190.05145471300685,78.93838892145027,0.4153527211834205,0.1685821484992101,0.7936315165876777,0.0,0.0,0.0,0.0,0.4999999998684566,0.01510663507109,33.785735913638746,0.8156303111028509,0.8204674803043914,8.264151575915447,0.0126647334829489,2,3,0,0.0,0.5,55.25296757042481
/Users/kevin.kunkel/Documents/Dev/Uni/ca-friend-foe-analysis/frames/heimkehr/frame_109126.png,189.7401066350711,81.70075849779172,0.4305929827048546,0.1794464191679831,0.783382701421801,0.0,0.0,0.0,0.0,0.4999999998682408,0.0167522380200105,37.28158899420745,0.7995817716238681,0.8070056995942136,8.89889134534306,0.0122467646956555,3,2,0,0.0,0.5,68.67324388147837
/Users/kevin.kunkel/Documents/Dev/Uni/ca-friend-foe-analysis/frames/heimkehr/frame_109151.png,191.90953791469195,80.27799992596987,0.4183116730749675,0.1711262506582412,0.7925487098472881,0.0,0.0,0.0,0.0,0.4999999998697302,0.0158405739863085,36.05385071090046,0.8105066133878511,0.8124428749909653,8.364854701244939,0.01245484831921,2,3,0,0.0,0.5,53.50773663495784
/Users/kevin.kunkel/Documents/Dev/Uni/ca-friend-foe-analysis/frames/heimkehr/frame_109192.png,60.827830437072144,72.69779680228247,1.1951403849258777,0.7805423907319642,0.165458794102159,0.0,0.0,0.0,0.0,0.4999999995890039,0.0450862295945234,-19.33297788309637,0.7832973494821835,0.7180241922993527,14.463868419013576,0.013941556388403,3,12,1,0.0099558978409689,0.735781990521327,382.38981198536055
/Users/kevin.kunkel/Documents/Dev/Uni/ca-friend-foe-analysis/frames/heimkehr/frame_109235.png,166.057635597683,68.42857200356819,0.4120772388217434,0.1710933385992627,0.7085406793048973,0.0,0.0,0.0,0.0,0.4999999998494498,0.0121182201158504,36.18765139547128,0.8450187921403423,0.8239174901134756,7.908674616909691,0.014602984613472,2,2,0,0.0,0.5,79.9917706377185
/Users/kevin.kunkel/Documents/Dev/Uni/ca-friend-foe-analysis/frames/heimkehr/frame_109361.png,183.9952442074776,49.87940057304942,0.2710907054189678,0.0722617166929963,0.8675059241706161,0.0,0.0,0.0,0.0,0.4999999998641269,0.0082642180094786,11.213760531858895,0.9633122438022076,0.8294129263079639,5.51396669317721,0.0200503989087221,4,1,0,0.0,0.5,28.56519913767238
/Users/kevin.kunkel/Documents/Dev/Uni/ca-friend-foe-analysis/frames/heimkehr/frame_109457.png,194.1798578199052,53.72931460625309,0.2766987018211498,0.0713665086887835,0.8930555555555556,0.0,0.0,0.0,0.0,0.4999999998712534,0.0083497893628225,7.66305950500265,0.8773710621689434,0.860973938811965,6.246213574271422,0.0186632972619654,3,1,0,0.0,0.5,103.47519560585788
/Users/kevin.kunkel/Documents/Dev/Uni/ca-friend-foe-analysis/frames/heimkehr/frame_109645.png,52.13370523959979,42.85027830472049,0.8219304195931038,0.7676013691416536,0.0123815165876777,0.0,0.0,0.0,0.0,0.4999999995204638,0.0831128225381779,-1.258086492890996,0.8390527264091524,0.8423019081250194,17.748492825229437,0.0244198344282707,4,3,0,0.0,0.5,132.77286932494806
/Users/kevin.kunkel/Documents/Dev/Uni/ca-friend-foe-analysis/frames/heimkehr/frame_110470.png,20.15004278567667,6.282497581937277,0.3117858169127316,0.9993022643496576,5.595050026329647e-05,0.0,0.0,0.0,0.0,0.4999999987593078,0.001303317535545,3.6752205107951568,0.9840464279445322,0.9868233796941632,1.579777539493919,0.1462501176551241,1,0,0,0.0,0.5,12.414708451222332
/Users/kevin.kunkel/Documents/Dev/Uni/ca-friend-foe-analysis/frames/heimkehr/frame_110565.png,171.93346169036334,46.87802360952163,0.2726521243821607,0.0630298841495523,0.7001250658241179,0.0,0.0,0.0,0.0,0.4999999998545948,0.0074052132701421,11.367762638230658,0.8911816590775331,0.8542563939741247,5.182630083353829,0.0213250850054631,3,1,0,0.0,0.5,71.9136488709309
/Users/kevin.kunkel/Documents/Dev/Uni/ca-friend-foe-analysis/frames/heimkehr/frame_111104.png,102.96536664033702,87.40185303759938,0.8488471007733459,0.6342647446024223,0.2867825171142706,0.0,0.0,0.0,0.0,0.4999999997571999,0.0293213533438651,-19.839194971037383,0.8086378537723673,0.6087220570165928,12.611188854186318,0.0114307691318709,2,6,0,0.0,0.5,131.60057674196406
/Users/kevin.kunkel/Documents/Dev/Uni/ca-friend-foe-analysis/frames/heimkehr/frame_111184.png,47.79159426013691,49.56376116597741,1.0370811400951851,0.8246544233807267,0.0354726171669299,0.0,0.0,0.0,0.0,0.4999999994768955,0.0272478936282253,-7.948479462875191,0.8646791913184442,0.7956261293353571,8.480800368536466,0.0201459533206626,1,6,0,0.0,0.5,102.49953282112594
/Users/kevin.kunkel/Documents/Dev/Uni/ca-friend-foe-analysis/frames/heimkehr/frame_111613.png,24.946689046866773,16.017914543586368,0.6420857873878694,0.9838303054239074,0.0005233017377567,0.0,0.0,0.0,0.0,0.499999998997863,0.0061216429699842,5.230943917851501,0.9630624993546656,0.961527377670394,3.4894600559416147,0.0608621736260809,1,0,0,0.0,0.5,10.980216032173272
/Users/kevin.kunkel/Documents/Dev/Uni/ca-friend-foe-analysis/frames/heimkehr/frame_111791.png,25.64043575566087,19.662051431038005,0.7668376443256534,0.9743318852027384,0.0029752501316482,0.0,0.0,0.0,0.0,0.4999999990249775,0.0084814375987361,12.286828593996836,0.9618655845697942,0.962757385207901,3.8936168092704886,0.0501465503651392,1,2,0,0.0,0.5,26.8092975494942
/Users/kevin.kunkel/Documents/Dev/Uni/ca-friend-foe-analysis/frames/heimkehr/frame_111982.png,27.767640863612428,20.512256113973397,0.7387107943686425,0.9799532648762508,0.0033833596629805,0.0,0.0,0.0,0.0,0.4999999990996714,0.0089158767772511,5.34556345444971,0.9628969839647286,0.94245015436401,4.424445440777542,0.0489656208776717,1,2,0,0.0,0.5,71.20216842721905
/Users/kevin.kunkel/Documents/Dev/Uni/ca-friend-foe-analysis/frames/heimkehr/frame_112576.png,21.338372169562927,7.262543537566907,0.3403513372913737,0.9985617430226434,3.291205897840969e-06,0.0,0.0,0.0,0.0,0.4999999988284017,0.001964849921011,2.101517245918906,0.9833006794081508,0.9791368780266188,1.7702226952727038,0.126948369620791,1,0,0,0.0,0.5,10.707206415927576
/Users/kevin.kunkel/Documents/Dev/Uni/ca-friend-foe-analysis/frames/heimkehr/frame_112744.png,23.883451816745655,12.377962036099062,0.5182652021678814,0.9913967877830436,0.0005331753554502,0.0,0.0,0.0,0.0,0.4999999989532501,0.0033274091627172,5.995602948920485,0.9713482844427924,0.9717814845790872,2.40127001936051,0.0774223035703421,1,0,0,0.0,0.5,9.88201089017417
/Users/kevin.kunkel/Documents/Dev/Uni/ca-friend-foe-analysis/frames/heimkehr/frame_112943.png,26.40315626645603,18.410909972624328,0.6972995848335211,0.9778534755134282,0.0013625592417061,0.0,0.0,0.0,0.0,0.4999999990531435,0.0096498156924697,5.519355581885204,0.9586854020175738,0.9579012431723612,4.441793734537847,0.0540066058038322,1,1,0,0.0,0.5,25.871617005804175
/Users/kevin.kunkel/Documents/Dev/Uni/ca-friend-foe-analysis/frames/heimkehr/frame_113123.png,24.843608478146393,21.147146198722265,0.8512107302046406,0.9708267509215376,0.0040185624012638,0.0,0.0,0.0,0.0,0.4999999989937049,0.0037717219589257,14.491409952606638,0.9582746337081436,0.9624964119402368,2.953645558981455,0.0459382964546364,1,2,0,0.0,0.5,10.262786351369384
/Users/kevin.kunkel/Documents/Dev/Uni/ca-friend-foe-analysis/frames/heimkehr/frame_114296.png,24.715139547130068,14.041707363267092,0.568141939060321,0.9894483938915218,0.0004903896787783,0.0,0.0,0.0,0.0,0.4999999989884742,0.004696550816219,4.286808846761453,0.9641116067279992,0.9645571972864976,3.362690222117446,0.0696675520338728,1,0,0,0.0,0.5,22.02962566019006
/Users/kevin.kunkel/Documents/Dev/Uni/ca-friend-foe-analysis/frames/heimkehr/frame_114376.png,27.550161269088996,25.871920519490445,0.9390841735148048,0.9470050026329648,0.0035972880463401,0.0,0.0,0.0,0.0,0.4999999990925642,0.0047195892575039,22.51837480252765,0.9587706377969828,0.9555008570042024,3.7607681810315183,0.0376983103764525,1,4,1,0.278702606635071,0.5580568720379147,6.45513129057006
/Users/kevin.kunkel/Documents/Dev/Uni/ca-friend-foe-analysis/frames/heimkehr/frame_114433.png,142.4441877303844,114.091521976147,0.8009559653778336,0.4905344918378094,0.5064079778830963,0.0,0.0,0.0,0.0,0.4999999998244926,0.0061907582938388,42.54035676671933,0.9524363700193084,0.3402438848103749,7.56114888551876,0.0087603783965962,2,1,0,0.0,0.5,440.9189382212365
/Users/kevin.kunkel/Documents/Dev/Uni/ca-friend-foe-analysis/frames/heimkehr/frame_114788.png,211.2840804370721,59.21018537817642,0.2802396906935321,0.0797459189046866,0.9135959715639812,0.0,0.0,0.0,0.0,0.4999999998816758,0.0067206424433912,14.729597814639304,0.8894879916158143,0.8618297297855424,6.462059586366455,0.0170713961991432,3,1,0,0.0,0.5,371.2874271336992
/Users/kevin.kunkel/Documents/Dev/Uni/ca-friend-foe-analysis/frames/heimkehr/frame_114920.png,130.5688915218536,100.49941072443792,0.7697040962521055,0.5329350974196946,0.383774354923644,0.0,0.0,0.0,0.0,0.4999999998085301,0.0181970774091627,39.851685097419704,0.806849064006856,0.4476435998306641,11.101123843621822,0.0099506092618626,1,1,0,0.0,0.5,388.1734029868701
/Users/kevin.kunkel/Documents/Dev/Uni/ca-friend-foe-analysis/frames/heimkehr/frame_116084.png,24.830147446024224,16.783512238939327,0.6759328436462184,0.9788572933122696,0.0010301474460242,0.0,0.0,0.0,0.0,0.4999999989931594,0.009271327014218,5.310347551342812,0.9656833834112898,0.9613395078937316,3.818423704251937,0.060046963542187,1,0,1,0.0391028172722485,0.7713270142180095,60.734956430258954
/Users/kevin.kunkel/Documents/Dev/Uni/ca-friend-foe-analysis/frames/heimkehr/frame_116127.png,25.319546471827277,17.298639357551878,0.6832128414495322,0.9774684044233808,0.0011848341232227,0.0,0.0,0.0,0.0,0.4999999990126205,0.0093667719852553,5.815234992101107,0.9641949581306984,0.959862956767752,3.7880646994255094,0.0581971913186166,1,0,1,0.0412848867825171,0.7725118483412322,64.87868156340603
/Users/kevin.kunkel/Documents/Dev/Uni/ca-friend-foe-analysis/frames/heimkehr/frame_117008.png,27.541462611901,24.42602490475059,0.8868819045763974,0.9616870721432332,0.0074677461822011,0.0,0.0,0.0,0.0,0.4999999990922776,0.0108741442864665,4.3182135334386516,0.9481664756476575,0.948171948084131,5.178096452296357,0.0412780783569229,1,2,1,0.0376810163243812,0.7665876777251185,125.56243864795468
/Users/kevin.kunkel/Documents/Dev/Uni/ca-friend-foe-analysis/frames/heimkehr/frame_117808.png,22.79560953133228,5.608797225448781,0.2460472571762046,0.9998058188520274,0.0,0.0,0.0,0.0,0.0,0.4999999989032975,0.0003060821484992,3.4606964191679843,0.9870229945585396,0.9870735371557786,1.243695899289076,0.1553570043416225,1,0,0,0.0,0.5,3.5635208516292507
/Users/kevin.kunkel/Documents/Dev/Uni/ca-friend-foe-analysis/frames/heimkehr/frame_118264.png,170.64623156924696,65.36019399558238,0.3830157475863047,0.1456786466561348,0.710222485518694,0.0,0.0,0.0,0.0,0.499999999853498,0.0439441811479726,28.61514283833597,0.8995994021621286,0.7926775444248263,15.87726395197418,0.0157179342129065,6,10,0,0.0,0.5,220.60143077341604
/Users/kevin.kunkel/Documents/Dev/Uni/ca-friend-foe-analysis/frames/heimkehr/frame_118352.png,74.28432727751448,67.51371111126286,0.9088553870610796,0.6682168246445498,0.1468141126908899,0.0,0.0,0.0,0.0,0.4999999996634552,0.0678021327014218,17.710314639283837,0.7536555359373871,0.7060196284938409,19.062795246444846,0.0151330098921719,2,14,0,0.0,0.5,176.56258469655342
/Users/kevin.kunkel/Documents/Dev/Uni/ca-friend-foe-analysis/frames/heimkehr/frame_118808.png,28.40382438125329,24.04615807964935,0.8465817022464692,0.9689836756187468,0.0084913112164297,0.0,0.0,0.0,0.0,0.4999999991198368,0.0093206951026856,12.091778567667196,0.954490289006598,0.9534326632179992,4.5912939504306465,0.0414330753494885,1,4,0,0.0,0.5,38.033746334389335
/Users/kevin.kunkel/Documents/Dev/Uni/ca-friend-foe-analysis/frames/heimkehr/frame_119056.png,27.687223538704583,19.657447031795616,0.7099826002169476,0.9708135860979464,0.0026296735123749,0.0,0.0,0.0,0.0,0.4999999990970564,0.0112559241706161,5.983142443391255,0.954065813792605,0.953434883168644,4.223796461753549,0.0515726126634315,1,0,0,0.0,0.5,69.11986738323232
/Users/kevin.kunkel/Documents/Dev/Uni/ca-friend-foe-analysis/frames/heimkehr/frame_119096.png,26.286558715113216,15.767137953258157,0.5998174985229708,0.981477093206951,0.0010926803580832,0.0,0.0,0.0,0.0,0.4999999990489436,0.0089257503949447,5.957266982622436,0.9665063655794072,0.9639450071761196,3.5624101440768103,0.0636487795738052,1,0,0,0.0,0.5,44.244786099072975
/Users/kevin.kunkel/Documents/Dev/Uni/ca-friend-foe-analysis/frames/heimkehr/frame_119663.png,29.693239863085836,23.01575290738974,0.7751176003697325,0.9643035808320168,0.0059439178515007,0.0,0.0,0.0,0.0,0.4999999991580575,0.015830700368615,10.835920221169031,0.9523711654224618,0.948155788908507,5.535673282173163,0.0447223561192222,1,2,2,0.0880101369141653,0.2926540284360189,115.97462475585526
/Users/kevin.kunkel/Documents/Dev/Uni/ca-friend-foe-analysis/frames/heimkehr/frame_119735.png,22.82239336492891,14.344170426883158,0.628512975596788,0.9884182464454976,0.0016850974196945,0.0,0.0,0.0,0.0,0.4999999989045846,0.0078330700368615,4.928080568720379,0.9694460448739792,0.9756191597228676,3.460267723096811,0.0703202731845493,1,1,0,0.0,0.5,23.7057804377997
/Users/kevin.kunkel/Documents/Dev/Uni/ca-friend-foe-analysis/frames/heimkehr/frame_119873.png,28.09463204318062,26.192857011816983,0.9323082387528162,0.9497367035281729,0.0033241179568193,0.0,0.0,0.0,0.0,0.4999999991101503,0.0055950500263296,13.742756055818855,0.9617172867040444,0.9430272124647648,3.2698140151282993,0.0372750639552206,1,2,0,0.0,0.5,18.118826249226537
/Users/kevin.kunkel/Documents/Dev/Uni/ca-friend-foe-analysis/frames/heimkehr/frame_119936.png,74.58833596629805,63.58257379946596,0.8524466042914595,0.6600513428120063,0.0940758293838862,0.0,0.0,0.0,0.0,0.4999999996648269,0.0569411532385466,31.605200105318588,0.7802812625840225,0.7378578508812688,23.061672774001963,0.0162851704976406,11,16,0,0.0,0.5,205.39785032050688
/Users/kevin.kunkel/Documents/Dev/Uni/ca-friend-foe-analysis/frames/heimkehr/frame_120062.png,44.73637769878883,26.87833371545129,0.6008160481016632,0.9150803054239072,0.002254476040021,0.0,0.0,0.0,0.0,0.4999999994411707,0.0046175618746708,-4.414708399157448,0.8897871170585138,0.8950972906276782,4.048170067159614,0.0362187083635396,1,1,1,0.0539231174302264,0.5213270142180095,12.58442158609593
/Users/kevin.kunkel/Documents/Dev/Uni/ca-friend-foe-analysis/frames/heimkehr/frame_120185.png,144.99885136914165,89.95851434366688,0.6204084613926177,0.3269483938915218,0.4655147446024223,0.0,0.0,0.0,0.0,0.4999999998275848,0.0458135860979462,13.5859959189047,0.6513932771634193,0.680603800762011,19.195234483280963,0.0112149043153594,3,11,0,0.0,0.5,240.552038712355
/Users/kevin.kunkel/Documents/Dev/Uni/ca-friend-foe-analysis/frames/heimkehr/frame_120349.png,28.79861111111111,31.03884369162138,1.0777896011751409,0.9530970247498683,0.0158669036334913,0.0,0.0,0.0,0.0,0.4999999991319026,0.0137045813586097,11.717765929436547,0.9462263420376048,0.9356906111575752,6.28270347338271,0.0327781027340477,1,5,1,0.023778962611901,0.5651658767772512,222.04121252218312
/Users/kevin.kunkel/Documents/Dev/Uni/ca-friend-foe-analysis/frames/heimkehr/frame_120639.png,96.65073064770932,72.7212270179587,0.7524125938352746,0.5529719589257504,0.1955766192733017,0.0,0.0,0.0,0.0,0.4999999997413367,0.0446155871511321,7.1781398104265435,0.744746151225103,0.6842155830209915,15.517732525887515,0.0139222481079052,6,14,0,0.0,0.5,293.57185196014836
/Users/kevin.kunkel/Documents/Dev/Uni/ca-friend-foe-analysis/frames/heimkehr/frame_121037.png,87.502287388099,57.9458055856783,0.6622204658770707,0.5741936545550289,0.1041469194312796,0.0,0.0,0.0,0.0,0.4999999997142932,0.0609695892575039,-5.894796603475527,0.7842920680647193,0.8024291164596433,18.555656071866174,0.0177360749991291,1,32,2,0.0985781990521327,0.6255924170616114,252.89686249038832
/Users/kevin.kunkel/Documents/Dev/Uni/ca-friend-foe-analysis/frames/heimkehr/frame_121191.png,30.35562137967351,20.142991860993348,0.6635671048435406,0.962207082675092,8.557135334386519e-05,0.0,0.0,0.0,0.0,0.4999999991764293,0.007263691416535,11.371656134807797,0.9545835269336804,0.9440659170461232,5.004797865155301,0.048588092959638,1,0,1,0.0180226434965771,0.5379146919431279,15.543541925406066
/Users/kevin.kunkel/Documents/Dev/Uni/ca-friend-foe-analysis/frames/heimkehr/frame_121585.png,72.75496313849395,61.05160528183862,0.8391400746325552,0.667858083201685,0.0742989731437598,0.0,0.0,0.0,0.0,0.4999999996563808,0.0306806213796735,53.58941548183253,0.840939865150905,0.8035956488967362,16.065666710990204,0.0167293795885553,2,15,0,0.0,0.5,322.49979856628886
/Users/kevin.kunkel/Documents/Dev/Uni/ca-friend-foe-analysis/frames/heimkehr/frame_122792.png,43.105825434439176,56.98006783856883,1.321864669847116,0.8632997630331753,0.0606799631384939,0.0,0.0,0.0,0.0,0.499999999420032,0.0279357556608741,26.684603738809905,0.8572578963128168,0.871244256523041,11.69044115326976,0.0177317705265309,1,7,1,0.0147742232754081,0.3139810426540284,225.52508725995665
/Users/kevin.kunkel/Documents/Dev/Uni/ca-friend-foe-analysis/frames/heimkehr/frame_123095.png,36.417160347551345,50.41295858460259,1.384318765248275,0.8979364139020537,0.0478409689310163,0.0,0.0,0.0,0.0,0.4999999993135104,0.0203495260663507,16.851033438651918,0.8911273219134942,0.8668603186403576,10.148885242566967,0.0200653992932285,1,13,0,0.0,0.5,198.92160273591335
/Users/kevin.kunkel/Documents/Dev/Uni/ca-friend-foe-analysis/frames/heimkehr/frame_123343.png,49.80787914691943,56.440962643663084,1.1331733753180004,0.7995589784096893,0.0583695365982095,0.0,0.0,0.0,0.0,0.4999999994980714,0.0275309373354397,24.616857556608736,0.8061555617507666,0.7961392476948652,10.992840474593978,0.01782184274695,4,10,1,0.0691976040021063,0.4206161137440758,135.51874967990258
/Users/kevin.kunkel/Documents/Dev/Uni/ca-friend-foe-analysis/frames/heimkehr/frame_123975.png,35.562529620853084,48.2524221985218,1.3568332336669413,0.8981207214323328,0.0404258820431806,0.0,0.0,0.0,0.0,0.4999999992970129,0.02193588730911,34.98662783043707,0.8714787194498652,0.9109557920061128,9.64045558078874,0.0209694176699478,1,11,0,0.0,0.5,100.85069569877284
/Users/kevin.kunkel/Documents/Dev/Uni/ca-friend-foe-analysis/frames/heimkehr/frame_124133.png,59.9300355450237,72.26632624228155,1.2058448733507836,0.7736637704054765,0.1162289362822538,0.0,0.0,0.0,0.0,0.4999999995828469,0.0345905739863085,-16.99445102685624,0.7153597868847381,0.7977281644622041,13.50463731845247,0.0138451221718893,1,12,1,0.1264349657714586,0.4312796208530806,60.85598425483374
/Users/kevin.kunkel/Documents/Dev/Uni/ca-friend-foe-analysis/frames/heimkehr/frame_124529.png,24.834715639810423,26.92852813222061,1.084309899672166,0.9433945497630332,0.0039593206951026,0.0,0.0,0.0,0.0,0.4999999989933446,0.0157517114270668,2.2309636650868896,0.9296736156284524,0.9248250369131328,4.723174365308186,0.0367619325945756,5,2,0,0.0,0.5,41.18130621207225
/Users/kevin.kunkel/Documents/Dev/Uni/ca-friend-foe-analysis/frames/heimkehr/frame_124621.png,55.03564046866772,75.26135874641986,1.3675021852887603,0.8141390205371248,0.1212809373354397,0.0,0.0,0.0,0.0,0.4999999995457489,0.0218371511321748,-14.09113020010532,0.7380619056469349,0.8551175283172774,11.00059038950694,0.013254912979279,1,9,1,0.0973670352817272,0.4004739336492891,191.24984064781503
/Users/kevin.kunkel/Documents/Dev/Uni/ca-friend-foe-analysis/frames/heimkehr/frame_124753.png,51.74722222222222,67.71695415177103,1.308610416422116,0.8114501053185887,0.109271327014218,0.0,0.0,0.0,0.0,0.4999999995168823,0.0317502632964718,3.615705634544497,0.7508456463153982,0.7548225588286921,11.783307934623666,0.0147909293003288,2,9,1,0.0522511848341232,0.3412322274881517,86.45152683782136
/Users/kevin.kunkel/Documents/Dev/Uni/ca-friend-foe-analysis/frames/heimkehr/frame_124823.png,56.026467877830434,78.68454281073596,1.4044173343547426,0.8073031858873091,0.1335472617166929,0.0,0.0,0.0,0.0,0.4999999995537824,0.0211163770405476,-18.15993285939968,0.7197539984924985,0.8585238360747143,10.760525637981626,0.0126739923149108,1,8,1,0.0996445497630331,0.3981042654028436,192.54892380195992
/Users/kevin.kunkel/Documents/Dev/Uni/ca-friend-foe-analysis/frames/heimkehr/frame_124951.png,46.76971103212217,66.05597203172907,1.4123664746426197,0.8230055292259084,0.1029719589257504,0.0,0.0,0.0,0.0,0.499999999465466,0.0295484465508162,12.56858543970511,0.7754971915043005,0.7618812016644467,11.240059873580453,0.0151632771727465,2,7,1,0.0556213796735123,0.3554502369668246,95.19581452577484
/Users/kevin.kunkel/Documents/Dev/Uni/ca-friend-foe-analysis/frames/heimkehr/frame_125021.png,57.070635860979465,78.66350804996432,1.3783534513922082,0.7979265402843602,0.1417390731964191,0.0,0.0,0.0,0.0,0.4999999995619464,0.0201388888888888,-20.466396787783047,0.7026389017955788,0.8581670951687679,10.577532434517426,0.0126720343406959,2,6,2,0.1472781727224855,0.4146919431279621,189.41394411026852
/Users/kevin.kunkel/Documents/Dev/Uni/ca-friend-foe-analysis/frames/heimkehr/frame_125102.png,50.568977093206954,66.74096029127763,1.319800478389804,0.7904489204844655,0.0911269088994207,0.0,0.0,0.0,0.0,0.4999999995056258,0.0305292259083728,5.33143101632438,0.8280771613542731,0.7494929219713162,10.929038199796802,0.0150045255317034,5,7,0,0.0,0.5,85.19055200906215
/Users/kevin.kunkel/Documents/Dev/Uni/ca-friend-foe-analysis/frames/heimkehr/frame_125168.png,37.748054897314375,47.45174409033317,1.2570646115067168,0.8724888098999474,0.0346761453396524,0.0,0.0,0.0,0.0,0.4999999993377143,0.017051737756714,7.114135729331224,0.8487451858047064,0.8941028043655588,9.849263653951663,0.0210464870525975,1,7,0,0.0,0.5,63.13613437615678
/Users/kevin.kunkel/Documents/Dev/Uni/ca-friend-foe-analysis/frames/heimkehr/frame_125230.png,55.182141916798315,78.3611062976631,1.4200446636125277,0.805897840968931,0.1308287256450763,0.0,0.0,0.0,0.0,0.4999999995469549,0.0213730911005792,-15.478837546076882,0.7153525075116935,0.8152672717322843,11.068565786984866,0.0127332892883951,1,6,1,0.1102191943127962,0.3874407582938388,213.77978987671744
/Users/kevin.kunkel/Documents/Dev/Uni/ca-friend-foe-analysis/frames/heimkehr/frame_126161.png,36.246346761453395,47.84033073756217,1.3198662728805517,0.8723045023696683,0.0337546076882569,0.0,0.0,0.0,0.0,0.4999999993102753,0.0135926803580832,28.447729067930496,0.8960133300292208,0.8820935683383411,7.599317008924768,0.0207654789457714,1,9,0,0.0,0.5,73.18863469116438
/Users/kevin.kunkel/Documents/Dev/Uni/ca-friend-foe-analysis/frames/heimkehr/frame_126592.png,44.51322077409163,65.949663724538,1.4815747418296388,0.8732852817272249,0.0877139283833596,0.0,0.0,0.0,0.0,0.4999999994383691,0.0208037124802527,8.009567535545024,0.8241874206238577,0.8127369151978854,10.712829141046278,0.0151633014292452,1,6,0,0.0,0.5,154.76628328008474
/Users/kevin.kunkel/Documents/Dev/Uni/ca-friend-foe-analysis/frames/heimkehr/frame_126651.png,18.412536203264875,17.445377558602633,0.9474728126135048,0.979614270668773,0.0013592680358083,0.0,0.0,0.0,0.0,0.4999999986422294,0.0055259347024749,4.343611769352293,0.9588273756053236,0.96320986793875,3.199449680590337,0.0558397094491503,1,1,1,0.0412848867825171,0.3838862559241706,19.05032663037626
/Users/kevin.kunkel/Documents/Dev/Uni/ca-friend-foe-analysis/frames/heimkehr/frame_127847.png,36.93702935755661,57.95117376397445,1.568918091547255,0.8894516850974197,0.0666864139020537,0.0,0.0,0.0,0.0,0.4999999993231724,0.0249769615587151,-6.503090442338074,0.8309573408088881,0.8736829755598923,10.088899664904224,0.0173206723517061,1,10,0,0.0,0.5,104.47586537819988
/Users/kevin.kunkel/Documents/Dev/Uni/ca-friend-foe-analysis/frames/heimkehr/frame_128062.png,17.36336887835703,13.826025865409196,0.7962755317037242,0.9885893891521854,0.0010301474460242,0.0,0.0,0.0,0.0,0.4999999985601872,0.0101895734597156,4.577349921011059,0.9714288738138752,0.9748999473407056,3.5116013015552423,0.0744707889416558,1,0,0,0.0,0.5,45.22032548048344
/Users/kevin.kunkel/Documents/Dev/Uni/ca-friend-foe-analysis/frames/heimkehr/frame_128188.png,24.22935755660874,33.41659085544673,1.379177744992018,0.9506648235913638,0.0173084518167456,0.0,0.0,0.0,0.0,0.4999999989681938,0.0165646392838335,12.05156661400737,0.929477846957635,0.9428663176697746,6.950107072375908,0.0303034335954669,1,9,0,0.0,0.5,78.05299103318265
/Users/kevin.kunkel/Documents/Dev/Uni/ca-friend-foe-analysis/frames/heimkehr/frame_128956.png,20.619167983149023,26.237158219803096,1.272464442503156,0.979262111637704,0.0125987361769352,0.0,0.0,0.0,0.0,0.4999999987875359,0.0093371511321748,12.201013691416534,0.954819151462586,0.964496277710663,4.4167844861873835,0.0387077897445006,1,6,0,0.0,0.5,98.11287857139097
/Users/kevin.kunkel/Documents/Dev/Uni/ca-friend-foe-analysis/frames/heimkehr/frame_129007.png,37.00781990521327,49.343247564781215,1.333319486471515,0.879429963138494,0.032326224328594,0.0,0.0,0.0,0.0,0.4999999993244671,0.0186413902053712,17.330081621906267,0.8716390463505044,0.8667983665293395,8.533078384254084,0.0201859188880821,1,3,2,0.1851533701948393,0.5308056872037915,80.39408135386039
/Users/kevin.kunkel/Documents/Dev/Uni/ca-friend-foe-analysis/frames/heimkehr/frame_129269.png,33.77201158504476,40.15850665650217,1.189106145971326,0.8973966561348078,0.0218437335439705,0.0,0.0,0.0,0.0,0.4999999992597421,0.0290810953133228,13.953278041074247,0.8652899358795652,0.8970780286838274,9.650605289789723,0.0252856182509678,1,6,1,0.0284656398104265,0.4585308056872038,112.00462587238654
/Users/kevin.kunkel/Documents/Dev/Uni/ca-friend-foe-analysis/frames/heimkehr/frame_129359.png,35.35413704581359,47.96239261666565,1.3566274413331298,0.9014612954186414,0.0334583991574512,0.0,0.0,0.0,0.0,0.4999999992928692,0.0152909426013691,10.184804502369666,0.8781543691726296,0.8889867990376772,7.187925516603974,0.0207287402440421,1,1,1,0.1369668246445497,0.6303317535545023,50.3017185415608
/Users/kevin.kunkel/Documents/Dev/Uni/ca-friend-foe-analysis/frames/heimkehr/frame_129455.png,29.591939836756183,29.197838097047597,0.98668212220791,0.9253258293838864,0.003557793575566,0.0,0.0,0.0,0.0,0.4999999991551753,0.0106997103738809,18.55856042654029,0.912728861423453,0.9468090274551104,5.775707828272809,0.033946511414246,1,2,0,0.0,0.5,94.44309658886644
/Users/kevin.kunkel/Documents/Dev/Uni/ca-friend-foe-analysis/frames/heimkehr/frame_129473.png,33.09013296471827,33.72259324572555,1.0191132558992826,0.9042719852553976,0.0067963401790416,0.0,0.0,0.0,0.0,0.4999999992444878,0.013967877830437,22.410762243285937,0.8960999597311279,0.9341681380293032,6.856603474629094,0.0294596366067396,1,3,0,0.0,0.5,84.49551240807247
/Users/kevin.kunkel/Documents/Dev/Uni/ca-friend-foe-analysis/frames/heimkehr/frame_129527.png,40.59830502896261,43.25230734876771,1.0653722418060192,0.8689079778830964,0.025536466561348,0.0,0.0,0.0,0.0,0.4999999993842108,0.0160150078988941,25.50276132174828,0.8542638282274468,0.9043576340488804,8.573474694381192,0.0229599008493203,1,6,0,0.0,0.5,62.21554475840064
/Users/kevin.kunkel/Documents/Dev/Uni/ca-friend-foe-analysis/frames/heimkehr/frame_129609.png,34.342341363875725,45.49695461681801,1.3248064248815323,0.8975052659294366,0.0355384412848867,0.0,0.0,0.0,0.0,0.4999999992720357,0.0316482359136387,15.332895602948916,0.8729562772976489,0.8941719842228624,11.165702367669972,0.0224648556325391,1,15,1,0.0260696419167983,0.4751184834123222,121.55473382263472
/Users/kevin.kunkel/Documents/Dev/Uni/ca-friend-foe-analysis/frames/heimkehr/frame_129980.png,30.546350052659296,36.137795297817966,1.1830478966297022,0.9261453396524486,0.0141423117430226,0.0,0.0,0.0,0.0,0.4999999991815716,0.0144253554502369,12.062707345971564,0.896911661452364,0.897469333705046,8.344114682814357,0.0278000637337523,1,4,1,0.0322571090047393,0.4040284360189573,175.0232613686955
/Users/kevin.kunkel/Documents/Dev/Uni/ca-friend-foe-analysis/frames/heimkehr/frame_130234.png,45.264214718272775,67.81459576461772,1.498194457517499,0.8742989731437599,0.093065429173249,0.0,0.0,0.0,0.0,0.4999999994476873,0.0233609794628751,-13.94032056345445,0.7865398971594957,0.8938119908310875,11.80474199820864,0.0148521799642777,1,10,0,0.0,0.5,125.85812902788206
/Users/kevin.kunkel/Documents/Dev/Uni/ca-friend-foe-analysis/frames/heimkehr/frame_130301.png,30.786338204318064,38.90679849116225,1.2637683022441553,0.9150342285413376,0.0244635334386519,0.0,0.0,0.0,0.0,0.4999999991879514,0.0224196945760926,7.004143628225378,0.9056443277679688,0.905380360148272,7.887548133721687,0.0257655242038649,1,9,3,0.0637111637704054,0.5509478672985783,61.49724353440621
/Users/kevin.kunkel/Documents/Dev/Uni/ca-friend-foe-analysis/frames/heimkehr/frame_130491.png,32.96394813059505,39.23686564299594,1.1902963009321426,0.9008590047393364,0.021231569246972,0.0,0.0,0.0,0.0,0.4999999992415957,0.0299104791995787,18.3600645076356,0.8820955817819492,0.8888477939885802,11.013501260280558,0.0260592902532656,1,7,1,0.0170616113744075,0.6137440758293838,128.4277968327752
/Users/kevin.kunkel/Documents/Dev/Uni/ca-friend-foe-analysis/frames/heimkehr/frame_130580.png,26.176701553449185,32.78722906326247,1.252534772995063,0.9478804634017904,0.0164362822538178,0.0,0.0,0.0,0.0,0.4999999990449522,0.023716429699842,8.880065165876779,0.9246344567316132,0.918926808743508,8.980646269946776,0.0313239833615657,1,8,3,0.0240587151132174,0.3590047393364929,66.91212965938516
/Users/kevin.kunkel/Documents/Dev/Uni/ca-friend-foe-analysis/frames/heimkehr/frame_130744.png,35.610956424433915,44.03973658249864,1.236690639081302,0.8859695892575039,0.028890205371248,0.0,0.0,0.0,0.0,0.4999999992979689,0.0323821748288572,22.76367496050553,0.8674545684519199,0.8739351206517362,12.07413698531914,0.0232184852107401,1,10,1,0.0143364928909952,0.6161137440758294,150.1642375221605
/Users/kevin.kunkel/Documents/Dev/Uni/ca-friend-foe-analysis/frames/heimkehr/frame_130999.png,33.31394813059505,45.078012891075254,1.3531273020853245,0.9064869668246446,0.0375164560294892,0.0,0.0,0.0,0.0,0.4999999992495636,0.0348670352817272,20.377586887835704,0.894065813792605,0.893662608803395,12.525896440405852,0.0228668400895613,1,13,0,0.0,0.5,120.17600385131612
/Users/kevin.kunkel/Documents/Dev/Uni/ca-friend-foe-analysis/frames/heimkehr/frame_131139.png,32.872409820958396,42.28681379061213,1.286392263064699,0.9232885729331228,0.0364204844655081,0.0,0.0,0.0,0.0,0.4999999992394838,0.0209748551869404,21.301286861506057,0.8913849652551911,0.8907126815971255,8.850309371768365,0.0238928936641295,1,6,0,0.0,0.5,102.1793220976366
/Users/kevin.kunkel/Documents/Dev/Uni/ca-friend-foe-analysis/frames/heimkehr/frame_131492.png,57.24062335439705,69.42169898981888,1.2128047320296285,0.7666205897840969,0.1198426803580832,0.0,0.0,0.0,0.0,0.4999999995632472,0.0381022906793048,38.53295484465509,0.7662119639851728,0.7529821939307582,14.556239530264476,0.0144940894062669,3,9,2,0.0437631648235913,0.2867298578199052,143.0720272587584
/Users/kevin.kunkel/Documents/Dev/Uni/ca-friend-foe-analysis/frames/heimkehr/frame_131569.png,33.041939836756185,44.287324033396224,1.3403366787229871,0.9263362295945234,0.0330799104791995,0.0,0.0,0.0,0.0,0.4999999992433859,0.0212151132174828,13.948463006845714,0.9081809569536082,0.8740139030862477,10.118913839148131,0.0230995785852772,1,13,0,0.0,0.5,213.7728560079812
/Users/kevin.kunkel/Documents/Dev/Uni/ca-friend-foe-analysis/frames/heimkehr/frame_132425.png,68.44097880463401,76.14877464096868,1.112619601000663,0.7027185360716166,0.1482951553449183,0.0,0.0,0.0,0.0,0.4999999996347218,0.038760531858873,20.763391916798312,0.6605189779966752,0.6960552767710559,15.019333091920153,0.013189147892457,2,12,3,0.0976862822538178,0.3590047393364929,176.28420793182215
/Users/kevin.kunkel/Documents/Dev/Uni/ca-friend-foe-analysis/frames/heimkehr/frame_132553.png,37.899140995260666,48.85376819364774,1.289046843326931,0.8867101105845182,0.0453659820958399,0.0,0.0,0.0,0.0,0.4999999993403545,0.0245260663507109,37.28998486045286,0.8810924480376668,0.8820875538208964,10.4534804691905,0.0206637172812102,1,5,0,0.0,0.5,115.245289463082
/Users/kevin.kunkel/Documents/Dev/Uni/ca-friend-foe-analysis/frames/heimkehr/frame_134761.png,85.75846498156925,70.4098871781583,0.8210255058924839,0.6145306740389679,0.16713401790416,0.0,0.0,0.0,0.0,0.4999999997084836,0.0287157714586624,32.536650868878354,0.7676209356833834,0.7068100858036737,12.998715770494275,0.0141658358804644,3,11,1,0.3693555818852027,0.5343601895734598,104.65745424196972
/Users/kevin.kunkel/Documents/Dev/Uni/ca-friend-foe-analysis/frames/heimkehr/frame_134949.png,31.68591692996314,19.848290765761668,0.6264073325380654,0.9796208530805688,0.0,0.0,0.0,0.0,0.0,0.4999999992110059,0.005358083201685,7.475812927856769,0.9303053464671808,0.913361185969912,4.5838755994990485,0.0488226371762906,1,0,0,0.0,0.5,8.828252052325203
/Users/kevin.kunkel/Documents/Dev/Uni/ca-friend-foe-analysis/frames/heimkehr/frame_135073.png,69.18356700895208,58.29353546905367,0.8425922210291861,0.6624144286466561,0.0765600315955766,0.0,0.0,0.0,0.0,0.4999999996386425,0.0197176145339652,33.19698854660348,0.817527258928848,0.7468740771716796,9.585239389398836,0.0170858067995752,2,7,0,0.0,0.5,88.09463542908446
/Users/kevin.kunkel/Documents/Dev/Uni/ca-friend-foe-analysis/frames/heimkehr/frame_135151.png,83.69270997893628,60.05398764318398,0.717553387702979,0.5496182201158505,0.1036170352817272,0.0,0.0,0.0,0.0,0.4999999997012882,0.0585999210110584,12.340662848867822,0.8772414015632582,0.6456419013102872,13.942119117449648,0.016988299450334,13,14,0,0.0,0.5,448.2065787191234
/Users/kevin.kunkel/Documents/Dev/Uni/ca-friend-foe-analysis/frames/heimkehr/frame_135473.png,84.7567140600316,70.71888389560151,0.8343750061154465,0.5802922590837283,0.1382602685624012,0.0,0.0,0.0,0.0,0.4999999997050381,0.0284228541337546,24.350684570826743,0.8511331041105226,0.6210797220415285,10.90802047411783,0.0141944646695948,5,4,0,0.0,0.5,229.35278201718776
/Users/kevin.kunkel/Documents/Dev/Uni/ca-friend-foe-analysis/frames/heimkehr/frame_135533.png,56.38218799368089,41.90273099926645,0.7431909334494728,0.7166897051079516,0.0051441548183254,0.0,0.0,0.0,0.0,0.4999999995565976,0.0197702738283307,14.57151132174829,0.9007174054455905,0.7773863953164204,6.68584753960401,0.0237133156066781,6,3,0,0.0,0.5,75.68209402115153
/Users/kevin.kunkel/Documents/Dev/Uni/ca-friend-foe-analysis/frames/heimkehr/frame_135579.png,37.640583859926274,27.084231055751424,0.7195486415563164,0.927586887835703,0.0,0.0,0.0,0.0,0.0,0.4999999993358233,0.0081358609794628,10.365682596103213,0.9062315821536618,0.8918631839254922,5.507170515607917,0.0361259886512383,2,0,0,0.0,0.5,12.671736395075314
/Users/kevin.kunkel/Documents/Dev/Uni/ca-friend-foe-analysis/frames/heimkehr/frame_135632.png,69.14622827804108,45.21869234982173,0.6539574668136481,0.6497005002632965,0.0193095050026329,0.0,0.0,0.0,0.0,0.4999999996384474,0.025246840442338,15.747623749341756,0.8464323328067405,0.7935156274200044,10.575513074092196,0.0220919071973872,3,2,0,0.0,0.5,44.16279324211572
/Users/kevin.kunkel/Documents/Dev/Uni/ca-friend-foe-analysis/frames/heimkehr/frame_135724.png,20.93417259083728,4.430217960873887,0.2116261304566842,1.0,0.0,0.0,0.0,0.0,0.0,0.4999999988057803,0.0,3.006124934175883,0.9922566314572168,0.9903524300715548,1.147085953478682,0.1897414605401534,1,0,0,0.0,0.5,2.6795358443051045
/Users/kevin.kunkel/Documents/Dev/Uni/ca-friend-foe-analysis/frames/heimkehr/frame_135765.png,20.9900967614534,4.629605999999256,0.2205614405001222,1.0,0.0,0.0,0.0,0.0,0.0,0.4999999988089621,0.0,3.1565462085308056,0.9918378868134932,0.9887374934175882,1.6253555650945133,0.1867128544867241,1,0,0,0.0,0.5,4.057508786848107
