frame_path,mean_brightness,brightness_std,contrast,low_key_ratio,high_key_ratio,saturation_mean,saturation_std,hue_mean,hue_std,color_temperature,edge_density,center_brightness,vertical_symmetry,horizontal_symmetry,texture_contrast,texture_homogeneity,dark_regions_count,bright_regions_count,face_count,face_area_ratio,largest_face_y_position,dof_variance
/Users/kevin.kunkel/Documents/Dev/Uni/ca-friend-foe-analysis/frames/jud_suess/frame_000219.png,47.0754865807551,43.047705327906726,0.9144399423809894,0.847033255231908,0.0260230842962884,0.0,0.0,0.0,0.0,0.4999999994689381,0.0416955109430747,-3.35738391288141,0.8889181856245347,0.808751875530552,12.332407926588589,0.0237072370163969,10,15,0,0.0,0.5,163.59968065766878
/Users/kevin.kunkel/Documents/Dev/Uni/ca-friend-foe-analysis/frames/jud_suess/frame_003257.png,68.12989576122264,62.064527622602355,0.910973469694198,0.6929748655412962,0.0955355716491826,0.0,0.0,0.0,0.0,0.4999999996330539,0.0590253740880771,14.776781910644871,0.7689617574491323,0.7409690789356906,18.1061764343697,0.0163768412333713,4,23,6,0.1340959316257521,0.3661137440758293,246.46334112807176
/Users/kevin.kunkel/Documents/Dev/Uni/ca-friend-foe-analysis/frames/jud_suess/frame_003487.png,29.053131157143618,35.08504459214952,1.207616634558892,0.926363890516002,0.0141447893924064,0.0,0.0,0.0,0.0,0.4999999991395075,0.0511542148144203,13.079530326428454,0.9177811781829724,0.9135655284532472,14.282311298205046,0.0311092462415621,1,4,0,0.0,0.5,188.4577871814257
/Users/kevin.kunkel/Documents/Dev/Uni/ca-friend-foe-analysis/frames/jud_suess/frame_003659.png,52.98176154214814,55.617590600186794,1.0497497417288932,0.7758500186378401,0.0624900154427818,0.0,0.0,0.0,0.0,0.4999999995281395,0.0632554981628414,29.127509452047494,0.8104726389197779,0.8083740285613153,19.436806481835948,0.0185304814748647,1,22,7,0.0727607966345385,0.4206161137440758,197.8892332239336
/Users/kevin.kunkel/Documents/Dev/Uni/ca-friend-foe-analysis/frames/jud_suess/frame_003855.png,52.29853160445178,56.2499860752284,1.075555742044671,0.7922912561904255,0.0649528728899302,0.0,0.0,0.0,0.0,0.4999999995219751,0.0439986154747324,22.49737073326588,0.7794321253715821,0.834195529215467,15.12724749288783,0.0180192998205188,1,9,4,0.08027916821982,0.3767772511848341,205.56534621623229
/Users/kevin.kunkel/Documents/Dev/Uni/ca-friend-foe-analysis/frames/jud_suess/frame_003998.png,71.3479285371958,62.105100900003976,0.8704541545390674,0.6731089248628788,0.10258466904521,0.0,0.0,0.0,0.0,0.4999999996496044,0.0523922999094733,21.68451461739177,0.7780855544731339,0.760493521653829,16.635414379353616,0.0162469415830978,5,26,2,0.0703045955588689,0.3791469194312796,257.57136180858595
/Users/kevin.kunkel/Documents/Dev/Uni/ca-friend-foe-analysis/frames/jud_suess/frame_004114.png,52.715163879865806,57.88199124402216,1.098014060358985,0.7864436338463177,0.0715593215826188,0.0,0.0,0.0,0.0,0.4999999995257532,0.0429735342670003,19.574734410778,0.7676757986862672,0.8294989762239632,15.406132597571006,0.017475638864255,1,10,5,0.1772225624367644,0.2274881516587677,169.08948596437352
/Users/kevin.kunkel/Documents/Dev/Uni/ca-friend-foe-analysis/frames/jud_suess/frame_004186.png,73.54080355716492,70.73093792957188,0.9617917456995416,0.6717210714095532,0.1403728899302412,0.0,0.0,0.0,0.0,0.4999999996600527,0.0719220938282123,41.83775760157623,0.7753754976616558,0.7180666451574507,21.6266683752518,0.0145693774574715,9,20,4,0.0823925661643324,0.3376777251184834,750.7055814265575
/Users/kevin.kunkel/Documents/Dev/Uni/ca-friend-foe-analysis/frames/jud_suess/frame_004233.png,69.90443114649342,68.76274496499383,0.983667898284247,0.6910378614409713,0.127579343948027,0.0,0.0,0.0,0.0,0.4999999996423689,0.0696256456680334,40.18769303477289,0.7824115955557365,0.7269339500004699,20.733224258798582,0.0149704497131481,9,26,5,0.4909107247457266,0.5260663507109005,682.3992032909135
/Users/kevin.kunkel/Documents/Dev/Uni/ca-friend-foe-analysis/frames/jud_suess/frame_004482.png,54.25257934394803,57.604005178042506,1.0617744956727275,0.7795642739229991,0.0709735608924862,0.0,0.0,0.0,0.0,0.4999999995391924,0.0457126311305181,19.447883939506895,0.764820084804783,0.8200226003389268,15.929036160401887,0.0175837706390165,1,8,6,0.1829470419085148,0.2180094786729857,217.4583581991514
/Users/kevin.kunkel/Documents/Dev/Uni/ca-friend-foe-analysis/frames/jud_suess/frame_004655.png,69.3547047233612,60.77056645938685,0.8762284637237344,0.6829769955801693,0.0938348687363544,0.0,0.0,0.0,0.0,0.4999999996395342,0.0542760530379679,20.859324245167485,0.7816781156256102,0.7672154127106937,16.93908132827171,0.0166809396695366,6,23,5,0.1490295010383939,0.3744075829383886,370.4444594084115
/Users/kevin.kunkel/Documents/Dev/Uni/ca-friend-foe-analysis/frames/jud_suess/frame_004867.png,44.653562490015446,51.686239618455986,1.1574941980108222,0.82957026465733,0.0498495660045795,0.0,0.0,0.0,0.0,0.4999999994401343,0.0330156025347462,19.36723201448426,0.8162128848557368,0.8460349430788877,12.961563174764532,0.0195115441610846,1,7,6,0.1356501943660471,0.509478672985782,130.67324049249544
/Users/kevin.kunkel/Documents/Dev/Uni/ca-friend-foe-analysis/frames/jud_suess/frame_004908.png,45.78716917833751,53.00898295068262,1.1577257075763765,0.8276565578571808,0.0552645242025666,0.0,0.0,0.0,0.0,0.4999999994539955,0.0360409233718515,19.040830182650836,0.8087032448636305,0.8411330867082442,13.442043535537469,0.0190683759389256,1,8,4,0.0771639863677512,0.2772511848341232,169.3667763059275
/Users/kevin.kunkel/Documents/Dev/Uni/ca-friend-foe-analysis/frames/jud_suess/frame_004951.png,67.45279634165824,59.42908865805209,0.8810470698491193,0.698686032270089,0.0888126364556153,0.0,0.0,0.0,0.0,0.4999999996293705,0.0514304542307897,21.69284506629745,0.7813148865702093,0.7728680294738908,16.5208734847052,0.0170004939348227,4,19,4,0.1336632674796315,0.4016587677725118,220.51210569934915
/Users/kevin.kunkel/Documents/Dev/Uni/ca-friend-foe-analysis/frames/jud_suess/frame_005573.png,94.63432224825604,65.75697692164042,0.6948533607040958,0.5019203631716279,0.1629346610575643,0.0,0.0,0.0,0.0,0.4999999997358252,0.0772039245966238,21.459266334735617,0.742020890043008,0.7171389558006492,24.18013631716566,0.015431626171194,4,25,2,0.0213303424037488,0.4407582938388625,177.1720166273699
/Users/kevin.kunkel/Documents/Dev/Uni/ca-friend-foe-analysis/frames/jud_suess/frame_005672.png,71.9550162415464,68.06198500179119,0.9458963177594696,0.6525107833217956,0.1239782469780073,0.0,0.0,0.0,0.0,0.4999999996525607,0.053457319346078,5.71358964801108,0.7483679621270736,0.7489477190311664,22.667152738857418,0.0148062341574074,3,24,6,0.0653988497790084,0.4597156398104265,60.74305274341861
/Users/kevin.kunkel/Documents/Dev/Uni/ca-friend-foe-analysis/frames/jud_suess/frame_005790.png,56.10674157303371,59.00873879018811,1.0517227882179652,0.7302072794078492,0.072414665317642,0.0,0.0,0.0,0.0,0.4999999995544207,0.0443281058629319,37.22834016720805,0.769578450689078,0.808945119130777,17.282782566300835,0.0170524549141056,4,19,5,0.0475597742158794,0.1007109004739336,92.9109688454972
/Users/kevin.kunkel/Documents/Dev/Uni/ca-friend-foe-analysis/frames/jud_suess/frame_005840.png,47.51053370786517,60.53672774969296,1.2741748597165068,0.7997663613610948,0.0678384099259811,0.0,0.0,0.0,0.0,0.4999999994738009,0.0613784014058256,24.09643418179882,0.8007350983420154,0.7911805166179577,19.93889612751173,0.0168413034942185,1,14,2,0.015575909260344,0.0971563981042654,273.07048790325194
/Users/kevin.kunkel/Documents/Dev/Uni/ca-friend-foe-analysis/frames/jud_suess/frame_005906.png,60.60201887746951,67.91810111818845,1.1207234059881552,0.7182457798604824,0.1082891794025241,0.0,0.0,0.0,0.0,0.4999999995874725,0.1171521380265189,42.368346956706965,0.7660572823836388,0.7999758543387534,29.135051451564863,0.0157566389383646,3,32,0,0.0,0.5,660.7918837520588
/Users/kevin.kunkel/Documents/Dev/Uni/ca-friend-foe-analysis/frames/jud_suess/frame_007956.png,37.64135137653762,39.940250329584494,1.061073759651797,0.8747370733265882,0.0233871611906917,0.0,0.0,0.0,0.0,0.4999999993358368,0.0191304116300122,20.969157702753073,0.884420201330439,0.8736324419538304,8.684245367143085,0.0248672301622941,4,5,0,0.0,0.5,22.544473346700677
/Users/kevin.kunkel/Documents/Dev/Uni/ca-friend-foe-analysis/frames/jud_suess/frame_008077.png,72.31830102774376,55.24594866108409,0.7639276338018106,0.6092676660099047,0.0526086319825336,0.0,0.0,0.0,0.0,0.4999999996543061,0.0361440971297726,3.2428177751744016,0.7772822479010242,0.7828673351229837,12.468292860442832,0.0181189351555968,5,15,2,0.0260829916395974,0.2843601895734597,92.63666334022776
/Users/kevin.kunkel/Documents/Dev/Uni/ca-friend-foe-analysis/frames/jud_suess/frame_008669.png,39.30266853932584,40.07081336424062,1.0195443401557265,0.8863790670429735,0.0224186591405293,0.0,0.0,0.0,0.0,0.4999999993639109,0.0348960274775014,8.966501810533039,0.8517028042379421,0.8536401998895303,12.34372741942407,0.0258262853224036,1,8,2,0.0362173172160391,0.2713270142180095,285.45606068452855
/Users/kevin.kunkel/Documents/Dev/Uni/ca-friend-foe-analysis/frames/jud_suess/frame_009679.png,51.25212671068747,57.82223938550767,1.1281919987259954,0.7885437190478726,0.0706274295755897,0.0,0.0,0.0,0.0,0.4999999995122154,0.0438488471164598,-0.7613391288141003,0.8483424590881137,0.7569226524413483,13.559934066356853,0.0173642929701428,6,9,1,0.0093488737419457,0.2855450236966824,111.45921226893144
/Users/kevin.kunkel/Documents/Dev/Uni/ca-friend-foe-analysis/frames/jud_suess/frame_009764.png,50.80644270195431,50.96948577444632,1.0032091003325614,0.7743057404547633,0.0383007614888971,0.0,0.0,0.0,0.0,0.4999999995079364,0.042108205974759,9.171937403482616,0.8231999083247975,0.7927783068070404,11.84278887933538,0.0196995554953986,6,7,3,0.047223627456201,0.4028436018957346,126.54943857353258
/Users/kevin.kunkel/Documents/Dev/Uni/ca-friend-foe-analysis/frames/jud_suess/frame_010026.png,39.310060439853025,41.21639136572228,1.0484947313662003,0.8841924490121945,0.0255172000639011,0.0,0.0,0.0,0.0,0.4999999993640305,0.0156258320464348,17.81987193141275,0.8723950616510516,0.8838675136703598,7.188218659391432,0.024037318798001,1,9,3,0.1015030086799084,0.3921800947867299,60.61950808563409
/Users/kevin.kunkel/Documents/Dev/Uni/ca-friend-foe-analysis/frames/jud_suess/frame_010103.png,48.47665277703818,47.85251883053879,0.9871250589828774,0.7955828318866819,0.0117884338889184,0.0,0.0,0.0,0.0,0.4999999994842878,0.0283062197135097,13.222186351775918,0.8518462164140378,0.8040326386691852,9.078530093841009,0.0207936115591381,1,4,1,0.0479258746472123,0.4099526066350711,90.54434189552131
/Users/kevin.kunkel/Documents/Dev/Uni/ca-friend-foe-analysis/frames/jud_suess/frame_010176.png,31.660644869268864,37.86997717075917,1.1961214690198931,0.8972888598966932,0.0155792374460833,0.0,0.0,0.0,0.0,0.4999999992103761,0.016600990468076,12.426526971617228,0.9104226247717256,0.8994478083048545,6.32116206673147,0.0261718608058895,3,4,3,0.0810413227541402,0.3613744075829384,61.37661959953757
/Users/kevin.kunkel/Documents/Dev/Uni/ca-friend-foe-analysis/frames/jud_suess/frame_010260.png,46.59359856754886,46.57039344941967,0.9995019655319014,0.8048485009851429,0.0088795995526918,0.0,0.0,0.0,0.0,0.4999999994634456,0.0335115022099153,13.850288220885028,0.8587021746235104,0.8086964840784815,9.049797056639276,0.0214104592670613,1,3,1,0.0495367165450769,0.4099526066350711,134.79487695922606
/Users/kevin.kunkel/Documents/Dev/Uni/ca-friend-foe-analysis/frames/jud_suess/frame_010438.png,41.322581074604614,47.7169737132969,1.1547432991098352,0.8262154534320252,0.0306292933596038,0.0,0.0,0.0,0.0,0.4999999993950039,0.0188874540710367,18.74970711965493,0.8112684799144643,0.8324759926868666,7.829252590746749,0.0207655766205817,1,12,1,0.0690132594919857,0.3507109004739336,45.19247656308889
/Users/kevin.kunkel/Documents/Dev/Uni/ca-friend-foe-analysis/frames/jud_suess/frame_011006.png,58.67527224559348,54.695006151138315,0.9321645041370809,0.7461359763565685,0.0571516055168006,0.0,0.0,0.0,0.0,0.4999999995739261,0.1024349006869375,21.993932717397097,0.8431529952627518,0.7904669013885974,23.754265250665547,0.0197370423165978,3,17,0,0.0,0.5,474.6755444755102
/Users/kevin.kunkel/Documents/Dev/Uni/ca-friend-foe-analysis/frames/jud_suess/frame_011226.png,81.99729751317962,63.23223138046969,0.7711501869094065,0.5590752968741679,0.1207965014111507,0.0,0.0,0.0,0.0,0.4999999996951119,0.0584129879120293,20.013459183130095,0.7610880008854279,0.7590075585055898,17.234460358794703,0.0159553235809842,8,19,3,0.0755132062410139,0.514218009478673,186.4871707027094
/Users/kevin.kunkel/Documents/Dev/Uni/ca-friend-foe-analysis/frames/jud_suess/frame_011315.png,119.6597861973481,80.45835752568831,0.6723926225787639,0.3980044198306619,0.3970758560093722,0.0,0.0,0.0,0.0,0.4999999997910743,0.1539585441184301,9.465566590340272,0.8525799573783398,0.4764130040961483,28.82684752366238,0.0129929561957206,1,10,0,0.0,0.5,862.4681318411134
/Users/kevin.kunkel/Documents/Dev/Uni/ca-friend-foe-analysis/frames/jud_suess/frame_011409.png,63.27176633473561,67.16624582144655,1.06155161466415,0.687799536716545,0.1212324937430108,0.0,0.0,0.0,0.0,0.499999999604879,0.0967104212151871,9.653043293040092,0.735409494752691,0.7167175683309162,25.586096134932635,0.0156888205043342,9,21,0,0.0,0.5,736.4795140909979
/Users/kevin.kunkel/Documents/Dev/Uni/ca-friend-foe-analysis/frames/jud_suess/frame_011573.png,95.17853719580384,68.49178176822598,0.7196137250498134,0.4638026518983971,0.1860222855317109,0.0,0.0,0.0,0.0,0.4999999997373358,0.1429256083923531,7.252702486820382,0.8180694121197123,0.6229692324237859,30.485670983741795,0.0154743028223675,15,25,0,0.0,0.5,363.09143270185336
/Users/kevin.kunkel/Documents/Dev/Uni/ca-friend-foe-analysis/frames/jud_suess/frame_012550.png,44.97232613557697,47.86771539905388,1.0643815743110572,0.8498588849246499,0.0478160445178124,0.0,0.0,0.0,0.0,0.4999999994441026,0.0421647851323286,5.83052545396454,0.8732255418808452,0.8360356374297948,13.426591078647483,0.0213463705074737,7,6,0,0.0,0.5,184.4840383789645
/Users/kevin.kunkel/Documents/Dev/Uni/ca-friend-foe-analysis/frames/jud_suess/frame_013064.png,89.94686884285638,66.53128498936431,0.7396731622935304,0.5571982001171522,0.1448393151925022,0.0,0.0,0.0,0.0,0.4999999997220581,0.039452313754726,7.584802172639655,0.7504097714489172,0.7257171391907314,16.0067241078483,0.0150373379581255,11,10,0,0.0,0.5,54.791890132431554
/Users/kevin.kunkel/Documents/Dev/Uni/ca-friend-foe-analysis/frames/jud_suess/frame_013330.png,69.99365980616646,66.28670998942106,0.9470387757731924,0.7151805207945044,0.1464301879759305,0.0,0.0,0.0,0.0,0.4999999996428248,0.0477461526172852,-5.366656238351354,0.7078250997933653,0.7788338611444365,18.325270788206527,0.0153362466270898,8,17,2,0.0351223441077799,0.4845971563981042,257.6697780588885
/Users/kevin.kunkel/Documents/Dev/Uni/ca-friend-foe-analysis/frames/jud_suess/frame_013406.png,65.19887906704297,55.14256045520374,0.845759331443806,0.6712118589914265,0.0558269875925235,0.0,0.0,0.0,0.0,0.4999999996165578,0.0127203258959476,3.786410351988934,0.785563661536823,0.7700550990937938,10.255822359020112,0.0179698933638448,8,11,3,0.0609823473028382,0.5509478672985783,30.37780460594682
/Users/kevin.kunkel/Documents/Dev/Uni/ca-friend-foe-analysis/frames/jud_suess/frame_013572.png,57.62163520421747,60.18126072557974,1.0444212561453443,0.7556046647851323,0.0894483199318387,0.0,0.0,0.0,0.0,0.4999999995661352,0.0501624154640822,-8.96308043559295,0.7526180944714006,0.8301487424939623,15.63588539588489,0.0168945835807186,11,14,1,0.0381043985302731,0.5059241706161137,203.0261711053637
/Users/kevin.kunkel/Documents/Dev/Uni/ca-friend-foe-analysis/frames/jud_suess/frame_013780.png,67.97511848341232,57.99897628653025,0.8532383244813273,0.660711432983652,0.0705309121891474,0.0,0.0,0.0,0.0,0.4999999996322184,0.0170003727568028,-1.8300228979178856,0.7926082952484471,0.739959529261409,11.360839965043365,0.0171368517591166,5,7,2,0.0740521327014218,0.1765402843601895,54.80592077739894
/Users/kevin.kunkel/Documents/Dev/Uni/ca-friend-foe-analysis/frames/jud_suess/frame_014515.png,42.957958357740026,41.306988226922535,0.9615677678807376,0.8494461898929655,0.0213769370041003,0.0,0.0,0.0,0.0,0.4999999994180357,0.0428404068374247,1.4458304489056957,0.8716085656798531,0.8721361157488183,12.660182812305612,0.0250437349325787,3,8,0,0.0,0.5,195.74656715845856
/Users/kevin.kunkel/Documents/Dev/Uni/ca-friend-foe-analysis/frames/jud_suess/frame_014710.png,48.486607380584694,55.981836217665446,1.1545834845236809,0.8394150380744448,0.0725078545183449,0.0,0.0,0.0,0.0,0.4999999994843937,0.0194665583896906,27.4010064433676,0.8598816575461325,0.8660602320698235,8.003728492980748,0.0177603784369054,5,3,1,0.1853666329410511,0.490521327014218,198.89812723170851
/Users/kevin.kunkel/Documents/Dev/Uni/ca-friend-foe-analysis/frames/jud_suess/frame_016176.png,45.53098208104798,44.18523984141462,0.9704433711910234,0.8646127323073646,0.0382208850311518,0.0,0.0,0.0,0.0,0.4999999994509234,0.0424343681772192,0.1815691730124058,0.8619026624441779,0.877791864922123,12.6321184230719,0.0234217354338316,2,6,1,0.0359976569572394,0.2677725118483412,255.31305060987265
/Users/kevin.kunkel/Documents/Dev/Uni/ca-friend-foe-analysis/frames/jud_suess/frame_016459.png,50.30985409233718,50.79957983525376,1.0097341892712377,0.8875173065658448,0.0636315831513925,0.0,0.0,0.0,0.0,0.4999999995030795,0.0171468129293359,10.968994621651843,0.8527375176067551,0.8628368776553701,7.805536282388576,0.0195723131395779,1,3,1,0.1453784812822834,0.4087677725118483,74.71102580953124
/Users/kevin.kunkel/Documents/Dev/Uni/ca-friend-foe-analysis/frames/jud_suess/frame_016600.png,41.598078305554075,43.28177249301873,1.0404752852054784,0.8910019170349859,0.0396786303850045,0.0,0.0,0.0,0.0,0.4999999993990107,0.015362905373023,27.349189919591034,0.9279780867030236,0.9162913256255162,6.136752075418028,0.0230108976178093,3,5,1,0.1304781937270355,0.5,193.05489534028044
/Users/kevin.kunkel/Documents/Dev/Uni/ca-friend-foe-analysis/frames/jud_suess/frame_016678.png,52.633600031950586,54.57760356761517,1.036934646894589,0.8724239842377124,0.0722981788167634,0.0,0.0,0.0,0.0,0.4999999995250183,0.017822434634432,5.949125352787689,0.8312588425326998,0.8399088886313352,8.125630932267132,0.0182428688805101,1,4,1,0.1412348900367431,0.3815165876777251,88.34584726662304
/Users/kevin.kunkel/Documents/Dev/Uni/ca-friend-foe-analysis/frames/jud_suess/frame_016842.png,41.69120759891368,43.862630080167776,1.0520834607847227,0.8917307897119122,0.0484883380371691,0.0,0.0,0.0,0.0,0.4999999994003532,0.0139783801054369,29.614772485222858,0.9204682378835768,0.9170367348174692,5.7325063151103945,0.0226801150556388,3,6,1,0.1385057777304436,0.5284360189573459,239.24046669395108
/Users/kevin.kunkel/Documents/Dev/Uni/ca-friend-foe-analysis/frames/jud_suess/frame_017335.png,44.04073699345013,45.51215420491204,1.0334103652338902,0.9062450077213908,0.0500426007774641,0.0,0.0,0.0,0.0,0.4999999994323438,0.0149768358272538,14.970938282123647,0.9046549180404896,0.8893957998557003,6.802946599826201,0.021824788379824,1,3,1,0.1481741573033707,0.4182464454976303,88.0897720560232
/Users/kevin.kunkel/Documents/Dev/Uni/ca-friend-foe-analysis/frames/jud_suess/frame_017954.png,42.52525427339049,40.17338125798992,0.9446946726114772,0.9051766600990468,0.0419917194738804,0.0,0.0,0.0,0.0,0.4999999994121141,0.0115754300015975,0.6120001065019451,0.8704429958787925,0.8650261712864495,5.597475540279217,0.0246564793074563,1,4,1,0.0536803077906171,0.3021327014218009,51.7628541158312
/Users/kevin.kunkel/Documents/Dev/Uni/ca-friend-foe-analysis/frames/jud_suess/frame_019471.png,63.87391501144896,53.61092185488405,0.8393241867410545,0.6742737898716652,0.0351789232653495,0.0,0.0,0.0,0.0,0.4999999996086039,0.0128534533255231,1.1210660844560465,0.8572320040428973,0.773233033561686,7.946666771127662,0.0184681768066508,3,6,1,0.1745333883593375,0.5343601895734598,90.23816795561474
/Users/kevin.kunkel/Documents/Dev/Uni/ca-friend-foe-analysis/frames/jud_suess/frame_019824.png,54.19130411630013,41.78635987571955,0.771089762094168,0.7460727408275201,0.002306432717397,0.0,0.0,0.0,0.0,0.4999999995386714,0.0178191064486926,1.6688987699025477,0.8787399149446242,0.8334424978255853,9.232392464662492,0.0236942622727152,1,1,1,0.0447840673092284,0.2914691943127962,28.59540738232246
/Users/kevin.kunkel/Documents/Dev/Uni/ca-friend-foe-analysis/frames/jud_suess/frame_020173.png,62.85903136482241,54.23853271676819,0.8628598222535694,0.672453272272219,0.0462318281058629,0.0,0.0,0.0,0.0,0.4999999996022847,0.0345199424889504,-18.692196070078275,0.8045737886187011,0.7806878563769083,10.63701305414171,0.0184330206596619,3,6,1,0.0326195484317588,0.3092417061611374,125.64569218663355
/Users/kevin.kunkel/Documents/Dev/Uni/ca-friend-foe-analysis/frames/jud_suess/frame_020606.png,46.57575949198573,37.80998155441217,0.81179527474455,0.8586685925768145,0.0126937004100324,0.0,0.0,0.0,0.0,0.4999999994632401,0.050741519782736,-1.564403722242929,0.860554212099665,0.8766750563050717,11.278096400774368,0.0267807531359751,3,1,0,0.0,0.5,83.06044303105173
/Users/kevin.kunkel/Documents/Dev/Uni/ca-friend-foe-analysis/frames/jud_suess/frame_020681.png,45.48566883220619,40.796386691815954,0.8969063806145328,0.8412854784599819,0.0244188987699025,0.0,0.0,0.0,0.0,0.4999999994503764,0.047223627456201,1.898709995207412,0.8475499332274579,0.8384547194456887,11.856437352067571,0.0249346492059617,1,6,1,0.0144975770807817,0.2298578199052132,221.64654871832292
/Users/kevin.kunkel/Documents/Dev/Uni/ca-friend-foe-analysis/frames/jud_suess/frame_020910.png,51.82981655040204,44.70996215562716,0.8626301431317208,0.8179748655412962,0.0365900740188508,0.0,0.0,0.0,0.0,0.4999999995176521,0.0485482453804781,15.808476223441076,0.8397384855214785,0.8595639267475454,14.681211245836373,0.0228097183414912,1,10,0,0.0,0.5,98.2437064693324
/Users/kevin.kunkel/Documents/Dev/Uni/ca-friend-foe-analysis/frames/jud_suess/frame_021733.png,48.480703179083015,53.49242644531594,1.103375628389352,0.8265349592630066,0.074421561318494,0.0,0.0,0.0,0.0,0.4999999994843309,0.0423611480909526,7.524954736673948,0.832526894351116,0.8274269652479982,13.048938659514109,0.0189624965975541,1,18,2,0.072474572660951,0.490521327014218,211.3735564241076
/Users/kevin.kunkel/Documents/Dev/Uni/ca-friend-foe-analysis/frames/jud_suess/frame_022294.png,61.69951142233346,51.62751844322805,0.8367573286952258,0.7528589115501358,0.0582166249534054,0.0,0.0,0.0,0.0,0.4999999995948104,0.0767379785931093,19.8198852441557,0.8478640617544211,0.85391707883963,20.43689965954993,0.0206138678051262,1,14,0,0.0,0.5,367.92620061815103
/Users/kevin.kunkel/Documents/Dev/Uni/ca-friend-foe-analysis/frames/jud_suess/frame_023020.png,62.44642619415304,51.592368337318526,0.8261860830000644,0.7487818840193834,0.0626564247297513,0.0,0.0,0.0,0.0,0.4999999995996568,0.0334815485382608,-4.764800441983063,0.8103070127353353,0.7980234753254836,14.298274481080616,0.0196836521896759,2,11,1,0.023483678577134,0.3175355450236967,170.82009422716055
/Users/kevin.kunkel/Documents/Dev/Uni/ca-friend-foe-analysis/frames/jud_suess/frame_023147.png,56.566387320943605,50.22018003830598,0.8878095690394407,0.759145854411843,0.0435692795143511,0.0,0.0,0.0,0.0,0.4999999995580415,0.0187476702699824,11.921378268278405,0.8375867547082734,0.824477409580372,11.95546003620926,0.019861786291906,3,5,1,0.0699751051706693,0.3305687203791469,85.3898284957097
/Users/kevin.kunkel/Documents/Dev/Uni/ca-friend-foe-analysis/frames/jud_suess/frame_023677.png,50.496771659832795,47.14604504696067,0.9336447341860094,0.8358538793332978,0.0504552958091485,0.0,0.0,0.0,0.0,0.4999999995049188,0.0211805740454763,15.05617311890942,0.872624615105108,0.8783243485370078,10.898553397143129,0.0213305885592603,3,9,1,0.0973194792054955,0.2334123222748815,146.4127904360874
/Users/kevin.kunkel/Documents/Dev/Uni/ca-friend-foe-analysis/frames/jud_suess/frame_023745.png,63.21191224239843,54.50014623001675,0.8621815763903351,0.7408341764737206,0.0697820703977847,0.0,0.0,0.0,0.0,0.499999999604505,0.0368297033920869,19.5138319399329,0.809253348285371,0.8110063493952882,14.668527126793192,0.0185981997818481,4,11,2,0.1036696575962511,0.3791469194312796,219.9156881086285
/Users/kevin.kunkel/Documents/Dev/Uni/ca-friend-foe-analysis/frames/jud_suess/frame_023987.png,83.05697521167261,69.16840711956067,0.832782639387061,0.6517319878587784,0.1656837424783002,0.0,0.0,0.0,0.0,0.4999999996990018,0.0630025560466478,-4.558932184887368,0.7649415701101251,0.7259162299564909,20.272027530485264,0.0147426707805795,5,20,0,0.0,0.5,230.39321152721237
/Users/kevin.kunkel/Documents/Dev/Uni/ca-friend-foe-analysis/frames/jud_suess/frame_024053.png,65.82077386974812,60.59361565571739,0.9205849764630056,0.7065272378720912,0.107913094413973,0.0,0.0,0.0,0.0,0.4999999996201807,0.0337544597688907,23.66273164172746,0.7783153428579483,0.7384721304252038,14.489460646615065,0.016626705069276,8,12,1,0.0511741839288567,0.3933649289099526,139.95346983367523
/Users/kevin.kunkel/Documents/Dev/Uni/ca-friend-foe-analysis/frames/jud_suess/frame_024141.png,70.80902537408808,75.96104912187026,1.0727594203321935,0.7103047286862986,0.1652344374034826,0.0,0.0,0.0,0.0,0.4999999996469377,0.1084189786463603,-11.226166861920234,0.7317568174295652,0.7040502323726232,24.656230355989155,0.0136658934363495,8,20,1,0.0132095691996378,0.6718009478672986,402.8633264699734
/Users/kevin.kunkel/Documents/Dev/Uni/ca-friend-foe-analysis/frames/jud_suess/frame_024520.png,100.86894603014004,77.33480520083954,0.7666859639939432,0.4938395281963896,0.2689140795569519,0.0,0.0,0.0,0.0,0.4999999997521536,0.1150254273390489,-8.964118829543636,0.7158515874532356,0.6968694954418212,25.807891959730412,0.0132691159499924,18,18,1,0.0123841791362692,0.7855450236966824,153.64522835228087
/Users/kevin.kunkel/Documents/Dev/Uni/ca-friend-foe-analysis/frames/jud_suess/frame_024710.png,113.13748069652272,83.90635269697518,0.7416317926318371,0.4492784493317003,0.3319599020182118,0.0,0.0,0.0,0.0,0.4999999997790299,0.0163780020235369,20.11434314926248,0.708092163858461,0.6114767851866239,11.978322668454105,0.0118362523014012,6,5,1,0.0884265669098461,0.4087677725118483,32.5480041914299
/Users/kevin.kunkel/Documents/Dev/Uni/ca-friend-foe-analysis/frames/jud_suess/frame_025044.png,91.99056126524307,79.3170543389245,0.8622303545251869,0.5414259278981841,0.2443454124287768,0.0,0.0,0.0,0.0,0.499999999728233,0.0335081740241759,7.802265828851375,0.7179675043775431,0.582008428271463,16.482069712161508,0.0125833296428816,10,16,1,0.0479258746472123,0.438388625592417,28.061211179632775
/Users/kevin.kunkel/Documents/Dev/Uni/ca-friend-foe-analysis/frames/jud_suess/frame_025356.png,122.67531218382236,83.13369183945355,0.6776725511577663,0.3928157782629533,0.37543599233186,0.0,0.0,0.0,0.0,0.49999999979621,0.0179622184354864,17.855213935779332,0.6392345590454085,0.6661095936324368,13.135937076450332,0.0119581827252263,9,6,2,0.1427292454337291,0.476303317535545,35.04334880205462
/Users/kevin.kunkel/Documents/Dev/Uni/ca-friend-foe-analysis/frames/jud_suess/frame_025480.png,119.99901485702114,94.62389123649072,0.7885388998433133,0.4570231375472602,0.394273523616806,0.0,0.0,0.0,0.0,0.499999999791665,0.0204217476968954,-25.430880238564356,0.6263019079509966,0.5172263239392354,12.944692223714204,0.0105079612323156,12,8,1,0.118886122796741,0.5414691943127962,36.59717666257261
/Users/kevin.kunkel/Documents/Dev/Uni/ca-friend-foe-analysis/frames/jud_suess/frame_025552.png,103.38489136801746,70.88995720443057,0.6856897192406559,0.435732733372384,0.2340546621225837,0.0,0.0,0.0,0.0,0.4999999997581852,0.0181153149794983,4.250632355290492,0.7739195012367799,0.6489285069158395,12.862678156208885,0.0140055278942436,5,10,1,0.0939347143085361,0.4502369668246445,29.202109140648087
/Users/kevin.kunkel/Documents/Dev/Uni/ca-friend-foe-analysis/frames/jud_suess/frame_025610.png,111.88507774641889,87.08737917644741,0.7783645581047861,0.4454343948027051,0.3489702593322328,0.0,0.0,0.0,0.0,0.4999999997765564,0.0195497630331753,-23.845219394003948,0.6930961159158802,0.5414974382106003,12.466757735774078,0.0114173567537281,3,7,1,0.1252595984876724,0.5023696682464455,45.16464561492018
/Users/kevin.kunkel/Documents/Dev/Uni/ca-friend-foe-analysis/frames/jud_suess/frame_025715.png,115.840263725438,80.87094018449248,0.6981246201783391,0.3968195857074391,0.3076341924490122,0.0,0.0,0.0,0.0,0.4999999997841856,0.0184148516960434,20.217753208371036,0.6915495145286401,0.5728702743678014,12.791274158093549,0.0122876387796311,10,8,1,0.0895148836466265,0.4028436018957346,29.746695962323937
/Users/kevin.kunkel/Documents/Dev/Uni/ca-friend-foe-analysis/frames/jud_suess/frame_026057.png,111.23263352681188,86.39036266876369,0.7766638247423451,0.4755245220725278,0.3561358432291389,0.0,0.0,0.0,0.0,0.4999999997752458,0.0290783588050481,28.54625512540605,0.769231275235479,0.5131804508373454,14.713430568534354,0.0115234232592975,10,8,2,0.0793239789126151,0.4514218009478673,13.4424112807834
/Users/kevin.kunkel/Documents/Dev/Uni/ca-friend-foe-analysis/frames/jud_suess/frame_026682.png,76.10082738697481,68.31945282596878,0.897749145206892,0.6581686990787582,0.1352441557058416,0.0,0.0,0.0,0.0,0.4999999996714885,0.095206081260983,42.15726676074338,0.7700427521772861,0.7627011137806206,22.58175713634589,0.0149347131089495,11,19,1,0.0097049896160604,0.6137440758293838,80.15756598294494
/Users/kevin.kunkel/Documents/Dev/Uni/ca-friend-foe-analysis/frames/jud_suess/frame_027031.png,87.07842204057724,77.62193930342653,0.891402685020126,0.6037428776825177,0.2239303211033601,0.0,0.0,0.0,0.0,0.4999999997129025,0.0353985835241493,46.49775347462591,0.702877040373634,0.6791712739198666,14.57897088377875,0.0128979435603648,6,13,1,0.0381043985302731,0.2855450236966824,80.91239080146721
/Users/kevin.kunkel/Documents/Dev/Uni/ca-friend-foe-analysis/frames/jud_suess/frame_027506.png,59.31332539006337,50.67775621773589,0.8544076023224465,0.7522997763459183,0.0562862772245593,0.0,0.0,0.0,0.0,0.4999999995785096,0.007711406358166,15.642223361201346,0.8202560170987827,0.8316159111815555,9.230306071597296,0.019492725464782,3,6,0,0.0,0.5,10.010147790253544
/Users/kevin.kunkel/Documents/Dev/Uni/ca-friend-foe-analysis/frames/jud_suess/frame_027662.png,56.58333111454285,56.87744354699185,1.005197861740127,0.7760130997390703,0.0727874221204537,0.0,0.0,0.0,0.0,0.4999999995581738,0.0280765748974918,55.310965706374134,0.86167355274822,0.8361952076213626,12.026247311535425,0.0175475957573986,1,13,2,0.0429502369668246,0.3566350710900474,48.67729938526493
/Users/kevin.kunkel/Documents/Dev/Uni/ca-friend-foe-analysis/frames/jud_suess/frame_027938.png,54.95435393258427,56.6233996332808,1.0303714897586986,0.7787422120453699,0.0681945258000958,0.0,0.0,0.0,0.0,0.499999999545077,0.0194133074178603,27.12641447893924,0.7880059233875136,0.858057159175508,10.38791516763998,0.0175627992984719,1,9,2,0.0898477022205655,0.2796208530805687,37.33397173983936
/Users/kevin.kunkel/Documents/Dev/Uni/ca-friend-foe-analysis/frames/jud_suess/frame_028229.png,52.98571875499228,54.29524061940602,1.0247146173103276,0.8040064699930773,0.0713030512806858,0.0,0.0,0.0,0.0,0.4999999995281747,0.0257102348367857,31.282998961606054,0.8724562219584037,0.798075995401622,11.062840405709087,0.0183970675193481,2,10,2,0.0526152883540124,0.3068720379146919,29.632732348612524
/Users/kevin.kunkel/Documents/Dev/Uni/ca-friend-foe-analysis/frames/jud_suess/frame_028338.png,46.60910458490867,50.11562763608504,1.0752325747272231,0.8482979658128761,0.0540097981788167,0.0,0.0,0.0,0.0,0.4999999994636241,0.0166975078545183,27.18631849406253,0.8479722343168057,0.8781087343079306,7.9956730352202605,0.0197792078483307,3,6,1,0.0779094999733745,0.4632701421800947,37.66424931668069
/Users/kevin.kunkel/Documents/Dev/Uni/ca-friend-foe-analysis/frames/jud_suess/frame_028636.png,68.9898690026093,62.17015804798017,0.9011490941592294,0.7168545982214175,0.1101729325310186,0.0,0.0,0.0,0.0,0.499999999637628,0.0146207199531391,3.469553756856058,0.7734817991310694,0.7847599895168675,9.712361073763809,0.0159326052594728,2,8,1,0.1730124074764364,0.509478672985782,38.67508985393029
/Users/kevin.kunkel/Documents/Dev/Uni/ca-friend-foe-analysis/frames/jud_suess/frame_028675.png,77.86180374354332,62.60474854646997,0.8040495526184944,0.670413094413973,0.1250399382288727,0.0,0.0,0.0,0.0,0.4999999996789183,0.0160485116353373,4.413064460301399,0.78057918784959,0.7792315728144392,10.372916596114791,0.0158351145791967,3,10,1,0.1655073486341125,0.4751184834123222,46.286043976744665
/Users/kevin.kunkel/Documents/Dev/Uni/ca-friend-foe-analysis/frames/jud_suess/frame_029087.png,67.79850830715161,62.32146080268791,0.9192158097111476,0.6743203844720166,0.0990734330901539,0.0,0.0,0.0,0.0,0.4999999996312603,0.0848853772831354,29.643048751264715,0.7266766225101255,0.7818759534273265,24.576153826723353,0.0165509946899396,1,34,2,0.0278935246818254,0.433649289099526,151.27814876429397
/Users/kevin.kunkel/Documents/Dev/Uni/ca-friend-foe-analysis/frames/jud_suess/frame_029262.png,81.48535931093242,60.03187786957622,0.7367198022264855,0.5507282070397784,0.1031404760636881,0.0,0.0,0.0,0.0,0.4999999996931964,0.0622603706267639,14.255188641567711,0.7515842947222022,0.8043759508169848,18.072766737523356,0.0169405971959907,13,18,1,0.0083204643484743,0.2014218009478673,137.16054290380504
/Users/kevin.kunkel/Documents/Dev/Uni/ca-friend-foe-analysis/frames/jud_suess/frame_029597.png,73.91762407476436,65.59034468616113,0.8873437886894885,0.6309707652164652,0.1140336279887107,0.0,0.0,0.0,0.0,0.4999999996617857,0.082362612492678,36.844823339900955,0.7021229126402145,0.7615292269525096,21.775750658886356,0.0155176921886056,13,29,3,0.0582765322967144,0.8601895734597157,122.86743464368462
/Users/kevin.kunkel/Documents/Dev/Uni/ca-friend-foe-analysis/frames/jud_suess/frame_029730.png,77.22873622131104,62.354868361324705,0.8074050066272814,0.5883433622663614,0.0853446669151712,0.0,0.0,0.0,0.0,0.4999999996762863,0.0240927365674423,37.45805487512648,0.7452275382702205,0.7731773027651873,12.337239038903244,0.0160192036216581,5,7,1,0.0463416582352627,0.3246445497630332,104.87340990392924
/Users/kevin.kunkel/Documents/Dev/Uni/ca-friend-foe-analysis/frames/jud_suess/frame_029825.png,100.56449025507216,67.44875001196226,0.6707014550942868,0.4588469833324458,0.1979970978220352,0.0,0.0,0.0,0.0,0.4999999997514033,0.0939147451940997,-0.4453678310879212,0.7412336109692825,0.7286404870271235,25.525798402928302,0.01522824528927,26,34,2,0.0909127216571702,0.3862559241706161,340.10854563263865
/Users/kevin.kunkel/Documents/Dev/Uni/ca-friend-foe-analysis/frames/jud_suess/frame_031367.png,80.56297593056074,57.54569098637279,0.7142945037748286,0.5783588050481921,0.0829217476968954,0.0,0.0,0.0,0.0,0.4999999996896838,0.0751670749241173,10.94591698173491,0.7541397931982847,0.7878723521998394,22.127661609413764,0.0179126272387566,13,14,3,0.05840965972629,0.476303317535545,352.5638045253921
/Users/kevin.kunkel/Documents/Dev/Uni/ca-friend-foe-analysis/frames/jud_suess/frame_031885.png,75.79716372011289,54.47944103778586,0.7187530283729384,0.6156710953724905,0.0654221470791842,0.0,0.0,0.0,0.0,0.4999999996701724,0.0621571968688428,2.0424709782203507,0.7838592910938271,0.7801443571198116,20.41709136332765,0.0188227627030486,7,13,1,0.0153895308589381,0.3056872037914692,269.99161304262947
/Users/kevin.kunkel/Documents/Dev/Uni/ca-friend-foe-analysis/frames/jud_suess/frame_032049.png,164.77311424996006,80.21827143060871,0.4868407794989775,0.2412169178337504,0.6010437190478726,0.0,0.0,0.0,0.0,0.4999999998482762,0.0220226050375419,53.90090992598115,0.7690505612756844,0.7322734562699886,12.773718507826333,0.0124047813410977,11,1,2,0.0232773310612918,0.183649289099526,45.00073171538946
/Users/kevin.kunkel/Documents/Dev/Uni/ca-friend-foe-analysis/frames/jud_suess/frame_032421.png,71.61499880185313,57.02081915100464,0.7962133634764205,0.6489928909952607,0.0784453378774162,0.0,0.0,0.0,0.0,0.4999999996509111,0.0607660152297779,6.386585414558823,0.8083844960317584,0.7729640378436906,19.39408891649519,0.0178467837765451,6,7,3,0.0555341072474572,0.3222748815165877,240.00220411054232
/Users/kevin.kunkel/Documents/Dev/Uni/ca-friend-foe-analysis/frames/jud_suess/frame_032672.png,92.2926773257362,76.16440191605982,0.8252485900340893,0.5638612279674104,0.2209416103093881,0.0,0.0,0.0,0.0,0.4999999997291226,0.0376051706693647,34.55730137387508,0.7609403860591044,0.6254610907678477,15.495983236238713,0.0131106179618189,6,8,1,0.0053250971830235,0.3744075829383886,78.56759758082252
/Users/kevin.kunkel/Documents/Dev/Uni/ca-friend-foe-analysis/frames/jud_suess/frame_033308.png,82.89233319133074,76.3015604978992,0.9204899593033796,0.6297792747217636,0.2338483146067415,0.0,0.0,0.0,0.0,0.499999999698404,0.0240827520102241,-12.385317375792098,0.6460261201237512,0.7206308360715818,10.677427336142538,0.0130311015101342,1,7,0,0.0,0.5,60.9114714376378
/Users/kevin.kunkel/Documents/Dev/Uni/ca-friend-foe-analysis/frames/jud_suess/frame_033847.png,61.53330848287981,53.39677601282714,0.8677702734106439,0.7386908248575537,0.0598540923371851,0.0,0.0,0.0,0.0,0.499999999593716,0.0440052718462111,38.01717343841525,0.8015023038876341,0.8165394908162956,15.117908242120595,0.0188843786887577,4,7,1,0.0218362266361361,0.3021327014218009,94.24985025279884
/Users/kevin.kunkel/Documents/Dev/Uni/ca-friend-foe-analysis/frames/jud_suess/frame_033932.png,56.19227927472176,53.333857984722535,0.9491314212235872,0.7398856435379946,0.0499061451621492,0.0,0.0,0.0,0.0,0.499999999555099,0.0530412961286543,31.737975264923584,0.8006991278326123,0.8358862214676595,15.700212697897284,0.0189563099265172,1,18,0,0.0,0.5,100.71650765812257
/Users/kevin.kunkel/Documents/Dev/Uni/ca-friend-foe-analysis/frames/jud_suess/frame_034248.png,67.99208224612599,61.12669642320552,0.8990266853724089,0.6796022152404282,0.0925801427126045,0.0,0.0,0.0,0.0,0.4999999996323102,0.0602934128547846,55.13410924436872,0.8186698690339334,0.800583280865464,16.795507170105594,0.0165495348189275,7,15,2,0.0612419457905106,0.3222748815165877,170.6979788474819
/Users/kevin.kunkel/Documents/Dev/Uni/ca-friend-foe-analysis/frames/jud_suess/frame_034379.png,65.62710674157303,56.314584712695286,0.8580994565041757,0.7060879173544917,0.076428457319346,0.0,0.0,0.0,0.0,0.4999999996190599,0.0620773204110975,40.391544411310505,0.8000838702806325,0.8180583703740829,16.79546311172503,0.0179363285604257,1,14,3,0.1128820757228819,0.2879146919431279,113.9547569480905
/Users/kevin.kunkel/Documents/Dev/Uni/ca-friend-foe-analysis/frames/jud_suess/frame_034390.png,73.06548205442249,58.51727763472464,0.8008881336203257,0.6493123968262421,0.0932657489749188,0.0,0.0,0.0,0.0,0.4999999996578412,0.0603799456840087,49.79144589701262,0.7898852128316047,0.8197719031166437,16.792715196163815,0.017218355342427,11,16,3,0.0973194792054955,0.3068720379146919,122.36309887806406
/Users/kevin.kunkel/Documents/Dev/Uni/ca-friend-foe-analysis/frames/jud_suess/frame_034517.png,64.11464268597902,67.72863380534623,1.056367638691072,0.708813701475052,0.0952360349326375,0.0,0.0,0.0,0.0,0.4999999996100735,0.0154294690878108,21.39607407210181,0.794720113936197,0.7865591414690377,8.401757592874183,0.0146490852790697,7,7,1,0.0996092709941956,0.4798578199052132,50.17741785501622
/Users/kevin.kunkel/Documents/Dev/Uni/ca-friend-foe-analysis/frames/jud_suess/frame_037182.png,88.04463429895095,75.44535452243109,0.8568989471927436,0.5597009957931732,0.191846610575643,0.0,0.0,0.0,0.0,0.4999999997160531,0.0709003408062197,62.00006989190054,0.7778446460324371,0.7281366388613062,21.44519526004844,0.0134676113268786,11,22,1,0.0313148996219181,0.2950236966824645,255.2736806800004
/Users/kevin.kunkel/Documents/Dev/Uni/ca-friend-foe-analysis/frames/jud_suess/frame_037633.png,66.48864755844293,76.30682659998882,1.1476669971087787,0.6734617125512541,0.161600058576069,0.0,0.0,0.0,0.0,0.499999999623996,0.0208144736141434,27.924619921188565,0.6801498388374999,0.8142812580594302,9.71344449516719,0.0130257227307612,4,9,1,0.2876750625698919,0.457345971563981,59.70843871534787
/Users/kevin.kunkel/Documents/Dev/Uni/ca-friend-foe-analysis/frames/jud_suess/frame_037767.png,95.44688881197082,78.81011919510168,0.8256960503740151,0.5423445071622557,0.2196469460567655,0.0,0.0,0.0,0.0,0.4999999997380742,0.0420948932318014,64.85263459183129,0.7940750984881945,0.7661609390547848,14.723417620958232,0.0126991297766694,11,11,1,0.2426247404015123,0.485781990521327,170.30613090807665
/Users/kevin.kunkel/Documents/Dev/Uni/ca-friend-foe-analysis/frames/jud_suess/frame_038671.png,106.47871958038236,75.30171698333713,0.7071996846822599,0.4329603546514723,0.264201368549976,0.0,0.0,0.0,0.0,0.4999999997652113,0.0850051919697534,4.896926087651096,0.66431490536467,0.6701915155539824,22.839902646324877,0.0134763190389567,17,18,1,0.0127935459822141,0.1682464454976303,114.02909150752788
/Users/kevin.kunkel/Documents/Dev/Uni/ca-friend-foe-analysis/frames/jud_suess/frame_039012.png,91.2979258746472,80.03851254256776,0.8766739407069761,0.5835308056872038,0.2349932105010916,0.0,0.0,0.0,0.0,0.4999999997261712,0.0952193940039405,-18.649555354385217,0.6682779784260475,0.6760331471637593,23.745247901025955,0.0127375167741734,14,38,0,0.0,0.5,293.3365122260057
/Users/kevin.kunkel/Documents/Dev/Uni/ca-friend-foe-analysis/frames/jud_suess/frame_039225.png,96.01909712977262,89.30162455468822,0.9300402433589896,0.5635017839075563,0.2858079503700942,0.0,0.0,0.0,0.0,0.4999999997396351,0.0624633899568667,-48.8497191011236,0.733429707150979,0.6259614671791289,17.961538179489757,0.0112353972329054,10,22,1,0.0097049896160604,0.2417061611374407,142.80248567035883
/Users/kevin.kunkel/Documents/Dev/Uni/ca-friend-foe-analysis/frames/jud_suess/frame_039274.png,83.42554848500986,84.63452536605972,1.014491685119912,0.613890516001917,0.2368802918153256,0.0,0.0,0.0,0.0,0.4999999997003316,0.0584595825123808,-44.76063022525162,0.7570626450697431,0.6355545253406758,16.445685934689205,0.0118396909307832,8,19,1,0.0115854145588156,0.2618483412322275,132.4789410928123
/Users/kevin.kunkel/Documents/Dev/Uni/ca-friend-foe-analysis/frames/jud_suess/frame_039491.png,88.67705615314979,85.0239911652299,0.9588048448801532,0.5906897332126312,0.2545762553916609,0.0,0.0,0.0,0.0,0.4999999997180782,0.0619808030246552,-47.26181838756057,0.7372570685444422,0.6448287302566802,17.860793885662947,0.011805796649178,9,18,1,0.0127935459822141,0.2014218009478673,126.0286150044416
/Users/kevin.kunkel/Documents/Dev/Uni/ca-friend-foe-analysis/frames/jud_suess/frame_039541.png,76.05568720379146,79.92025582830206,1.0508123542303187,0.6401499014857022,0.2039146120666702,0.0,0.0,0.0,0.0,0.4999999996712935,0.0564892965546621,-42.96888811970818,0.7590895754435754,0.6673707280451986,15.63992931808431,0.0125334716510743,9,15,0,0.0,0.5,134.94378927672747
/Users/kevin.kunkel/Documents/Dev/Uni/ca-friend-foe-analysis/frames/jud_suess/frame_039925.png,91.7647272218968,85.83617728445562,0.9353940210965296,0.5806585813941104,0.2642246658501517,0.0,0.0,0.0,0.0,0.4999999997275642,0.0650760157622876,-42.040647132435176,0.7554651420182537,0.6119228142825371,17.753457030605972,0.0116940567396198,6,19,0,0.0,0.5,146.3641086236224
/Users/kevin.kunkel/Documents/Dev/Uni/ca-friend-foe-analysis/frames/jud_suess/frame_039993.png,84.9180234570531,85.19328397359148,1.003241484021981,0.6139637360881837,0.2043838862559241,0.0,0.0,0.0,0.0,0.4999999997055984,0.030289818414186,42.14533188668193,0.7997333535895854,0.5492650582784901,12.490649821491596,0.0116883106722823,11,6,1,0.0218362266361361,0.3424170616113744,34.58000053804453
/Users/kevin.kunkel/Documents/Dev/Uni/ca-friend-foe-analysis/frames/jud_suess/frame_040356.png,83.55761089514884,79.46588771046657,0.9510311121159292,0.595026359231056,0.1868476755950796,0.0,0.0,0.0,0.0,0.4999999997008053,0.0491806006709622,13.993936045582828,0.6877034108813662,0.6351033538715023,15.307011199045284,0.0125768123347161,6,9,0,0.0,0.5,47.79791970806244
/Users/kevin.kunkel/Documents/Dev/Uni/ca-friend-foe-analysis/frames/jud_suess/frame_040871.png,92.1333237925342,78.11272028595377,0.847822665955976,0.5579270727940785,0.1969420629426487,0.0,0.0,0.0,0.0,0.4999999997286541,0.0755797699558016,44.37053690292347,0.7599832259438735,0.6644884147812169,22.47569594379226,0.0130051372840593,17,21,3,0.0448572873954949,0.556872037914692,260.0730506979762
/Users/kevin.kunkel/Documents/Dev/Uni/ca-friend-foe-analysis/frames/jud_suess/frame_040932.png,61.03141141700836,69.46184625695388,1.1381327177333282,0.7829323978912616,0.1210927099419564,0.0,0.0,0.0,0.0,0.4999999995903749,0.0218828212364875,19.344620320570854,0.8284384204717619,0.7470501571947805,12.118056895609868,0.0143839410851126,4,5,2,0.060340007455136,0.3732227488151659,129.6137097490829
/Users/kevin.kunkel/Documents/Dev/Uni/ca-friend-foe-analysis/frames/jud_suess/frame_040988.png,103.12930001597528,91.84857226886486,0.8906156850242894,0.5149834921987326,0.2994401991586346,0.0,0.0,0.0,0.0,0.4999999997575858,0.0274841578358805,37.1040191170989,0.7739587085699609,0.5235704463371162,10.776547475765325,0.0108267103675652,8,5,1,0.0961845678683636,0.424170616113744,98.22014007971876
/Users/kevin.kunkel/Documents/Dev/Uni/ca-friend-foe-analysis/frames/jud_suess/frame_041042.png,65.03794797380053,70.374008715471,1.0820453412154931,0.7630864263272805,0.1263013206241013,0.0,0.0,0.0,0.0,0.499999999615609,0.0240894083817029,20.19840646466797,0.8194715832975716,0.729410772776015,12.396678181630458,0.0141857086662652,4,4,2,0.0552911496884818,0.4348341232227488,105.10550033477624
/Users/kevin.kunkel/Documents/Dev/Uni/ca-friend-foe-analysis/frames/jud_suess/frame_041541.png,53.1622191011236,57.3914919596013,1.0795541048141255,0.7788586985462485,0.0714661323819159,0.0,0.0,0.0,0.0,0.4999999995297413,0.0224552691836626,21.35238497790084,0.7418930877106155,0.8197329568176384,10.785217485711838,0.0173619489348296,3,10,1,0.0177359018052079,0.7120853080568721,45.181130440180645
/Users/kevin.kunkel/Documents/Dev/Uni/ca-friend-foe-analysis/frames/jud_suess/frame_041625.png,100.71747696895468,86.76859184648453,0.8615048189410041,0.5088829277384312,0.2786723201448426,0.0,0.0,0.0,0.0,0.4999999997517809,0.0297672932531018,38.266867245327234,0.7556246600029862,0.5517573342772328,11.720935316687283,0.0114841417147225,9,9,2,0.1105556738910485,0.4206161137440758,146.1502289900711
/Users/kevin.kunkel/Documents/Dev/Uni/ca-friend-foe-analysis/frames/jud_suess/frame_042892.png,58.64634698333244,64.27359428739905,1.095952220111351,0.7356888013206241,0.0817003035305394,0.0,0.0,0.0,0.0,0.499999999573716,0.0300668299696469,24.14128814100858,0.8211420454011521,0.759652417333087,13.130374702608927,0.0155705631065342,5,11,1,0.0182251451088982,0.4597156398104265,92.86605018971044
/Users/kevin.kunkel/Documents/Dev/Uni/ca-friend-foe-analysis/frames/jud_suess/frame_043466.png,88.08933848980244,76.30344262573139,0.8662051940365525,0.5843661803077906,0.1864449651206134,0.0,0.0,0.0,0.0,0.4999999997161972,0.0603266947121785,46.75334482666808,0.6946153087146781,0.715080544705235,19.875559792739775,0.0132153754662707,7,21,3,0.0262460727408275,0.5793838862559242,82.68059188783539
/Users/kevin.kunkel/Documents/Dev/Uni/ca-friend-foe-analysis/frames/jud_suess/frame_044070.png,82.29291029873795,70.53565549758869,0.8571291883567947,0.5792474306406092,0.1403229671441503,0.0,0.0,0.0,0.0,0.4999999996962071,0.0769476542946908,-19.32414199371638,0.7146742189074362,0.7701676831337466,21.483023153672807,0.0144911042558504,9,40,1,0.0240461419670909,0.7215639810426541,234.9298236806547
/Users/kevin.kunkel/Documents/Dev/Uni/ca-friend-foe-analysis/frames/jud_suess/frame_044123.png,75.32305367697961,80.08807423167634,1.06326111616246,0.6748828478619735,0.1672679588902497,0.0,0.0,0.0,0.0,0.4999999996680963,0.0245553543852175,30.67403083231268,0.7464970257766028,0.6036558880434862,13.042824839422735,0.0124696262935938,7,13,1,0.0455595345865062,0.2642180094786729,74.47752889102142
/Users/kevin.kunkel/Documents/Dev/Uni/ca-friend-foe-analysis/frames/jud_suess/frame_044954.png,79.06930613983705,71.60166098083025,0.9055557002567398,0.6496884818147931,0.1485735395920975,0.0,0.0,0.0,0.0,0.4999999996838217,0.0323765908727834,60.68716385324031,0.7986466422129851,0.8053350164816979,11.859327657271942,0.013909768245567,5,10,1,0.2198233399009531,0.5699052132701422,71.62300334453745
/Users/kevin.kunkel/Documents/Dev/Uni/ca-friend-foe-analysis/frames/jud_suess/frame_045004.png,89.01086985462484,74.15857404316657,0.8331406499113025,0.5961579423824485,0.1794191650247617,0.0,0.0,0.0,0.0,0.4999999997191354,0.0320437722988444,63.33476889078227,0.7757714865060994,0.7928529886846906,12.078522679400416,0.0134244832308954,5,9,1,0.2337218435486447,0.5699052132701422,64.50539632221533
/Users/kevin.kunkel/Documents/Dev/Uni/ca-friend-foe-analysis/frames/jud_suess/frame_045164.png,90.35927432238138,77.4320379727073,0.85693514548107,0.5961945524255817,0.1992085574311731,0.0,0.0,0.0,0.0,0.4999999997233267,0.0392226689387081,53.19874261142765,0.7541086518211311,0.7392750193426324,13.375263757753434,0.0128795883495825,7,7,1,0.2408308482879812,0.5841232227488151,88.82891684675707
/Users/kevin.kunkel/Documents/Dev/Uni/ca-friend-foe-analysis/frames/jud_suess/frame_045211.png,79.61567442355823,71.32953494950272,0.8959232635578105,0.6504406517918953,0.1496851536290537,0.0,0.0,0.0,0.0,0.4999999996859915,0.031151818520688,61.927591991053845,0.7971764977357896,0.7989979420065593,11.89107095306557,0.0139621860452969,4,7,2,0.2482194206294264,0.6232227488151659,75.77606529989886
/Users/kevin.kunkel/Documents/Dev/Uni/ca-friend-foe-analysis/frames/jud_suess/frame_045305.png,79.70231708291176,72.03323266291274,0.9037783995363778,0.6502942116193621,0.1548338569678896,0.0,0.0,0.0,0.0,0.4999999996863328,0.0416589008999414,58.298401805207945,0.7715172298217972,0.7995165386033001,12.99424505919445,0.0138718900795375,7,8,1,0.2354891101762607,0.5616113744075829,160.32953161456462
/Users/kevin.kunkel/Documents/Dev/Uni/ca-friend-foe-analysis/frames/jud_suess/frame_045339.png,82.4795948932318,72.48946726909021,0.8788775851171267,0.6316530432930401,0.161643324990681,0.0,0.0,0.0,0.0,0.4999999996968947,0.0339208690558602,58.10841565046063,0.7677599038976579,0.7942301266851062,12.594101752391357,0.0137547813478853,8,7,1,0.2535278768837531,0.5521327014218009,106.57644648196631
/Users/kevin.kunkel/Documents/Dev/Uni/ca-friend-foe-analysis/frames/jud_suess/frame_045694.png,79.35821263113051,69.09170258366122,0.8706307791702325,0.6410019170349859,0.1390782256776186,0.0,0.0,0.0,0.0,0.4999999996849728,0.0312183822354757,61.21913440545289,0.7995046615483086,0.8027870096864562,12.006426919351494,0.0144183853922393,3,11,1,0.2113531071942063,0.6350710900473934,99.2124069608056
/Users/kevin.kunkel/Documents/Dev/Uni/ca-friend-foe-analysis/frames/jud_suess/frame_045867.png,62.88871545343203,59.09883287479071,0.9397366817673144,0.6800648330582033,0.0727142020341871,0.0,0.0,0.0,0.0,0.4999999996024724,0.0381343522019276,30.68529008466905,0.7775405934246535,0.7931364456960163,13.492617553554716,0.0169602485310679,2,18,1,0.0768944033228606,0.4194312796208531,63.24110224246304
/Users/kevin.kunkel/Documents/Dev/Uni/ca-friend-foe-analysis/frames/jud_suess/frame_046016.png,66.20432065072687,68.7627836569993,1.0386449536414033,0.7124514084882049,0.1217017679322647,0.0,0.0,0.0,0.0,0.4999999996223812,0.0559601150220991,-5.944349406251661,0.7205605395680824,0.7622518217575118,17.7091917046371,0.0147273294271069,14,19,2,0.0800428670323233,0.5770142180094787,203.40187120328596
/Users/kevin.kunkel/Documents/Dev/Uni/ca-friend-foe-analysis/frames/jud_suess/frame_046590.png,110.5403376111614,74.85297357969655,0.6771552822218179,0.408611347782097,0.2858512167847063,0.0,0.0,0.0,0.0,0.4999999997738382,0.0377249853559827,-17.344826668086696,0.6666010426749112,0.6536316640719869,12.19787758099976,0.0133185411704499,8,12,0,0.0,0.5,65.18790866801757
/Users/kevin.kunkel/Documents/Dev/Uni/ca-friend-foe-analysis/frames/jud_suess/frame_046749.png,108.14019649608603,67.25326726769991,0.6219081283798409,0.4182397891261515,0.2195870387134565,0.0,0.0,0.0,0.0,0.4999999997688186,0.1435413227541402,-15.471910112359552,0.6836573289521357,0.7185413619092667,28.260804359079003,0.015577970303949,26,39,0,0.0,0.5,470.809767111827
/Users/kevin.kunkel/Documents/Dev/Uni/ca-friend-foe-analysis/frames/jud_suess/frame_047357.png,85.81170456360829,81.81734475546685,0.953452038695656,0.5783554768624527,0.1942162788220885,0.0,0.0,0.0,0.0,0.4999999997086645,0.0369029234783534,40.50512540603866,0.7165132829850616,0.6658561033444743,15.34622289004153,0.0121885409375871,7,7,2,0.102404947015283,0.3661137440758293,44.18510890996813
/Users/kevin.kunkel/Documents/Dev/Uni/ca-friend-foe-analysis/frames/jud_suess/frame_047418.png,98.32079383886256,64.8353715307199,0.6594268509572407,0.4722562436764471,0.1649016188295436,0.0,0.0,0.0,0.0,0.4999999997457303,0.1611274562010756,-15.549160631556518,0.7084183782677563,0.7510173284927155,31.667583836057737,0.0165788465535077,20,46,1,0.0070424410245486,0.8791469194312796,1013.1969588496268
/Users/kevin.kunkel/Documents/Dev/Uni/ca-friend-foe-analysis/frames/jud_suess/frame_047564.png,71.57647838010544,75.60084378642031,1.0562246898949277,0.6898430427605304,0.1657569625645668,0.0,0.0,0.0,0.0,0.4999999996507233,0.053397412002769,30.48739616060493,0.7071013564379902,0.7217315910868315,17.00520052740772,0.0133015596440396,9,17,3,0.0582199531391447,0.3187203791469194,131.22128474041537
/Users/kevin.kunkel/Documents/Dev/Uni/ca-friend-foe-analysis/frames/jud_suess/frame_047794.png,73.47945843761649,73.60605654639869,1.0017229033977897,0.6661030938814634,0.1555094786729857,0.0,0.0,0.0,0.0,0.4999999996597689,0.0503654347941849,-3.942315884764895,0.7489310650507607,0.6458528978447975,17.328316602179207,0.0136416144930147,6,19,2,0.0299070770541562,0.4111374407582938,99.98619958033488
/Users/kevin.kunkel/Documents/Dev/Uni/ca-friend-foe-analysis/frames/jud_suess/frame_047834.png,124.96342656690985,58.83541591687408,0.4708210833054375,0.25212671068747,0.2488351349912136,0.0,0.0,0.0,0.0,0.4999999997999415,0.0641940465413493,-1.3165470738590983,0.8274202566696842,0.8055468457152284,12.715629860082826,0.0170461133432656,9,8,1,0.0246152617285265,0.2962085308056872,99.251427173246
/Users/kevin.kunkel/Documents/Dev/Uni/ca-friend-foe-analysis/frames/jud_suess/frame_047880.png,70.86896599925448,61.17013061607297,0.8631441092339636,0.625196362958624,0.0800195697321476,0.0,0.0,0.0,0.0,0.4999999996472363,0.0679615527983385,10.718698413121048,0.7462385758393032,0.7587100578556147,20.317620870133553,0.0166731108640895,10,25,2,0.0303696948719314,0.3981042654028436,94.64956505251396
/Users/kevin.kunkel/Documents/Dev/Uni/ca-friend-foe-analysis/frames/jud_suess/frame_047898.png,75.02901179509026,74.82015900434028,0.9972163715678144,0.6531564513552373,0.1700469939826401,0.0,0.0,0.0,0.0,0.4999999996667956,0.0562330262527291,0.0359677032855927,0.7143604558283189,0.7044562449294112,19.00344820967974,0.013484507635847,13,15,1,0.011981468661803,0.2085308056872037,131.72639776710298
/Users/kevin.kunkel/Documents/Dev/Uni/ca-friend-foe-analysis/frames/jud_suess/frame_047948.png,73.05580036210661,62.99785741629136,0.8623251955054245,0.6348880398317269,0.1201807870493636,0.0,0.0,0.0,0.0,0.4999999996577958,0.0509179136269236,13.97800069226264,0.6705768019972247,0.7779564991766982,15.99163270917044,0.0158996243384986,9,8,4,0.0209509292294584,0.4063981042654028,177.71927223355658
/Users/kevin.kunkel/Documents/Dev/Uni/ca-friend-foe-analysis/frames/jud_suess/frame_048244.png,35.3747636988125,42.69440044449313,1.2069169051505113,0.8819891900527185,0.0241559720964907,0.0,0.0,0.0,0.0,0.4999999992932815,0.0199458171361627,-4.303593774961392,0.8627337952594105,0.851014248289443,7.927064393971114,0.0233226965872482,5,6,1,0.0536803077906171,0.5604265402843602,46.461820529898674
/Users/kevin.kunkel/Documents/Dev/Uni/ca-friend-foe-analysis/frames/jud_suess/frame_048393.png,48.04377229884445,54.19691800460274,1.1280737398112035,0.7932131636402364,0.0572381383460248,0.0,0.0,0.0,0.0,0.4999999994796412,0.0194798711326481,8.434581181106559,0.7527797007295383,0.8167566190435916,10.214351868659708,0.0183313425443608,4,6,1,0.0479258746472123,0.4928909952606635,33.45792329526525
/Users/kevin.kunkel/Documents/Dev/Uni/ca-friend-foe-analysis/frames/jud_suess/frame_048432.png,50.5964241972416,59.31402395171061,1.172296753684712,0.7945976889078226,0.0789911603386761,0.0,0.0,0.0,0.0,0.4999999995058939,0.0165111294531125,4.781111880291817,0.7274690961639462,0.8095157920455578,10.28744507283762,0.0167479040752832,3,5,1,0.0287854784599818,0.5627962085308057,30.991218412721604
/Users/kevin.kunkel/Documents/Dev/Uni/ca-friend-foe-analysis/frames/jud_suess/frame_048494.png,51.994944485861865,58.938169152351165,1.1335365317107629,0.7846930081473987,0.0802392299909473,0.0,0.0,0.0,0.0,0.499999999519184,0.0207212844134405,3.603676313967732,0.7540448028617699,0.7997216592585168,11.327391131291629,0.0169024800179327,3,11,2,0.0515070025027956,0.5758293838862559,67.14050980687509
/Users/kevin.kunkel/Documents/Dev/Uni/ca-friend-foe-analysis/frames/jud_suess/frame_048688.png,47.01595865062038,53.710334178796074,1.142385173163939,0.8054941690185846,0.0585527717130837,0.0,0.0,0.0,0.0,0.4999999994682657,0.0170170136854997,28.766151685393258,0.8159899877731592,0.8255000370668529,9.755368701716776,0.0185154610503894,2,8,0,0.0,0.5,31.596428412088063
/Users/kevin.kunkel/Documents/Dev/Uni/ca-friend-foe-analysis/frames/jud_suess/frame_049120.png,49.31573499653869,55.08686543557341,1.1170241166990085,0.7819039884977901,0.0553810107034453,0.0,0.0,0.0,0.0,0.4999999994930624,0.0438055807018478,38.609553889983495,0.8349544860811358,0.8266076572809219,13.748750389116047,0.0182769996754481,1,9,2,0.0190239096863517,0.6469194312796208,95.88611279389026
/Users/kevin.kunkel/Documents/Dev/Uni/ca-friend-foe-analysis/frames/jud_suess/frame_049243.png,59.46748362532616,56.32677967836357,0.9471861957121112,0.7124613930454231,0.0625066563714787,0.0,0.0,0.0,0.0,0.4999999995796022,0.0883866286809734,34.166242877682514,0.8174151038550571,0.8332667174117104,19.9233241777499,0.0183765646194932,15,17,1,0.0086566111081527,0.6078199052132701,218.863561241538
/Users/kevin.kunkel/Documents/Dev/Uni/ca-friend-foe-analysis/frames/jud_suess/frame_049355.png,95.4981495287289,64.07423012254377,0.6709473468506681,0.4613131689653336,0.1555926833164705,0.0,0.0,0.0,0.0,0.4999999997382148,0.0548884392140156,40.950143777623936,0.7318842282106942,0.7610558936818244,18.08181084971698,0.0157032383508561,22,20,1,0.0045562862772245,0.5864928909952607,115.61035546256652
/Users/kevin.kunkel/Documents/Dev/Uni/ca-friend-foe-analysis/frames/jud_suess/frame_049433.png,117.47065871452152,61.01313055271792,0.519390383679159,0.333071516055168,0.229728020661377,0.0,0.0,0.0,0.0,0.4999999997871809,0.0616246871505404,25.147518504712707,0.739561660970901,0.7324716595195508,21.63745316921667,0.0165424353557485,29,34,2,0.0542161456946589,0.8139810426540285,62.86920812776227
/Users/kevin.kunkel/Documents/Dev/Uni/ca-friend-foe-analysis/frames/jud_suess/frame_049507.png,97.2576381862719,76.77716788695076,0.7894204428546977,0.5215233771766334,0.2236241280153363,0.0,0.0,0.0,0.0,0.4999999997429508,0.0862532616220246,48.19834988551041,0.7365427746262252,0.6957111823908433,26.119188309181663,0.0132121751849011,17,13,0,0.0,0.5,92.77142574101156
/Users/kevin.kunkel/Documents/Dev/Uni/ca-friend-foe-analysis/frames/jud_suess/frame_049569.png,95.80950463283456,74.18692057218938,0.7743169195901818,0.5283994089142127,0.2177099419564407,0.0,0.0,0.0,0.0,0.4999999997390655,0.0638013206241013,63.28767839075565,0.7085002907920717,0.7320889051078123,19.639349708234537,0.0135160595047684,15,20,0,0.0,0.5,55.83540558434907
/Users/kevin.kunkel/Documents/Dev/Uni/ca-friend-foe-analysis/frames/jud_suess/frame_049924.png,104.78918605889558,63.94094068372317,0.6101864422037523,0.4322680920176793,0.1978972522498535,0.0,0.0,0.0,0.0,0.4999999997614258,0.0595412428776825,47.282849193247785,0.753361389286531,0.7432989916771864,19.949694559430196,0.0157090592972216,32,22,0,0.0,0.5,71.37685074238284
/Users/kevin.kunkel/Documents/Dev/Uni/ca-friend-foe-analysis/frames/jud_suess/frame_050333.png,104.3516128388093,78.71310976081948,0.7543065942543316,0.4992511582086373,0.2533747803397412,0.0,0.0,0.0,0.0,0.4999999997604253,0.0607593588582991,9.315289019649612,0.7455140493814012,0.5954332854074587,16.77534967539358,0.0127380067367124,6,9,2,0.0601003780819,0.3281990521327014,116.90560699988976
/Users/kevin.kunkel/Documents/Dev/Uni/ca-friend-foe-analysis/frames/jud_suess/frame_050663.png,114.0991033867618,81.52881932074101,0.71454390814035,0.4541941796687789,0.2948040364236647,0.0,0.0,0.0,0.0,0.4999999997808922,0.0609224399595292,18.83891248202778,0.7443991202104144,0.572494802809563,16.97986289317541,0.012290796683872,4,9,2,0.0563661536823047,0.2985781990521327,98.44803500542896
/Users/kevin.kunkel/Documents/Dev/Uni/ca-friend-foe-analysis/frames/jud_suess/frame_050725.png,118.34755910857874,70.16309036945663,0.5928562518623592,0.3739616060493104,0.2802631929282709,0.0,0.0,0.0,0.0,0.4999999997887578,0.1038660205548751,15.205691863251502,0.7427540828355412,0.6725079067251801,30.2334337006218,0.0146828652594896,43,30,0,0.0,0.5,188.6162896685338
/Users/kevin.kunkel/Documents/Dev/Uni/ca-friend-foe-analysis/frames/jud_suess/frame_050840.png,113.57310692795144,81.32796238991783,0.7160846834092709,0.4554422493210501,0.3032975664305873,0.0,0.0,0.0,0.0,0.4999999997798774,0.0639710580968102,19.47403349486127,0.7692034489923558,0.5566601825777437,17.217544396328357,0.0123318315079733,8,10,3,0.0931392779168219,0.5604265402843602,109.76115142422606
/Users/kevin.kunkel/Documents/Dev/Uni/ca-friend-foe-analysis/frames/jud_suess/frame_050952.png,97.68733691889877,65.2645145337472,0.6680959531235969,0.4690179189520209,0.1702566696842217,0.0,0.0,0.0,0.0,0.4999999997440815,0.0727607966345385,33.64127482826562,0.7500713667436195,0.7439856159727856,23.2645341018989,0.0155431612168991,33,21,0,0.0,0.5,97.67350561693134
/Users/kevin.kunkel/Documents/Dev/Uni/ca-friend-foe-analysis/frames/jud_suess/frame_051113.png,107.70286290537302,80.44403678169472,0.7469071344712682,0.4815352255178657,0.272595052984717,0.0,0.0,0.0,0.0,0.4999999997678799,0.0545489642685979,20.800318840193825,0.755743352242649,0.5702716269424859,16.33971245022863,0.0124392822088015,7,10,1,0.0269583044890569,0.3364928909952606,78.24686654343122
/Users/kevin.kunkel/Documents/Dev/Uni/ca-friend-foe-analysis/frames/jud_suess/frame_051152.png,105.94025240960649,79.76770486782131,0.7529499220382556,0.4955735129666116,0.2600744182331327,0.0,0.0,0.0,0.0,0.4999999997640179,0.0587424783002289,18.87432770648064,0.7543636039004771,0.5819481815837257,16.539878880599368,0.0125512290592654,4,12,3,0.1396939400394057,0.5592417061611374,76.76752023490715
/Users/kevin.kunkel/Documents/Dev/Uni/ca-friend-foe-analysis/frames/jud_suess/frame_051284.png,96.86184035358646,74.5227624905929,0.7693717375347846,0.510760024495447,0.2077020874380957,0.0,0.0,0.0,0.0,0.4999999997419004,0.0271613238191597,20.25396719740135,0.7036910754503622,0.7509514173633669,17.295588254087132,0.0133902125300823,13,13,1,0.0108132754672772,0.5319905213270142,24.0862398637313
/Users/kevin.kunkel/Documents/Dev/Uni/ca-friend-foe-analysis/frames/jud_suess/frame_051380.png,103.38400274242504,60.36819750515144,0.5839220367309914,0.4254785931093242,0.166143032110336,0.0,0.0,0.0,0.0,0.4999999997581831,0.0553277597316151,44.38078771500079,0.8371762523636644,0.793611058034162,17.774588118733696,0.016666624808698,26,18,1,0.0111960168273071,0.1445497630331753,82.3447372675496
/Users/kevin.kunkel/Documents/Dev/Uni/ca-friend-foe-analysis/frames/jud_suess/frame_051961.png,73.12113930454231,58.591676142533885,0.8012959948336658,0.6498981575163747,0.09227727781032,0.0,0.0,0.0,0.0,0.4999999996581016,0.0741919165024761,24.81860722083178,0.7540507283375568,0.7672700732670724,21.411865051743945,0.0173679369088954,27,17,1,0.0089994142393098,0.4431279620853081,116.47177563495477
/Users/kevin.kunkel/Documents/Dev/Uni/ca-friend-foe-analysis/frames/jud_suess/frame_052136.png,67.74228193727035,69.32758548742814,1.0234019788303794,0.670309920656052,0.1315199158634645,0.0,0.0,0.0,0.0,0.4999999996309543,0.0427472176367218,45.43308682570958,0.7314946347035539,0.7676858223986117,16.28346723671591,0.0144898283431805,7,16,1,0.0149402257841205,0.3045023696682464,113.19559488777224
/Users/kevin.kunkel/Documents/Dev/Uni/ca-friend-foe-analysis/frames/jud_suess/frame_052189.png,60.45458024921455,53.791284705631455,0.8897801356804941,0.7312856115874115,0.0586992118856169,0.0,0.0,0.0,0.0,0.4999999995864664,0.0735562330262527,18.99686817721923,0.7964480296618355,0.8108516866462225,18.95091950977564,0.0188977924986723,2,15,2,0.0298871079397199,0.5308056872037915,82.3785530029396
/Users/kevin.kunkel/Documents/Dev/Uni/ca-friend-foe-analysis/frames/jud_suess/frame_052522.png,55.06315565259066,57.36599648032286,1.0418218079995143,0.7429841844613664,0.0735529048405133,0.0,0.0,0.0,0.0,0.4999999995459759,0.02906837424783,21.311731189094196,0.7745353852707813,0.8451376642035482,11.990592668853676,0.0173713217188354,7,7,1,0.0144975770807817,0.3127962085308057,72.25225032552574
/Users/kevin.kunkel/Documents/Dev/Uni/ca-friend-foe-analysis/frames/jud_suess/frame_052622.png,52.438012540603864,54.14287113597259,1.0325118823067032,0.7840673092283934,0.0593249108046221,0.0,0.0,0.0,0.0,0.4999999995232466,0.0247583737153203,6.965909393471435,0.8021291252535947,0.7988549735885622,10.889669244190294,0.0183794790612951,1,9,1,0.3668459449384951,0.457345971563981,114.8823219206034
/Users/kevin.kunkel/Documents/Dev/Uni/ca-friend-foe-analysis/frames/jud_suess/frame_052757.png,72.69574058789073,60.17102142683342,0.8277104113316559,0.6611873635443847,0.1115075350125139,0.0,0.0,0.0,0.0,0.4999999996561009,0.0167673997550455,15.831723600830712,0.732238373276783,0.7644570906801402,11.789399371014545,0.0164842438170123,4,11,1,0.1933043559294957,0.4632701421800947,19.857641399386893
/Users/kevin.kunkel/Documents/Dev/Uni/ca-friend-foe-analysis/frames/jud_suess/frame_052804.png,74.5512540603866,60.03776725653036,0.8053220288872338,0.649601948985569,0.1165297672932531,0.0,0.0,0.0,0.0,0.4999999996646602,0.0156724266467863,16.86273230736461,0.7347730934324845,0.7642823282995503,11.847260958780504,0.0165152159216702,6,13,2,0.2090100644336759,0.4644549763033175,19.0609011578684
/Users/kevin.kunkel/Documents/Dev/Uni/ca-friend-foe-analysis/frames/jud_suess/frame_053011.png,48.37773576867778,40.55389876128634,0.8382760795455706,0.8084828798125566,0.0068127962085308,0.0,0.0,0.0,0.0,0.4999999994832333,0.0315645135523723,7.977514777144684,0.8800519249182179,0.8405008097280129,9.802478189947184,0.0246391948573552,7,4,2,0.1296993982640183,0.3755924170616114,98.67136039281274
/Users/kevin.kunkel/Documents/Dev/Uni/ca-friend-foe-analysis/frames/jud_suess/frame_053081.png,48.50799763033175,42.92204230872108,0.8848446507179205,0.8452393631183769,0.0339308536130784,0.0,0.0,0.0,0.0,0.4999999994846211,0.0325762820171468,23.642170110229507,0.8944488211174559,0.849793287036312,11.079275219616484,0.0233472086114588,1,7,1,0.0163081101230097,0.3293838862559242,74.47974721905908
/Users/kevin.kunkel/Documents/Dev/Uni/ca-friend-foe-analysis/frames/jud_suess/frame_053312.png,56.65917048298631,50.85642284334202,0.897585021454819,0.7867132168912082,0.0504353266947121,0.0,0.0,0.0,0.0,0.4999999995587652,0.024465493370254,4.003457984983228,0.8171656857002346,0.798641082185044,10.634451523915075,0.0196196015268808,4,4,0,0.0,0.5,117.15204860878718
/Users/kevin.kunkel/Documents/Dev/Uni/ca-friend-foe-analysis/frames/jud_suess/frame_053552.png,49.14693274402258,46.59808308889788,0.948138172463092,0.8091951115607859,0.0341205602002236,0.0,0.0,0.0,0.0,0.4999999994913213,0.0273277331061291,20.129679429149576,0.8395660985518868,0.8676260194689729,10.58612628840737,0.0214156505621289,5,5,4,0.1255225251610842,0.3590047393364929,69.13968265056343
/Users/kevin.kunkel/Documents/Dev/Uni/ca-friend-foe-analysis/frames/jud_suess/frame_053637.png,42.5747177698493,38.60003238280543,0.9066421180007708,0.8891780712498003,0.019573060333351,0.0,0.0,0.0,0.0,0.4999999994127971,0.0069026572234943,5.697754140263058,0.903682356908896,0.8607473512862198,5.44874966220885,0.0254259277920007,1,6,1,0.1567209382821236,0.5367298578199052,10.71636229262949
/Users/kevin.kunkel/Documents/Dev/Uni/ca-friend-foe-analysis/frames/jud_suess/frame_054013.png,67.95216065818201,64.28266938511139,0.9459989008130432,0.7026365887427446,0.1116406624420895,0.0,0.0,0.0,0.0,0.4999999996320941,0.0247783428297566,25.275367431705632,0.8132724914876756,0.7431340180781829,11.647798038944224,0.0154617144149676,8,12,4,0.0350091857926407,0.4609004739336493,33.34290627134406
/Users/kevin.kunkel/Documents/Dev/Uni/ca-friend-foe-analysis/frames/jud_suess/frame_054651.png,72.34161496884818,50.07054207660257,0.6921402297826774,0.6359330901538953,0.0463283454923052,0.0,0.0,0.0,0.0,0.4999999996544175,0.0375885297406677,11.471953378774174,0.8350007935438939,0.8050526036070746,13.30433386022963,0.0199864733285215,12,8,2,0.052944778742212,0.5616113744075829,53.312806104625984
/Users/kevin.kunkel/Documents/Dev/Uni/ca-friend-foe-analysis/frames/jud_suess/frame_054869.png,77.98283987432771,58.21672442271857,0.7465324992252625,0.6381563182278076,0.10962045369828,0.0,0.0,0.0,0.0,0.4999999996794166,0.044507827892859,9.027637254379885,0.734320251344587,0.8060778675387297,15.894278000345262,0.0172324708952921,10,14,1,0.0115854145588156,0.3234597156398104,61.55476623957481
/Users/kevin.kunkel/Documents/Dev/Uni/ca-friend-foe-analysis/frames/jud_suess/frame_056259.png,80.65351256722936,50.75605661637538,0.629309932548025,0.5517865701049044,0.0409932637520634,0.0,0.0,0.0,0.0,0.4999999996900321,0.0515436125459289,20.99859883380371,0.7956035841036452,0.8048891440062899,16.348415779398803,0.0198791956997473,11,17,3,0.0355117418392885,0.1172985781990521,58.44336178250937
/Users/kevin.kunkel/Documents/Dev/Uni/ca-friend-foe-analysis/frames/jud_suess/frame_056937.png,58.77691503807444,51.23762547514725,0.871730429451487,0.7647172373395814,0.0582432504393205,0.0,0.0,0.0,0.0,0.4999999995746629,0.0321336333138079,17.532300042600774,0.8014338868301993,0.8320700062334961,11.724953511553837,0.019488580024592,5,9,1,0.0104371904787262,0.4976303317535545,73.21572123660965
/Users/kevin.kunkel/Documents/Dev/Uni/ca-friend-foe-analysis/frames/jud_suess/frame_057474.png,54.68852508120773,51.13162496314971,0.934960758106524,0.7444851962298312,0.0401578891314766,0.0,0.0,0.0,0.0,0.4999999995428657,0.0343435486447627,13.95045995526918,0.7724252633051729,0.7790428973122877,10.211688126184985,0.0195497066711985,2,12,3,0.12952633260557,0.4372037914691943,160.9859320809688
/Users/kevin.kunkel/Documents/Dev/Uni/ca-friend-foe-analysis/frames/jud_suess/frame_057894.png,53.7189147451941,48.98752194839815,0.9119231482908624,0.7754905745779861,0.0430068161243942,0.0,0.0,0.0,0.0,0.4999999995346146,0.0372290856808136,31.749494115767614,0.8167738472991838,0.8680481117309803,11.733736920154795,0.0203963490089201,3,7,1,0.0104371904787262,0.2109004739336493,46.60804684371087
/Users/kevin.kunkel/Documents/Dev/Uni/ca-friend-foe-analysis/frames/jud_suess/frame_058113.png,42.67823433090154,41.29543089997349,0.9675993266973852,0.8562323606155813,0.0208510836572767,0.0,0.0,0.0,0.0,0.4999999994142213,0.0387300974492784,13.605446908781085,0.8641704751552892,0.8758795807582311,11.554677681055594,0.0244687425656621,1,8,0,0.0,0.5,127.78293101759697
/Users/kevin.kunkel/Documents/Dev/Uni/ca-friend-foe-analysis/frames/jud_suess/frame_058173.png,52.12015416156345,46.786363646560616,0.8976635681422706,0.7947208317801799,0.0377782363278129,0.0,0.0,0.0,0.0,0.4999999995203391,0.0304795250013312,22.83158714521539,0.8555348120397315,0.855713307209033,10.640260539833278,0.0213040401840487,2,5,2,0.1200609723627456,0.6007109004739336,36.5661846572956
/Users/kevin.kunkel/Documents/Dev/Uni/ca-friend-foe-analysis/frames/jud_suess/frame_058255.png,46.258849645881035,50.06761140958302,1.0823358489159391,0.8328451994248895,0.0555906864050268,0.0,0.0,0.0,0.0,0.4999999994595629,0.0287588529740667,8.37668739016987,0.8765359772962915,0.8811812892791175,9.21742692241319,0.0199491170377251,6,10,0,0.0,0.5,91.21919475200532
/Users/kevin.kunkel/Documents/Dev/Uni/ca-friend-foe-analysis/frames/jud_suess/frame_058451.png,46.86164066244209,51.79660921195588,1.1053093397760196,0.8389524202566697,0.0510843229138931,0.0,0.0,0.0,0.0,0.4999999994665146,0.0184481335534373,0.6550668299696412,0.8378151857153746,0.8228914964462808,9.212748208805582,0.0191492312971427,3,10,0,0.0,0.5,15.796071443690282
/Users/kevin.kunkel/Documents/Dev/Uni/ca-friend-foe-analysis/frames/jud_suess/frame_058858.png,50.29313994355397,46.537312415906015,0.9253212739471944,0.8063129027104745,0.0352621279088343,0.0,0.0,0.0,0.0,0.4999999995029143,0.0483918206507268,33.93109989882315,0.8717138668663056,0.8622953883614258,13.341306222108118,0.0217081423852935,4,8,1,0.0144975770807817,0.6635071090047393,108.67922943852209
/Users/kevin.kunkel/Documents/Dev/Uni/ca-friend-foe-analysis/frames/jud_suess/frame_058982.png,52.96344986421002,49.444986880532014,0.9335680910881824,0.7993703072581074,0.0544957132967676,0.0,0.0,0.0,0.0,0.4999999995279764,0.0409433409659726,2.5907862505990735,0.84431248296752,0.8205337313582444,12.991741779109988,0.0202958389799626,4,9,1,0.0144975770807817,0.3127962085308057,86.84617753761839
/Users/kevin.kunkel/Documents/Dev/Uni/ca-friend-foe-analysis/frames/jud_suess/frame_059120.png,52.849562676393845,48.68397064153424,0.9211801968450676,0.8249873528941903,0.064610069758773,0.0,0.0,0.0,0.0,0.4999999995269592,0.0142046967357154,20.329533654614195,0.8631760393597772,0.8811567520666076,9.694031960902995,0.0203495579124432,2,4,2,0.1198712657756004,0.5402843601895735,26.501455808877413
/Users/kevin.kunkel/Documents/Dev/Uni/ca-friend-foe-analysis/frames/jud_suess/frame_059652.png,43.85730403642366,32.9675899911455,0.7517012420233506,0.892898982906438,0.0121312370200756,0.0,0.0,0.0,0.0,0.4999999994299695,0.0443846850205016,14.803953219021246,0.9050240464682598,0.8928678415292843,12.12751871129545,0.0316018870188754,1,5,0,0.0,0.5,125.34370023462613
/Users/kevin.kunkel/Documents/Dev/Uni/ca-friend-foe-analysis/frames/jud_suess/frame_060280.png,43.17710274775015,37.725923845474675,0.8737483841494121,0.8978579796581287,0.0267153469300814,0.0,0.0,0.0,0.0,0.4999999994209894,0.0444013259491985,23.871089381756217,0.8991372037392623,0.8948525365734984,10.35620843388376,0.027079793917881,1,6,1,0.0089994142393098,0.2156398104265403,91.7316776284338
/Users/kevin.kunkel/Documents/Dev/Uni/ca-friend-foe-analysis/frames/jud_suess/frame_060524.png,45.78234663720113,39.80966296532713,0.8695417732481413,0.8683935513073113,0.0242990840832845,0.0,0.0,0.0,0.0,0.499999999453938,0.0398017732573619,7.886552132701418,0.9098947875651672,0.8749377694525278,9.262256740612829,0.0253648999621527,2,7,1,0.0830848287981255,0.433649289099526,186.84664685991683
/Users/kevin.kunkel/Documents/Dev/Uni/ca-friend-foe-analysis/frames/jud_suess/frame_060583.png,43.93099006869375,39.7220575774919,0.9041921756136232,0.8981075935885829,0.0322201661430321,0.0,0.0,0.0,0.0,0.4999999994309256,0.0230343735023164,0.5308156717610117,0.8930273334105995,0.8938732929670085,7.738362581094397,0.0252577297471486,6,11,2,0.0824757708078172,0.3495260663507109,181.04714910741347
/Users/kevin.kunkel/Documents/Dev/Uni/ca-friend-foe-analysis/frames/jud_suess/frame_060680.png,45.66317096224506,40.26084541522973,0.8816918422145663,0.873489003674317,0.0291615634485329,0.0,0.0,0.0,0.0,0.4999999994525129,0.0448206773523616,4.986171388252835,0.9145360796216884,0.8686245535010426,9.50385597886886,0.0252449519299332,6,10,0,0.0,0.5,261.98674261515373
/Users/kevin.kunkel/Documents/Dev/Uni/ca-friend-foe-analysis/frames/jud_suess/frame_060808.png,45.05132728047287,39.58261062171772,0.8786114177597901,0.8925561797752809,0.0322201661430321,0.0,0.0,0.0,0.0,0.4999999994450774,0.0289751850471271,1.3165969966451885,0.8923237679970013,0.8882952797712088,8.415581472134871,0.0255124051588596,7,8,1,0.0633819692209382,0.3293838862559242,259.0611172100196
/Users/kevin.kunkel/Documents/Dev/Uni/ca-friend-foe-analysis/frames/jud_suess/frame_061769.png,37.20982879812557,29.922037852812007,0.8041433873489088,0.9246365621172586,0.0100477927472176,0.0,0.0,0.0,0.0,0.4999999993281345,0.0282130305128068,12.857493743010814,0.9322180387145008,0.91345834782073,7.445386806246625,0.0338591427647746,2,4,1,0.0294078491932477,0.7511848341232228,78.15308806310308
/Users/kevin.kunkel/Documents/Dev/Uni/ca-friend-foe-analysis/frames/jud_suess/frame_062020.png,44.99792321209862,38.79022258890771,0.8620447285948006,0.8929622184354864,0.0275340806219713,0.0,0.0,0.0,0.0,0.4999999994444188,0.0288387294318121,0.7985249480803063,0.8785572432285125,0.8970767826806957,8.195775834915558,0.0260749952453593,6,6,2,0.0971863517759199,0.4016587677725118,313.96883547441803
/Users/kevin.kunkel/Documents/Dev/Uni/ca-friend-foe-analysis/frames/jud_suess/frame_062374.png,45.966548405133395,41.34440976466275,0.8994455992284376,0.8806579157569626,0.0349858884924649,0.0,0.0,0.0,0.0,0.4999999994561263,0.0420183449597955,6.776329277384313,0.908468549036314,0.8779284902096522,10.022134130304732,0.0245786176921009,3,9,1,0.0748841791362692,0.495260663507109,269.38436745387065
/Users/kevin.kunkel/Documents/Dev/Uni/ca-friend-foe-analysis/frames/jud_suess/frame_062804.png,81.54466092443687,69.24483469606878,0.8491645415672016,0.6341724798977582,0.1608545449704457,0.0,0.0,0.0,0.0,0.4999999996934196,0.0638279461100165,-7.901908381702967,0.7427577895208353,0.7137434754507799,24.097487352158495,0.0146916480855714,5,20,4,0.0441517120187443,0.3151658767772511,70.11774326478397
/Users/kevin.kunkel/Documents/Dev/Uni/ca-friend-foe-analysis/frames/jud_suess/frame_062884.png,65.43005152031525,57.9747514175125,0.8860569414484772,0.737003434687683,0.083507508387028,0.0,0.0,0.0,0.0,0.4999999996179126,0.0680946802279141,35.16159340220459,0.8176434304484881,0.819186507874357,20.103321183763388,0.0177760205517929,1,22,1,0.0748841791362692,0.2985781990521327,266.1444179260227
/Users/kevin.kunkel/Documents/Dev/Uni/ca-friend-foe-analysis/frames/jud_suess/frame_063144.png,68.34983225943874,61.84402082552629,0.9048159840436824,0.7187250386069546,0.0989602747750146,0.0,0.0,0.0,0.0,0.4999999996342347,0.0597808722509185,10.489150114489576,0.7739047267024388,0.7802036901879341,19.142226655651815,0.0164966236947536,3,25,5,0.1042354491719474,0.6433649289099526,148.1528093699789
/Users/kevin.kunkel/Documents/Dev/Uni/ca-friend-foe-analysis/frames/jud_suess/frame_063197.png,101.1311604718036,82.03945913790407,0.8112184085898596,0.5578505245220725,0.2790517333191331,0.0,0.0,0.0,0.0,0.4999999997527963,0.1047812716332073,-2.120922972469245,0.6717938738411388,0.6370227642683891,25.74202667923275,0.0125573006143795,7,13,0,0.0,0.5,455.2328935360092
/Users/kevin.kunkel/Documents/Dev/Uni/ca-friend-foe-analysis/frames/jud_suess/frame_063306.png,59.86821715746312,55.48209326879166,0.9267370202488416,0.7619515149901486,0.0621605250545822,0.0,0.0,0.0,0.0,0.4999999995824162,0.0556938601629479,18.06177112732307,0.792102463222895,0.8117857452369094,16.06206639601763,0.0183344833021698,2,14,1,0.0281697640981947,0.3009478672985782,145.45609758873735
/Users/kevin.kunkel/Documents/Dev/Uni/ca-friend-foe-analysis/frames/jud_suess/frame_063576.png,78.23407795942276,68.45937929994204,0.8750582993761832,0.6840453432025134,0.1561950849353,0.0,0.0,0.0,0.0,0.4999999996804461,0.0537235742052292,16.87257042441024,0.704159161934117,0.7355127598725736,18.200893459592024,0.0147678045098966,2,20,3,0.0868623196123329,0.259478672985782,153.1264610248251
/Users/kevin.kunkel/Documents/Dev/Uni/ca-friend-foe-analysis/frames/jud_suess/frame_063675.png,67.35384937962618,59.66287579471541,0.8858124109560032,0.7557477767719261,0.0975990468076042,0.0,0.0,0.0,0.0,0.4999999996288259,0.0675455295809148,3.096454150913246,0.7728570138316788,0.8000548954871367,21.170120613118144,0.0172551472926119,2,28,5,0.0910525054582246,0.3981042654028436,121.43145106024848
/Users/kevin.kunkel/Documents/Dev/Uni/ca-friend-foe-analysis/frames/jud_suess/frame_064288.png,65.96457479098993,46.772226282976774,0.7090506739453781,0.7446582618882794,0.045609457372597,0.0,0.0,0.0,0.0,0.4999999996210087,0.0750805420948932,16.663853240321643,0.8144080945653729,0.8394284291276551,17.845215958834615,0.0221369830880566,6,18,0,0.0,0.5,145.72671140677377
/Users/kevin.kunkel/Documents/Dev/Uni/ca-friend-foe-analysis/frames/jud_suess/frame_064511.png,67.07993636508866,56.774205529639055,0.8463664177616932,0.7602175302199266,0.0930926833164705,0.0,0.0,0.0,0.0,0.4999999996273103,0.0494867937589861,3.445211406358169,0.8079094921423493,0.7618256312589469,14.709702175942423,0.0177320491927689,3,6,0,0.0,0.5,95.0059008177946
/Users/kevin.kunkel/Documents/Dev/Uni/ca-friend-foe-analysis/frames/jud_suess/frame_064734.png,67.62594520474998,57.25436801121259,0.8466331635469369,0.739496245806486,0.0960780659247031,0.0,0.0,0.0,0.0,0.4999999996303194,0.0595745247350764,-19.687742957558967,0.7786961656167872,0.8038780803337896,16.269848993820215,0.0176623992692944,4,16,2,0.0916615634485329,0.3270142180094786,95.10617637143888
/Users/kevin.kunkel/Documents/Dev/Uni/ca-friend-foe-analysis/frames/jud_suess/frame_064911.png,58.68024122690239,43.86880720717451,0.7475907769837772,0.7909133872943181,0.0350824058789072,0.0,0.0,0.0,0.0,0.4999999995739622,0.0749540710367964,-2.191676873102935,0.8370395487658826,0.8360389003569904,17.219796462626253,0.0238964533961765,3,12,0,0.0,0.5,168.15452704578624
/Users/kevin.kunkel/Documents/Dev/Uni/ca-friend-foe-analysis/frames/jud_suess/frame_065313.png,54.18469766760743,46.11966407577234,0.8511566175671001,0.8305720485648863,0.0477894190318973,0.0,0.0,0.0,0.0,0.4999999995386151,0.0332485755365035,17.71737379519677,0.8798455774023758,0.8429903187644939,12.73589626841564,0.0219292745862267,1,6,0,0.0,0.5,98.30583456395216
/Users/kevin.kunkel/Documents/Dev/Uni/ca-friend-foe-analysis/frames/jud_suess/frame_065354.png,54.44709183130093,46.22822011468087,0.8490484702655877,0.8296767666009904,0.0479891101762607,0.0,0.0,0.0,0.0,0.4999999995408387,0.0363770701315299,18.893820890356253,0.8783739711337968,0.8412916127631094,12.707242666963046,0.0219079542024237,1,5,0,0.0,0.5,116.75202123215308
/Users/kevin.kunkel/Documents/Dev/Uni/ca-friend-foe-analysis/frames/jud_suess/frame_065717.png,58.376594200969166,49.07526821158019,0.8406668597103384,0.8120739922253581,0.0584263006549869,0.0,0.0,0.0,0.0,0.4999999995717462,0.0308722509185792,11.57143285052453,0.8315246014269172,0.8326956529456663,13.22859950382574,0.0205115277805182,1,15,2,0.0683276532296714,0.3732227488151659,85.2485320045964
/Users/kevin.kunkel/Documents/Dev/Uni/ca-friend-foe-analysis/frames/jud_suess/frame_065935.png,54.34859750252942,53.55990759860317,0.9854883099340626,0.8321595931625753,0.0757128973853772,0.0,0.0,0.0,0.0,0.4999999995400065,0.0257535012513978,24.906900660312058,0.8913076402614936,0.8729048352926558,11.104270576191324,0.0187258091067914,1,10,1,0.0709436072208317,0.3554502369668246,148.85880699811565
/Users/kevin.kunkel/Documents/Dev/Uni/ca-friend-foe-analysis/frames/jud_suess/frame_066555.png,94.62204124287769,66.17716774274783,0.6993842745681693,0.5500758826348581,0.1745167474306406,0.0,0.0,0.0,0.0,0.4999999997357909,0.0404474412908035,33.548761249267784,0.772624014726504,0.7536392601664981,13.30091512896587,0.0150639618304992,8,11,1,0.0197328132488417,0.8732227488151659,46.249842437356136
/Users/kevin.kunkel/Documents/Dev/Uni/ca-friend-foe-analysis/frames/jud_suess/frame_067002.png,55.05164345811811,41.85187016830849,0.7602292586255922,0.8406065285691464,0.0376817189413706,0.0,0.0,0.0,0.0,0.499999999545881,0.0273343894776079,21.29557950370095,0.8697198529020214,0.902247425941994,9.449026102593098,0.0239380787626467,1,5,1,0.0163081101230097,0.2890995260663507,69.48285167547324
/Users/kevin.kunkel/Documents/Dev/Uni/ca-friend-foe-analysis/frames/jud_suess/frame_067170.png,68.239336492891,49.52421603533054,0.7257429293427488,0.692102880877576,0.0470006390116619,0.0,0.0,0.0,0.0,0.4999999996336424,0.0462884072634325,9.927272485222858,0.8237556239813142,0.8344656995872528,12.58758675454351,0.020432027995149,5,9,2,0.0350191703498588,0.273696682464455,134.39645220075712
/Users/kevin.kunkel/Documents/Dev/Uni/ca-friend-foe-analysis/frames/jud_suess/frame_067350.png,59.82592257308696,44.27388458948009,0.7400451612156574,0.7919218275733532,0.0415657116992385,0.0,0.0,0.0,0.0,0.499999999582121,0.0198492997497204,8.505524788327392,0.8499088468658671,0.8685962312929858,8.935181565325333,0.0227271223144541,3,10,1,0.0306725597742158,0.2606635071090047,182.6284113515101
/Users/kevin.kunkel/Documents/Dev/Uni/ca-friend-foe-analysis/frames/jud_suess/frame_067520.png,69.60759691676873,52.99535978786196,0.7613444804752445,0.6936671281750892,0.0625832046434847,0.0,0.0,0.0,0.0,0.4999999996408438,0.0381876031737579,27.588646227168653,0.8008518328253609,0.8475306428018782,12.406336982777017,0.0189864200455375,1,7,1,0.134462032057085,0.4206161137440758,132.44068192794717
/Users/kevin.kunkel/Documents/Dev/Uni/ca-friend-foe-analysis/frames/jud_suess/frame_067588.png,55.62421121997976,39.11220506634507,0.7031507348724652,0.8154753980510144,0.0236733851642792,0.0,0.0,0.0,0.0,0.4999999995505554,0.0184581181106555,6.422875951861123,0.858187206401811,0.8936602368728523,8.380356302606991,0.0258023097411405,1,11,2,0.0464914265935353,0.2701421800947867,190.62789312826132
/Users/kevin.kunkel/Documents/Dev/Uni/ca-friend-foe-analysis/frames/jud_suess/frame_067736.png,98.32102681186431,72.40338665034787,0.7363977871717186,0.5520827786357101,0.200147105809681,0.0,0.0,0.0,0.0,0.4999999997457309,0.0722549124021513,23.430570717290593,0.7388767333974433,0.6953635892825633,19.65913668798012,0.0139998520763555,12,23,1,0.0661676606848074,0.4182464454976303,206.20926349953103
/Users/kevin.kunkel/Documents/Dev/Uni/ca-friend-foe-analysis/frames/jud_suess/frame_068351.png,68.7860708770435,59.14072136577454,0.8597775759791838,0.7164385750039938,0.1054901751956973,0.0,0.0,0.0,0.0,0.4999999996365543,0.0443347622344107,42.108944831993185,0.8134147029065634,0.8285601146044445,12.312445198485678,0.0170063791473213,5,6,1,0.0144975770807817,0.5876777251184834,183.95218278470188
/Users/kevin.kunkel/Documents/Dev/Uni/ca-friend-foe-analysis/frames/jud_suess/frame_068638.png,51.45908661270568,34.20355114998543,0.6646746636010601,0.8072048564886309,0.0002795676021087,0.0,0.0,0.0,0.0,0.4999999995141772,0.0083337770914319,-2.650164412375524,0.855224468508315,0.8563920221691105,5.117020554635358,0.0286849925238244,1,0,0,0.0,0.5,34.325303996992744
/Users/kevin.kunkel/Documents/Dev/Uni/ca-friend-foe-analysis/frames/jud_suess/frame_069371.png,67.41271500079877,56.30415637529048,0.8352156754271324,0.7582672133766442,0.08196988657543,0.0,0.0,0.0,0.0,0.4999999996291501,0.0503953884658395,-12.643557963682843,0.7996563746111895,0.8090615925799469,16.801645598314522,0.0181232353022287,7,20,3,0.0260164279248096,0.212085308056872,120.84852671834796
/Users/kevin.kunkel/Documents/Dev/Uni/ca-friend-foe-analysis/frames/jud_suess/frame_069859.png,57.50553477288461,58.39604488025196,1.0154856399359784,0.8177851589541509,0.0842729911070877,0.0,0.0,0.0,0.0,0.4999999995652592,0.037941317429043,7.695753900633683,0.7824038167373025,0.8525384268409957,13.55060043591834,0.0173080008789273,3,16,3,0.0877775706906651,0.3341232227488152,101.16377515164814
/Users/kevin.kunkel/Documents/Dev/Uni/ca-friend-foe-analysis/frames/jud_suess/frame_070008.png,81.15238764044943,73.57738204941916,0.906657020182111,0.6938568347622344,0.1527803663666861,0.0,0.0,0.0,0.0,0.4999999996919376,0.0507381915969966,23.868273736620697,0.8411764966916528,0.7240730154354729,15.290671673613554,0.0136502802175258,2,12,0,0.0,0.5,101.8371671230099
/Users/kevin.kunkel/Documents/Dev/Uni/ca-friend-foe-analysis/frames/jud_suess/frame_070268.png,51.76258387028063,44.09014690650737,0.851776389907846,0.8511036263911816,0.0388266148357207,0.0,0.0,0.0,0.0,0.4999999995170257,0.0151532296714415,28.76928683635976,0.8970187025766161,0.8968730455066098,7.275808716549872,0.0226539760241623,7,4,1,0.0996092709941956,0.4490521327014218,113.17613679519206
/Users/kevin.kunkel/Documents/Dev/Uni/ca-friend-foe-analysis/frames/jud_suess/frame_070382.png,81.08135750039938,72.11445067856712,0.8894085251257796,0.6847276212790884,0.1463702806326215,0.0,0.0,0.0,0.0,0.4999999996916677,0.0523922999094733,15.39121824910805,0.8479123269734967,0.7146539626554067,15.430872270742617,0.0139126092791174,2,16,1,0.0768944033228606,0.4549763033175355,62.34537189822943
/Users/kevin.kunkel/Documents/Dev/Uni/ca-friend-foe-analysis/frames/jud_suess/frame_070830.png,53.49615261728527,50.97702706679189,0.9529101529262044,0.8304355929495714,0.0571083391021886,0.0,0.0,0.0,0.0,0.4999999995326767,0.0382009159167154,20.328691623622127,0.8342257569730059,0.8808438504002698,11.812043006954545,0.0198864138080872,1,12,2,0.0115055381010703,0.2369668246445497,139.6249581723751
/Users/kevin.kunkel/Documents/Dev/Uni/ca-friend-foe-analysis/frames/jud_suess/frame_071259.png,35.68392220033016,16.74569457167446,0.4692784170623396,0.9719600351456414,4.326641461206667e-05,0.0,0.0,0.0,0.0,0.4999999992994044,0.0032349965386868,-1.006197081846743,0.9447864166168092,0.9504106067582792,2.588135645904938,0.057266532183582,1,0,0,0.0,0.5,9.46729323160693
/Users/kevin.kunkel/Documents/Dev/Uni/ca-friend-foe-analysis/frames/jud_suess/frame_071466.png,99.50341139038288,83.37071573653905,0.8378679131478516,0.5857773310612918,0.2444219607007828,0.0,0.0,0.0,0.0,0.4999999997487523,0.066829969646946,72.53727235209543,0.701318822965578,0.7448539461580468,20.829554112116647,0.012106473771251,8,22,2,0.0460654188188934,0.2298578199052132,101.0294646689486
/Users/kevin.kunkel/Documents/Dev/Uni/ca-friend-foe-analysis/frames/jud_suess/frame_071789.png,101.2621678470632,55.01845189182181,0.543326821924095,0.4301879759305607,0.1115474732413866,0.0,0.0,0.0,0.0,0.4999999997531161,0.0519429948346557,0.2376590872783452,0.7678048800861204,0.7968296355232012,16.040925500183832,0.0184036112399127,14,18,3,0.0351922360083071,0.6398104265402843,93.91686962437905
/Users/kevin.kunkel/Documents/Dev/Uni/ca-friend-foe-analysis/frames/jud_suess/frame_071967.png,125.02290790244422,62.82717844229609,0.5025253327259658,0.3419511156078598,0.2593322328132488,0.0,0.0,0.0,0.0,0.4999999998000367,0.0486048245380478,2.2736866979072374,0.6972355697697366,0.7155868465923032,17.415326413293936,0.0160019809550661,18,24,5,0.1084755578039299,0.1409952606635071,82.64488982691151
/Users/kevin.kunkel/Documents/Dev/Uni/ca-friend-foe-analysis/frames/jud_suess/frame_072054.png,89.03437683050215,51.62630711983404,0.5798468962177626,0.4919291495819798,0.0700982480430267,0.0,0.0,0.0,0.0,0.4999999997192096,0.0266421268438149,21.26192488950423,0.8246395118034433,0.8379552305506046,10.867346056314563,0.0193660780120767,16,19,0,0.0,0.5,69.54787606197813
/Users/kevin.kunkel/Documents/Dev/Uni/ca-friend-foe-analysis/frames/jud_suess/frame_072324.png,83.51071010170935,60.9863943198083,0.7302823095684797,0.6452187283667927,0.1444998402470845,0.0,0.0,0.0,0.0,0.4999999997006372,0.0110063102401618,8.480130731135844,0.6911555878541842,0.8089599458719534,10.537386380985463,0.0162465308725952,5,22,5,0.153599100058576,0.2760663507109004,13.573861333511786
/Users/kevin.kunkel/Documents/Dev/Uni/ca-friend-foe-analysis/frames/jud_suess/frame_072646.png,81.43475757495074,47.40577048453889,0.5821319033545902,0.6238451195484318,0.0640043399542041,0.0,0.0,0.0,0.0,0.4999999996930058,0.0526452420256669,9.067425714894298,0.8166123976615515,0.8348559717832498,14.668764630099338,0.021327448303926,8,9,1,0.0115854145588156,0.759478672985782,125.68391505087556
/Users/kevin.kunkel/Documents/Dev/Uni/ca-friend-foe-analysis/frames/jud_suess/frame_072801.png,123.3083930187976,39.308364781349766,0.3187809344290081,0.1742604771287076,0.1249167953565152,0.0,0.0,0.0,0.0,0.4999999997972563,0.0361873635443846,12.328355476862455,0.8508104328051046,0.862972798150625,14.172384845038764,0.0256712647524355,16,21,1,0.0202486820384472,0.3033175355450237,49.36134035742674
/Users/kevin.kunkel/Documents/Dev/Uni/ca-friend-foe-analysis/frames/jud_suess/frame_072928.png,89.85736394376697,51.16788541287851,0.5694345250096151,0.5630458224612599,0.0917347835347995,0.0,0.0,0.0,0.0,0.4999999997217813,0.0556705628627722,11.67474639224666,0.7690109362878226,0.8191236508448632,15.190874502262922,0.0197024596124622,12,12,1,0.0192236008307151,0.2440758293838862,125.89951688937724
/Users/kevin.kunkel/Documents/Dev/Uni/ca-friend-foe-analysis/frames/jud_suess/frame_073132.png,91.06304249427552,48.126814478795595,0.5284999612106195,0.5321402896852867,0.0728273603493263,0.0,0.0,0.0,0.0,0.4999999997254649,0.0248016401299323,20.095858405665908,0.802952139905965,0.8006015271543412,11.962746708712,0.0208087241869912,15,14,2,0.0734929974972043,0.3092417061611374,105.4623818815571
/Users/kevin.kunkel/Documents/Dev/Uni/ca-friend-foe-analysis/frames/jud_suess/frame_073661.png,103.5269283508174,44.52581437709275,0.430089205227852,0.3919437935992332,0.0720319239576122,0.0,0.0,0.0,0.0,0.4999999997585169,0.0562064007668139,22.9228826082326,0.8364580951396481,0.821089864669442,14.931904073942258,0.0227366277049998,10,21,2,0.0242890995260663,0.2879146919431279,42.524175377163736
/Users/kevin.kunkel/Documents/Dev/Uni/ca-friend-foe-analysis/frames/jud_suess/frame_073757.png,96.50887959955269,62.965910955900185,0.6524364509454774,0.5589787794877257,0.1531764204696735,0.0,0.0,0.0,0.0,0.4999999997409565,0.0259798178816763,19.99842909633101,0.7780552745087598,0.8040250947815092,11.153929869281662,0.0158081808452197,9,14,2,0.1443234464028968,0.45260663507109,119.62656262783776
/Users/kevin.kunkel/Documents/Dev/Uni/ca-friend-foe-analysis/frames/jud_suess/frame_073890.png,107.7652597316151,61.596943414936575,0.5715844188672933,0.4485529048405133,0.1697441290803557,0.0,0.0,0.0,0.0,0.4999999997680143,0.036403695617445,35.23921335001863,0.7880675796597993,0.7909604648078945,13.42917991848828,0.0162292133793643,15,16,1,0.0432531018691091,0.3696682464454976,136.9506338970867
/Users/kevin.kunkel/Documents/Dev/Uni/ca-friend-foe-analysis/frames/jud_suess/frame_074876.png,102.90893085361309,56.21524785964202,0.546262091528105,0.5209376164865008,0.1457246125991799,0.0,0.0,0.0,0.0,0.4999999997570667,0.023663400607061,33.823775893285045,0.7721118134670664,0.7906042575718184,12.601183775074553,0.0177028386326065,12,13,2,0.074105383673252,0.3353080568720379,27.48011085377988
/Users/kevin.kunkel/Documents/Dev/Uni/ca-friend-foe-analysis/frames/jud_suess/frame_075718.png,94.81585481122532,65.004137223861,0.6855829890973764,0.6072175035944406,0.1656205069492518,0.0,0.0,0.0,0.0,0.499999999736331,0.0336313168965333,44.31511595399115,0.7734925798425233,0.7562723118961627,14.80205360101523,0.0153833272746262,6,12,1,0.0366932477767719,0.4490521327014218,57.13215207156
/Users/kevin.kunkel/Documents/Dev/Uni/ca-friend-foe-analysis/frames/jud_suess/frame_077021.png,70.61422999094734,56.85091102451299,0.8050914235174988,0.7453738218222482,0.0953691623622131,0.0,0.0,0.0,0.0,0.4999999996459637,0.0405106768198519,45.68113983705203,0.8091902302217016,0.8102300859637748,16.348212976870858,0.017714746503193,8,10,1,0.0149402257841205,0.5841232227488151,52.479152892053094
/Users/kevin.kunkel/Documents/Dev/Uni/ca-friend-foe-analysis/frames/jud_suess/frame_077122.png,77.3944332765323,65.71506680224002,0.8490929377637421,0.7252715799563342,0.1416675541828638,0.0,0.0,0.0,0.0,0.4999999996769794,0.0147771446828904,55.68553637041377,0.7773770816170336,0.8269337933799645,11.066323429642864,0.0151034116577422,3,3,0,0.0,0.5,20.30728299902207
/Users/kevin.kunkel/Documents/Dev/Uni/ca-friend-foe-analysis/frames/jud_suess/frame_077867.png,59.19397997763459,49.3865998442791,0.8343179454989708,0.8002689174077426,0.0604831194419298,0.0,0.0,0.0,0.0,0.4999999995776598,0.0269150380744448,19.09960594280846,0.847575723404011,0.8241148070069926,9.870373690546822,0.0201671764140657,2,13,1,0.1822381383460248,0.5710900473933649,102.97327616417934
/Users/kevin.kunkel/Documents/Dev/Uni/ca-friend-foe-analysis/frames/jud_suess/frame_079628.png,59.59099259811491,33.487084560079005,0.5619487617822202,0.8351116939134139,0.0155026891740774,0.0,0.0,0.0,0.0,0.4999999995804735,0.0441550402044837,10.01155546088716,0.8752920189322867,0.8859497832894274,11.90642752582042,0.0308968343372496,1,8,1,0.0207712071995313,0.5509478672985783,103.06061039487804
/Users/kevin.kunkel/Documents/Dev/Uni/ca-friend-foe-analysis/frames/jud_suess/frame_080838.png,58.963493130624634,40.83622384866393,0.6925679197624995,0.8264817082911763,0.0354019117098887,0.0,0.0,0.0,0.0,0.4999999995760089,0.0295243356941264,31.599276452420263,0.8886793393538256,0.8948382841075084,10.952494381758344,0.0246314463236956,1,14,2,0.0364769157037115,0.5118483412322274,60.09739883141043
/Users/kevin.kunkel/Documents/Dev/Uni/ca-friend-foe-analysis/frames/jud_suess/frame_081398.png,64.12291988391289,46.04642976409435,0.7180962715928478,0.8207572288194259,0.0593848181479312,0.0,0.0,0.0,0.0,0.4999999996101238,0.020162149209223,27.809557883806377,0.875957212322066,0.8932519272153188,9.248847694593126,0.0215719605882467,3,10,1,0.0820364502902177,0.5580568720379147,46.88544101284742
/Users/kevin.kunkel/Documents/Dev/Uni/ca-friend-foe-analysis/frames/jud_suess/frame_082706.png,71.66292800468608,49.99118146121955,0.697587759576218,0.727601309973907,0.0592616752755737,0.0,0.0,0.0,0.0,0.4999999996511446,0.0297107140955322,-8.974512753607748,0.7996308976756473,0.8423424058371418,11.84352131720808,0.0200340241941719,1,8,1,0.0127935459822141,0.1635071090047393,90.62641405947728
/Users/kevin.kunkel/Documents/Dev/Uni/ca-friend-foe-analysis/frames/jud_suess/frame_083362.png,99.08719513818627,55.14230957854264,0.5565028805789819,0.4946516055168007,0.1253993822887267,0.0,0.0,0.0,0.0,0.499999999747697,0.0503221683795729,3.593032775973157,0.7556351274734293,0.7733993384349853,17.23284896184409,0.0183315637137346,8,34,2,0.0786117471643857,0.3530805687203791,133.33315030601273
/Users/kevin.kunkel/Documents/Dev/Uni/ca-friend-foe-analysis/frames/jud_suess/frame_083407.png,97.503844054529,54.26703593552644,0.5565630402173817,0.5077613291442569,0.1190392193407529,0.0,0.0,0.0,0.0,0.4999999997435999,0.0462185153629053,-1.517582805261199,0.7583885159580632,0.7911065395325818,16.422293425191526,0.0185822361780929,8,30,2,0.0764950210341338,0.3601895734597156,111.6363338365654
/Users/kevin.kunkel/Documents/Dev/Uni/ca-friend-foe-analysis/frames/jud_suess/frame_083746.png,85.35939080888227,52.07572616361538,0.610076121784938,0.5870420416422599,0.0947101815858139,0.0,0.0,0.0,0.0,0.4999999997071207,0.0424010863198253,20.037382182224817,0.7944130855388111,0.790853780140311,14.400391401133104,0.0193045055951549,9,18,2,0.1478047286862985,0.4798578199052132,100.3023710849856
/Users/kevin.kunkel/Documents/Dev/Uni/ca-friend-foe-analysis/frames/jud_suess/frame_083861.png,99.45883367058948,54.832201068548684,0.5513054898172641,0.4415470738590979,0.0964541509132541,0.0,0.0,0.0,0.0,0.4999999997486397,0.0153329517013685,17.73089954204164,0.8265959107430181,0.8121846837675376,8.92852475229038,0.018087454399069,6,2,2,0.2017446349645881,0.2488151658767772,38.04613626087872
/Users/kevin.kunkel/Documents/Dev/Uni/ca-friend-foe-analysis/frames/jud_suess/frame_083914.png,77.11777450875978,52.2069132281492,0.676976397374141,0.6597662282336653,0.0860136322487885,0.0,0.0,0.0,0.0,0.4999999996758205,0.0425741519782736,18.64287568560627,0.7964716793581483,0.7961260179027678,14.215518390670985,0.0192448476001893,9,14,1,0.0873449065445444,0.462085308056872,114.90386686972562
/Users/kevin.kunkel/Documents/Dev/Uni/ca-friend-foe-analysis/frames/jud_suess/frame_083981.png,92.68320996858192,54.74688988645262,0.5906883225768949,0.4879552958091485,0.0950330156025347,0.0,0.0,0.0,0.0,0.499999999730264,0.0143877469513818,20.22341445231376,0.8037215120352417,0.8099167927461735,8.957640149110608,0.01811606398764,6,2,1,0.0738890516001917,0.4016587677725118,34.124202332571514
/Users/kevin.kunkel/Documents/Dev/Uni/ca-friend-foe-analysis/frames/jud_suess/frame_084094.png,69.18272072527823,49.34029616754253,0.7131881426310485,0.7315518664465627,0.0692029660791309,0.0,0.0,0.0,0.0,0.4999999996386381,0.0365434794184993,18.235485781990533,0.8065205553971948,0.8178598799869274,13.640610250494746,0.0203758102095955,6,11,2,0.2497370733265882,0.5402843601895735,94.87735292594864
/Users/kevin.kunkel/Documents/Dev/Uni/ca-friend-foe-analysis/frames/jud_suess/frame_084192.png,80.95731268970658,57.45877071716606,0.7097415753709618,0.5731701634804836,0.0865394855956121,0.0,0.0,0.0,0.0,0.4999999996911953,0.012177831620427,23.21379599552692,0.821118656739015,0.7655475609488697,8.533205215200436,0.0172273633578107,4,6,1,0.0917114862346237,0.4691943127962085,23.996397307934767
/Users/kevin.kunkel/Documents/Dev/Uni/ca-friend-foe-analysis/frames/jud_suess/frame_086069.png,50.55721484104585,46.532926016358815,0.9204012932797088,0.7989210021832899,0.0353120506949251,0.0,0.0,0.0,0.0,0.4999999995055108,0.0369961126790563,27.99804635497098,0.8627862109218787,0.8474765043138508,12.173875949036203,0.0215752974040522,1,11,0,0.0,0.5,70.70663540286148
/Users/kevin.kunkel/Documents/Dev/Uni/ca-friend-foe-analysis/frames/jud_suess/frame_086482.png,49.91234557218169,56.40325241129926,1.130046116881564,0.7995699984024709,0.0663207572288194,0.0,0.0,0.0,0.0,0.4999999994991219,0.0480223920336546,33.206763539059594,0.8414977253481934,0.8267272631401994,13.021282371280622,0.0177867537322681,1,3,4,0.0496066084456041,0.504739336492891,117.29241358170488
/Users/kevin.kunkel/Documents/Dev/Uni/ca-friend-foe-analysis/frames/jud_suess/frame_086615.png,44.25109164492252,44.00997150038843,0.9945510893624052,0.821945391128388,0.0179023110921774,0.0,0.0,0.0,0.0,0.4999999994350422,0.0296874167953565,19.460607593588584,0.8452669805341595,0.83880690675546,12.43506011684819,0.0227887372921892,2,9,7,0.1177645242025667,0.5296208530805687,17.880393773578543
/Users/kevin.kunkel/Documents/Dev/Uni/ca-friend-foe-analysis/frames/jud_suess/frame_087129.png,82.86487565898078,51.29084854762421,0.6189697151879864,0.5558602694499175,0.0345532243463443,0.0,0.0,0.0,0.0,0.499999999698304,0.0290184514617391,35.10632887800202,0.8026638015555548,0.8480378583085612,12.863115251950893,0.0194442733526161,3,11,4,0.2144949145321902,0.3625592417061611,55.27652255992549
/Users/kevin.kunkel/Documents/Dev/Uni/ca-friend-foe-analysis/frames/jud_suess/frame_087175.png,70.97971470791842,57.21036809286431,0.8060101149699461,0.6916868576601523,0.0849086745833111,0.0,0.0,0.0,0.0,0.4999999996477867,0.0248515629160232,35.99216877895522,0.8322729342016374,0.7970888685630277,12.21296272555471,0.0174177610113655,6,9,3,0.1910145641407955,0.3909952606635071,90.06612775238051
/Users/kevin.kunkel/Documents/Dev/Uni/ca-friend-foe-analysis/frames/jud_suess/frame_087242.png,74.69487525959849,62.03884250817705,0.8305635722599127,0.651788567016348,0.092806459342883,0.0,0.0,0.0,0.0,0.499999999665305,0.0305693860162947,31.0068527344374,0.7310771366430379,0.8159908230825212,11.44709115575931,0.016067019658304,6,13,2,0.0671295063634911,0.3424170616113744,105.42297191415896
/Users/kevin.kunkel/Documents/Dev/Uni/ca-friend-foe-analysis/frames/jud_suess/frame_087705.png,62.954433809042015,51.003787111357994,0.8101698950235883,0.76636136109484,0.0565991266840619,0.0,0.0,0.0,0.0,0.4999999996028874,0.032765988604292,37.85696456147825,0.8528765183052825,0.8523340370814708,11.641738363626247,0.0195347093909926,1,9,2,0.0237099952074125,0.3056872037914692,44.78439193479244
/Users/kevin.kunkel/Documents/Dev/Uni/ca-friend-foe-analysis/frames/jud_suess/frame_087802.png,71.0402610628894,55.21782363898806,0.7772750653657958,0.6468994621651846,0.069289498908355,0.0,0.0,0.0,0.0,0.4999999996480869,0.0179522338782682,50.8308183343096,0.8550298936337941,0.839258104328051,9.471837759367842,0.0179558354082321,8,7,1,0.1226902390968635,0.4834123222748815,45.213915402325625
/Users/kevin.kunkel/Documents/Dev/Uni/ca-friend-foe-analysis/frames/jud_suess/frame_087935.png,79.43491399968049,60.22550974459918,0.7581742918362573,0.6314001011768465,0.0944772085840566,0.0,0.0,0.0,0.0,0.499999999685277,0.0237798871079397,31.132488417913635,0.7352905675822701,0.7782135656328669,11.444395738295158,0.0165054338170253,7,6,1,0.1412348900367431,0.476303317535545,89.45704138808232
/Users/kevin.kunkel/Documents/Dev/Uni/ca-friend-foe-analysis/frames/jud_suess/frame_087993.png,80.93806246338995,57.89566282360616,0.7153082368170453,0.5543659140529315,0.0839035624900154,0.0,0.0,0.0,0.0,0.4999999996911218,0.0177525427339048,49.3558962138559,0.839416108314565,0.8214679204660191,10.08804562948202,0.0171325589302595,11,6,1,0.1278555833643964,0.4739336492890995,50.62614109984721
/Users/kevin.kunkel/Documents/Dev/Uni/ca-friend-foe-analysis/frames/jud_suess/frame_088292.png,74.46611241280154,42.51626885441069,0.5709478770910954,0.5977355024229192,0.0094287501996911,0.0,0.0,0.0,0.0,0.4999999996642768,0.0137354225464614,21.16946456147825,0.8180614244739378,0.8421428191064487,9.714034263657648,0.0232594331877164,2,6,1,0.0076681399435539,0.7748815165876777,16.83345642331177
/Users/kevin.kunkel/Documents/Dev/Uni/ca-friend-foe-analysis/frames/jud_suess/frame_088432.png,105.38265149901486,69.52962819551084,0.6597824892476023,0.4640422812716332,0.2097988444539112,0.0,0.0,0.0,0.0,0.4999999997627693,0.0236567442355823,27.54312995899676,0.6985047179316904,0.7338149674908038,13.912119846233178,0.0143062179948892,5,15,1,0.0680580701847808,0.3803317535545024,24.10577315145688
/Users/kevin.kunkel/Documents/Dev/Uni/ca-friend-foe-analysis/frames/jud_suess/frame_088488.png,76.36053237659087,57.22504702261396,0.7494060762365284,0.6213057138292774,0.0943374247830022,0.0,0.0,0.0,0.0,0.4999999996726058,0.0180620640076681,40.83600364769157,0.821724438750419,0.7876537360777423,8.715865724308921,0.0173071121300943,3,3,1,0.126554262740295,0.4609004739336493,44.700881888922005
/Users/kevin.kunkel/Documents/Dev/Uni/ca-friend-foe-analysis/frames/jud_suess/frame_088543.png,103.54758307151606,69.3147302991391,0.6693997887360277,0.475534506629746,0.207286064220672,0.0,0.0,0.0,0.0,0.4999999997585651,0.0220325895947601,27.655116752755745,0.6961569765559986,0.74265551633082,13.780289973960382,0.0143449262866809,4,12,1,0.0643038766707492,0.3827014218009478,21.99913623887755
/Users/kevin.kunkel/Documents/Dev/Uni/ca-friend-foe-analysis/frames/jud_suess/frame_088839.png,78.53759518611214,56.21732134183173,0.7158014087015557,0.6047879280046861,0.0838003887320943,0.0,0.0,0.0,0.0,0.4999999996816811,0.0226116939134139,31.88272804728686,0.8099289047319231,0.7741347500180114,8.90994915642575,0.0176302647881137,4,3,1,0.134462032057085,0.4845971563981042,54.77030200688298
/Users/kevin.kunkel/Documents/Dev/Uni/ca-friend-foe-analysis/frames/jud_suess/frame_089946.png,60.29966318760317,43.46302554571896,0.720783884620039,0.7347169710847223,0.0094420629426487,0.0,0.0,0.0,0.0,0.499999999585404,0.0038440545289951,18.490448106927957,0.8171627360140499,0.8988872113092534,4.657448824980128,0.0225745723238011,1,2,0,0.0,0.5,11.796045476234264
/Users/kevin.kunkel/Documents/Dev/Uni/ca-friend-foe-analysis/frames/jud_suess/frame_090126.png,72.56032669471217,53.1825193720692,0.7329421148079074,0.6223407795942276,0.049639890302998,0.0,0.0,0.0,0.0,0.4999999996554591,0.0365701049044145,23.434720964907612,0.7757752453982285,0.8326624755019426,12.652710945131268,0.0188202558809672,5,10,1,0.0149402257841205,0.2523696682464455,38.38027122265164
/Users/kevin.kunkel/Documents/Dev/Uni/ca-friend-foe-analysis/frames/jud_suess/frame_090483.png,96.72374394270196,61.514381015517685,0.6359801476291085,0.5062436764470951,0.1414711912242398,0.0,0.0,0.0,0.0,0.4999999997415319,0.0337977261835028,23.54325643005484,0.8050469130620457,0.7878940963466701,14.253658622563218,0.0161995700267942,5,18,1,0.0111960168273071,0.566350710900474,37.97530309794963
/Users/kevin.kunkel/Documents/Dev/Uni/ca-friend-foe-analysis/frames/jud_suess/frame_090739.png,64.96302385643538,42.547184521206916,0.6549446428131075,0.6910079077693168,0.0173664731881356,0.0,0.0,0.0,0.0,0.4999999996151657,0.0328125832046434,12.687117258639972,0.8412333760385244,0.8244509668183797,12.977577452034753,0.0236963546090344,1,8,0,0.0,0.5,124.39963822866623
/Users/kevin.kunkel/Documents/Dev/Uni/ca-friend-foe-analysis/frames/jud_suess/frame_090776.png,67.51118270408435,42.84722984966581,0.6346686292552055,0.655186644656265,0.0168073379839182,0.0,0.0,0.0,0.0,0.499999999629691,0.0341937802864902,11.931279620853076,0.8287047275377482,0.8276060346924861,13.267411014912469,0.02355540450617,4,6,0,0.0,0.5,127.6908291425002
/Users/kevin.kunkel/Documents/Dev/Uni/ca-friend-foe-analysis/frames/jud_suess/frame_091354.png,57.82294051866447,51.314089729241466,0.8874347997562402,0.7708544118430162,0.0522025933223281,0.0,0.0,0.0,0.0,0.4999999995676457,0.0212970605463549,15.558376377868896,0.767116585171797,0.8190711568721423,9.740757864019049,0.0193832766929101,4,11,1,0.0275607061078864,0.3139810426540284,40.68710960469931
/Users/kevin.kunkel/Documents/Dev/Uni/ca-friend-foe-analysis/frames/jud_suess/frame_091952.png,46.93004153575803,41.324492508481335,0.8805552066034055,0.8943367591458544,0.0384738271473454,0.0,0.0,0.0,0.0,0.4999999994672922,0.0128634378827413,-2.994408647957826,0.8767878491723651,0.862870342236687,7.577706953866556,0.0239723117428351,1,4,2,0.06659034027371,0.3886255924170616,15.304852534386317
/Users/kevin.kunkel/Documents/Dev/Uni/ca-friend-foe-analysis/frames/jud_suess/frame_092050.png,53.19981761542148,43.4854736531509,0.817398922037009,0.8158614675967837,0.0270747909899355,0.0,0.0,0.0,0.0,0.4999999995300736,0.0095319239576122,5.292074924117365,0.7910637560311946,0.8752778186731319,7.926950547423653,0.0227390209174583,1,10,2,0.0912621811598061,0.3518957345971564,14.677976923162854
/Users/kevin.kunkel/Documents/Dev/Uni/ca-friend-foe-analysis/frames/jud_suess/frame_092437.png,41.13678843388892,40.70295423557614,0.989453860795298,0.9116200276905052,0.0373023057670802,0.0,0.0,0.0,0.0,0.4999999993922715,0.0058875605729804,24.43483412322275,0.8574135794154714,0.9170595753078375,4.936590995975243,0.0241591626107366,1,5,1,0.1201475051919697,0.3530805687203791,7.857213396368907
/Users/kevin.kunkel/Documents/Dev/Uni/ca-friend-foe-analysis/frames/jud_suess/frame_092489.png,47.71257122317482,40.55808183182504,0.8500502217143195,0.8451162202460195,0.0154261409020714,0.0,0.0,0.0,0.0,0.4999999994760291,0.0095019702859577,5.501258054209494,0.8108841854010894,0.8845570093418911,7.499800489820781,0.024373387080816,1,10,1,0.0652324404920389,0.3554502369668246,15.583598652216947
/Users/kevin.kunkel/Documents/Dev/Uni/ca-friend-foe-analysis/frames/jud_suess/frame_092550.png,43.65611188029182,44.65538278587438,1.0228895969030334,0.8923897704883114,0.0493037435433196,0.0,0.0,0.0,0.0,0.4999999994273425,0.008872943181213,23.73034373502317,0.8358858299163959,0.9078391173285972,5.7791942028212455,0.0220970188511503,1,6,1,0.1151419138399275,0.3222748815165877,14.776249666307628
/Users/kevin.kunkel/Documents/Dev/Uni/ca-friend-foe-analysis/frames/jud_suess/frame_092599.png,46.02634259012727,45.86423151108438,0.9964778609472772,0.8883959476010437,0.0542261302518771,0.0,0.0,0.0,0.0,0.4999999994568328,0.0091624953405399,25.828362133233924,0.82668664622247,0.9039785001811578,5.8143353517547185,0.0215169618744351,2,5,1,0.1054502369668246,0.3175355450236967,13.28506416083316
/Users/kevin.kunkel/Documents/Dev/Uni/ca-friend-foe-analysis/frames/jud_suess/frame_093360.png,48.31155812343575,45.73616150848571,0.9466919137023254,0.8541056499281112,0.0418286383726503,0.0,0.0,0.0,0.0,0.4999999994825255,0.0106368816230896,23.039831726929016,0.839416525969246,0.9089918964550516,6.778348479621374,0.0215981642152378,1,7,1,0.1176313967729911,0.466824644549763,18.546344799023828
/Users/kevin.kunkel/Documents/Dev/Uni/ca-friend-foe-analysis/frames/jud_suess/frame_093413.png,55.78118177219234,47.49607917785368,0.8514713669329962,0.7915856808136749,0.0424376963629586,0.0,0.0,0.0,0.0,0.4999999995518202,0.0139950210341338,10.332109670376482,0.7671189083759602,0.8738231013157166,8.30948681908312,0.0208455377810099,2,11,2,0.099219873262687,0.3554502369668246,14.335842997556526
/Users/kevin.kunkel/Documents/Dev/Uni/ca-friend-foe-analysis/frames/jud_suess/frame_093753.png,42.27349366313435,41.496736110694854,0.981625420960193,0.874700463283455,0.0324764364449651,0.0,0.0,0.0,0.0,0.4999999994086129,0.0084069971776984,21.39303543852175,0.8584100251741359,0.9181724423088368,5.966910572458031,0.0237485566493027,2,9,1,0.0906098567548857,0.4087677725118483,13.158435916916282
/Users/kevin.kunkel/Documents/Dev/Uni/ca-friend-foe-analysis/frames/jud_suess/frame_093868.png,61.80564393737686,50.08314035246263,0.8103327961791796,0.755208610682145,0.0563561691250865,0.0,0.0,0.0,0.0,0.4999999995955062,0.0131330209276319,9.762211113477818,0.7463888271108007,0.8654014079139297,8.7219202653585,0.0197800929600868,1,11,2,0.0971563981042654,0.3412322274881517,12.571790643821096
/Users/kevin.kunkel/Documents/Dev/Uni/ca-friend-foe-analysis/frames/jud_suess/frame_094245.png,59.65115288354013,48.319333932837765,0.810031852128169,0.8295769210288088,0.0621705096118004,0.0,0.0,0.0,0.0,0.4999999995808966,0.0203551839821076,-3.538700143777625,0.8406278289578785,0.814608882053274,10.970058534783467,0.0207064756938185,3,12,2,0.0535205548751264,0.3139810426540284,53.102466786114434
/Users/kevin.kunkel/Documents/Dev/Uni/ca-friend-foe-analysis/frames/jud_suess/frame_094487.png,64.06163134352202,50.4208372826355,0.7870676432442638,0.7481761542148144,0.0534839448319931,0.0,0.0,0.0,0.0,0.4999999996097508,0.0129666116406624,17.41625619042547,0.7663431409093804,0.8625806465085635,8.799050327380101,0.0196395511197734,2,11,1,0.0809947281537888,0.3909952606635071,25.741618137909818
/Users/kevin.kunkel/Documents/Dev/Uni/ca-friend-foe-analysis/frames/jud_suess/frame_094572.png,66.91257854518345,49.03034164603764,0.7327522364073019,0.7939886309175143,0.0656351509665051,0.0,0.0,0.0,0.0,0.4999999996263782,0.0098314606741573,31.612555913520424,0.8942801930399935,0.8581845960600546,5.970435404257543,0.020121423781074,5,5,1,0.1714980829650141,0.4680094786729857,36.85985356265758
/Users/kevin.kunkel/Documents/Dev/Uni/ca-friend-foe-analysis/frames/jud_suess/frame_094976.png,66.81913973055008,53.55078310087926,0.8014288007400471,0.7197268225145109,0.0712897385377283,0.0,0.0,0.0,0.0,0.4999999996258557,0.0107200862665743,16.011295862399493,0.734438813067162,0.8470274994283351,9.04118594954947,0.0184927281765313,3,10,1,0.0729005804355929,0.4597156398104265,18.152692747666265
/Users/kevin.kunkel/Documents/Dev/Uni/ca-friend-foe-analysis/frames/jud_suess/frame_095337.png,63.456167793812234,52.433707620684665,0.8262980473139728,0.769409979232121,0.0756529900420682,0.0,0.0,0.0,0.0,0.4999999996060273,0.0067828425368762,46.7591924490122,0.8542060958788968,0.8738515801442788,6.155068045732132,0.0188079455108217,1,3,1,0.1775953192395761,0.4016587677725118,15.940614668440205
/Users/kevin.kunkel/Documents/Dev/Uni/ca-friend-foe-analysis/frames/jud_suess/frame_096624.png,62.80576708024921,47.72160347611333,0.7598283663848077,0.7218069386016295,0.0376617498269343,0.0,0.0,0.0,0.0,0.4999999996019474,0.0129899089408381,12.358325789445658,0.8388536318728993,0.7961697933340225,7.852402360738046,0.0206925088154904,3,4,2,0.0151299323712657,0.4940758293838863,14.91909251994544
/Users/kevin.kunkel/Documents/Dev/Uni/ca-friend-foe-analysis/frames/jud_suess/frame_097253.png,72.69332432504393,58.19003829384232,0.8004866850441495,0.6997277544065179,0.1047413334043346,0.0,0.0,0.0,0.0,0.4999999996560895,0.0169670908994089,25.084259678364138,0.8417413746477344,0.754307351035627,7.699720250162739,0.0170104368111935,5,8,0,0.0,0.5,43.38291393688897
/Users/kevin.kunkel/Documents/Dev/Uni/ca-friend-foe-analysis/frames/jud_suess/frame_097281.png,72.02182957026466,57.63285026038332,0.800213636952047,0.6980270514936897,0.0987040044730816,0.0,0.0,0.0,0.0,0.499999999652883,0.0147405346397571,7.594510490441451,0.8398902246877771,0.7376747232254636,6.861751315666192,0.0171544250675137,3,4,1,0.0287854784599818,0.3045023696682464,33.03394573369625
/Users/kevin.kunkel/Documents/Dev/Uni/ca-friend-foe-analysis/frames/jud_suess/frame_097364.png,78.17955894882581,43.50283076380052,0.5564476353292235,0.6731255657915757,0.0548085627562703,0.0,0.0,0.0,0.0,0.4999999996802233,0.0101210128334842,-6.111144762766912,0.840145777145727,0.8376504470471292,9.89558194197988,0.0227804436321723,3,3,1,0.0158454923052345,0.3708530805687204,14.726672844321715
/Users/kevin.kunkel/Documents/Dev/Uni/ca-friend-foe-analysis/frames/jud_suess/frame_097500.png,90.50348793865489,50.490143269928055,0.5578806338200274,0.5238231535225518,0.0875712231748229,0.0,0.0,0.0,0.0,0.4999999997237676,0.0055647265562596,32.81276958304488,0.8214049590228552,0.8212086091159398,7.834266172886729,0.0195150713209075,5,13,2,0.0729039086213323,0.4111374407582938,8.284949302558541
/Users/kevin.kunkel/Documents/Dev/Uni/ca-friend-foe-analysis/frames/jud_suess/frame_097656.png,87.41250865328293,46.391048705035736,0.5307140747552729,0.5778529208158049,0.0671993982640183,0.0,0.0,0.0,0.0,0.4999999997139998,0.0143145268651152,-6.702593322328141,0.8260595116154987,0.8219280193039993,11.33201746301771,0.0214449349219391,7,4,1,0.0149402257841205,0.3447867298578199,22.953820289427576
/Users/kevin.kunkel/Documents/Dev/Uni/ca-friend-foe-analysis/frames/jud_suess/frame_097830.png,99.29073699345012,63.86169784635013,0.6431788071655163,0.5329057724053464,0.1971118004153575,0.0,0.0,0.0,0.0,0.4999999997482142,0.0304662122583737,33.419351403163105,0.7030665250817298,0.7287483724519149,13.2239998168153,0.0155893937718339,9,14,3,0.0681545875712231,0.3210900473933649,40.88089266600947
/Users/kevin.kunkel/Documents/Dev/Uni/ca-friend-foe-analysis/frames/jud_suess/frame_097939.png,80.62839142126843,51.230371181295205,0.6353887286438238,0.6273097609031365,0.0785252143351616,0.0,0.0,0.0,0.0,0.4999999996899355,0.0297706214388412,19.20649062782897,0.7992091969649034,0.7663008272695094,12.001311238203533,0.0194527169843705,6,14,1,0.0229278715586559,0.3424170616113744,47.20962762948107
/Users/kevin.kunkel/Documents/Dev/Uni/ca-friend-foe-analysis/frames/jud_suess/frame_098081.png,82.26584882049097,58.465418591634965,0.7106888138739217,0.6037162521966026,0.1036463602960754,0.0,0.0,0.0,0.0,0.4999999996961072,0.0248515629160232,40.077087438095745,0.8177474525674799,0.760324632542191,12.49652554234036,0.017000664772536,13,14,3,0.0673391820650726,0.3329383886255924,17.947867113579612
/Users/kevin.kunkel/Documents/Dev/Uni/ca-friend-foe-analysis/frames/jud_suess/frame_098263.png,67.26686058895575,55.84700632080762,0.8302306031352656,0.7223128228340168,0.0657349965386868,0.0,0.0,0.0,0.0,0.499999999628346,0.012177831620427,50.76984264337824,0.8272661681958049,0.8829007997043005,9.19621171476458,0.0177281100168581,6,12,2,0.1337564566803344,0.54739336492891,29.207994289125285
/Users/kevin.kunkel/Documents/Dev/Uni/ca-friend-foe-analysis/frames/jud_suess/frame_098446.png,69.32270421747697,59.103701813135466,0.8525879420753472,0.7201395175461952,0.0918379572927206,0.0,0.0,0.0,0.0,0.4999999996393678,0.0193400873315938,2.845715293679106,0.8038873470470248,0.7849786056389647,10.85858215900967,0.0167928940289059,6,8,3,0.1461905586026945,0.2464454976303317,21.37128949573995
/Users/kevin.kunkel/Documents/Dev/Uni/ca-friend-foe-analysis/frames/jud_suess/frame_098903.png,71.95761555460888,52.96734392986629,0.7360908702715435,0.7102714468289046,0.074378294903882,0.0,0.0,0.0,0.0,0.4999999996525733,0.0721151286010969,21.992554848500973,0.8185555360650038,0.820738251634857,23.231997937782104,0.0196552696159044,1,38,0,0.0,0.5,144.80124836136204
/Users/kevin.kunkel/Documents/Dev/Uni/ca-friend-foe-analysis/frames/jud_suess/frame_098944.png,69.84856422067203,53.24745350265772,0.7623271003567195,0.7270621438841259,0.0724878854039086,0.0,0.0,0.0,0.0,0.4999999996420828,0.0751670749241173,23.80067162788221,0.8219594217153287,0.824189593298313,23.687230408938873,0.0196516463746551,1,36,1,0.1226902390968635,0.3838862559241706,185.6312825050585
/Users/kevin.kunkel/Documents/Dev/Uni/ca-friend-foe-analysis/frames/jud_suess/frame_099043.png,89.20296607913095,64.78644556693123,0.7262812924497576,0.5569718834868737,0.1256889344480536,0.0,0.0,0.0,0.0,0.4999999997197403,0.0353852707811917,42.51508333777092,0.7660881105197817,0.7422654007553284,15.982785098068598,0.0154333257052663,15,11,1,0.0633819692209382,0.3199052132701421,59.91913283423835
/Users/kevin.kunkel/Documents/Dev/Uni/ca-friend-foe-analysis/frames/jud_suess/frame_099109.png,66.02690505351723,56.008726788791606,0.8482712715152613,0.7323373182810586,0.0722648969593695,0.0,0.0,0.0,0.0,0.4999999996213665,0.0434195111560785,36.3922200330156,0.8293270330124701,0.7914767120970546,15.418119684254856,0.017979099370041,2,20,4,0.0534839448319931,0.2819905213270142,52.60418279230296
/Users/kevin.kunkel/Documents/Dev/Uni/ca-friend-foe-analysis/frames/jud_suess/frame_099154.png,60.51981268970659,54.40620711041418,0.8989817483319738,0.7563302092763193,0.0636648650087864,0.0,0.0,0.0,0.0,0.4999999995869121,0.0397917887001437,36.012697028595774,0.8344700588579859,0.8055723226507707,14.49462122186897,0.0184613715177922,1,13,4,0.0485182917088236,0.2808056872037914,38.51496929262983
/Users/kevin.kunkel/Documents/Dev/Uni/ca-friend-foe-analysis/frames/jud_suess/frame_099319.png,57.25400047925875,50.546030145850146,0.8828383979190673,0.7700989136801747,0.0442548857766654,0.0,0.0,0.0,0.0,0.4999999995633493,0.0403276266041855,27.51984264337824,0.8510272216879723,0.7957028554006405,14.538801301089784,0.0199438758835436,2,16,3,0.0551014431013366,0.3483412322274881,47.93305110326266
/Users/kevin.kunkel/Documents/Dev/Uni/ca-friend-foe-analysis/frames/jud_suess/frame_099398.png,66.22653961872304,64.0664226176893,0.967382908570972,0.7387640449438202,0.1029407849193247,0.0,0.0,0.0,0.0,0.4999999996225078,0.0379280046860855,1.3381203738218233,0.7755227992469687,0.7915177205660474,16.61355549122741,0.015633362741552,3,21,4,0.0459921987326268,0.3672985781990521,25.26265376772808
/Users/kevin.kunkel/Documents/Dev/Uni/ca-friend-foe-analysis/frames/jud_suess/frame_099685.png,56.563368656477984,50.81966925857261,0.8984554911742669,0.7794943820224719,0.0445311251930347,0.0,0.0,0.0,0.0,0.4999999995580179,0.0349825603067256,33.49914798445071,0.8395739817839911,0.7919014669076534,13.338799501957538,0.019746974929994,1,16,2,0.0447840673092284,0.3459715639810427,34.41053397950753
/Users/kevin.kunkel/Documents/Dev/Uni/ca-friend-foe-analysis/frames/jud_suess/frame_099751.png,29.027011555460888,49.43151499886745,1.702948811458786,0.9031531231694978,0.0456926620160817,0.0,0.0,0.0,0.0,0.4999999991387332,0.0159786197348101,20.836013632248783,0.8548422361649277,0.8796824049391843,7.916947032110283,0.020143675600308,2,5,1,0.0455595345865062,0.3353080568720379,63.15110397554901
/Users/kevin.kunkel/Documents/Dev/Uni/ca-friend-foe-analysis/frames/jud_suess/frame_099794.png,28.503657676127588,49.30634787339826,1.7298252827990854,0.90335947068534,0.0456161137440758,0.0,0.0,0.0,0.0,0.4999999991229196,0.0168772298844453,20.00928231002716,0.8577626082117176,0.8817946151781976,7.685492886436589,0.0201781879581944,2,4,1,0.0487279674104052,0.3305687203791469,51.84074841868369
/Users/kevin.kunkel/Documents/Dev/Uni/ca-friend-foe-analysis/frames/jud_suess/frame_099911.png,55.635487113264816,52.21530348028149,0.9385251409793014,0.7710674157303371,0.0472202992704616,0.0,0.0,0.0,0.0,0.4999999995506465,0.03937576548272,36.817212711006974,0.8448183933033249,0.7985051877932066,14.16620441934072,0.0192970789970465,2,17,1,0.0177359018052079,0.3092417061611374,52.270058689580026
/Users/kevin.kunkel/Documents/Dev/Uni/ca-friend-foe-analysis/frames/jud_suess/frame_099964.png,50.17499933436285,57.74010318385663,1.1507743664131014,0.8097808722509185,0.070980217263965,0.0,0.0,0.0,0.0,0.4999999995017439,0.0329091005910857,18.264254619521807,0.8038427624098258,0.822548784677085,14.377987073062693,0.0173112787452536,1,8,8,0.1952147345439054,0.3649289099526066,33.950938399325125
/Users/kevin.kunkel/Documents/Dev/Uni/ca-friend-foe-analysis/frames/jud_suess/frame_100240.png,76.65191836626019,59.21089561727938,0.7724646271357473,0.6813062463389957,0.1008140742318547,0.0,0.0,0.0,0.0,0.4999999996738503,0.061202007561638,37.88877868896107,0.8078806217625236,0.7896256665507675,21.68446973960793,0.0172935118280276,1,31,1,0.0093488737419457,0.5035545023696683,121.89836643167328
/Users/kevin.kunkel/Documents/Dev/Uni/ca-friend-foe-analysis/frames/jud_suess/frame_100373.png,87.10442848394483,67.29244122583293,0.7725490232793553,0.6037362213110389,0.1376670749241173,0.0,0.0,0.0,0.0,0.4999999997129882,0.0336978806113211,39.395491639597424,0.7540986281087865,0.7491444604893451,12.883769606180532,0.0147850047466133,15,14,3,0.0602867564833058,0.2606635071090047,55.309938435996
/Users/kevin.kunkel/Documents/Dev/Uni/ca-friend-foe-analysis/frames/jud_suess/frame_100465.png,74.35117684647744,62.99165825417964,0.8472180379810924,0.6743503381436711,0.1231295596144629,0.0,0.0,0.0,0.0,0.4999999996637578,0.0488178284253687,35.19609670376485,0.7385662332455214,0.7531126759239827,18.43157831742022,0.0159426340971819,6,18,4,0.1043818893444805,0.4111374407582938,47.83018614991019
/Users/kevin.kunkel/Documents/Dev/Uni/ca-friend-foe-analysis/frames/jud_suess/frame_100588.png,83.57966345385803,60.18429014677695,0.7200829434781668,0.6367118856169125,0.1117837744288833,0.0,0.0,0.0,0.0,0.4999999997008842,0.0691596996645188,37.91879226795889,0.8295139334822272,0.7870786516853933,22.89930651733707,0.0171272635124704,14,29,0,0.0,0.5,146.80967541415163
/Users/kevin.kunkel/Documents/Dev/Uni/ca-friend-foe-analysis/frames/jud_suess/frame_100815.png,91.4530892220033,75.15509707430904,0.8217884997814611,0.5730736460940412,0.1832199531391448,0.0,0.0,0.0,0.0,0.4999999997266358,0.0588223547579743,52.23935979019116,0.7994064343880158,0.7216887814820268,21.172379364087565,0.0133682459096669,13,31,2,0.1065185845891687,0.5296208530805687,77.0821703615623
/Users/kevin.kunkel/Documents/Dev/Uni/ca-friend-foe-analysis/frames/jud_suess/frame_100817.png,91.54396866180308,74.9722251659575,0.8189750365863516,0.5723913680174664,0.1829969646946056,0.0,0.0,0.0,0.0,0.4999999997269072,0.0578738218222482,51.492361813728095,0.7988179067356215,0.720317882198409,21.04501398284087,0.0133935598556052,14,30,1,0.0487279674104052,0.3518957345971564,73.53919834401601
/Users/kevin.kunkel/Documents/Dev/Uni/ca-friend-foe-analysis/frames/jud_suess/frame_101045.png,90.8199351669418,70.39415861942209,0.7750958907041344,0.5750006656371479,0.1692016348048352,0.0,0.0,0.0,0.0,0.4999999997247301,0.0768411523510304,49.06214055594015,0.7306322822009148,0.7224845702698781,22.74983096912635,0.0144462128611539,13,23,0,0.0,0.5,136.7700145684706
/Users/kevin.kunkel/Documents/Dev/Uni/ca-friend-foe-analysis/frames/jud_suess/frame_101459.png,77.92227687842804,65.08931716288245,0.8353107697417742,0.6280319772085841,0.114010330688535,0.0,0.0,0.0,0.0,0.4999999996791675,0.0964408381702966,34.23398809840779,0.8136871442756771,0.7501029779822893,24.35850207873621,0.015872425927292,13,25,0,0.0,0.5,278.00629575397573
/Users/kevin.kunkel/Documents/Dev/Uni/ca-friend-foe-analysis/frames/jud_suess/frame_101626.png,102.04883114116832,73.102239923683,0.7163456850468294,0.4841112412801533,0.2006729591565046,0.0,0.0,0.0,0.0,0.4999999997550192,0.0425508546780978,44.15225784120561,0.6799718396331321,0.7835307795837863,18.191253564371983,0.0136977596465619,16,21,1,0.1252595984876724,0.4028436018957346,154.28448662433684
/Users/kevin.kunkel/Documents/Dev/Uni/ca-friend-foe-analysis/frames/jud_suess/frame_101799.png,80.3079370573513,64.13251110486526,0.7985824736004272,0.6288873209436072,0.1122297513179615,0.0,0.0,0.0,0.0,0.4999999996886983,0.03315871452154,38.13507109004739,0.7888241350110522,0.8056817220737807,14.517002669459869,0.0155637548734048,8,16,1,0.0984610469141061,0.4360189573459715,83.87412629208774
/Users/kevin.kunkel/Documents/Dev/Uni/ca-friend-foe-analysis/frames/jud_suess/frame_101801.png,79.9192748548911,64.15993184927102,0.8028092332604977,0.6311538154321317,0.1118703072581074,0.0,0.0,0.0,0.0,0.4999999996871844,0.0337777570690665,38.25862332925077,0.7875258815385145,0.8056371635399993,14.690379699295448,0.0155734413473063,10,15,1,0.0830848287981255,0.433649289099526,102.5886752259181
/Users/kevin.kunkel/Documents/Dev/Uni/ca-friend-foe-analysis/frames/jud_suess/frame_102001.png,90.05053517226689,68.87040508816861,0.7647972872114489,0.5699085414558815,0.1587644443261089,0.0,0.0,0.0,0.0,0.4999999997223781,0.0818866819319452,39.086319825336815,0.7222857405382943,0.7206825208383583,23.535514154366076,0.0148006281502771,15,28,3,0.0113191596996645,0.481042654028436,122.04530052486896
/Users/kevin.kunkel/Documents/Dev/Uni/ca-friend-foe-analysis/frames/jud_suess/frame_102278.png,92.78454656797489,70.8173878103739,0.7632455010400664,0.5692695297939188,0.1728792800468608,0.0,0.0,0.0,0.0,0.4999999997305586,0.048734623781884,43.75447308163373,0.8323556559318972,0.7763947317038535,17.363918951701713,0.0141750002211301,12,19,1,0.1114576122264231,0.3613744075829384,157.7983262674183
/Users/kevin.kunkel/Documents/Dev/Uni/ca-friend-foe-analysis/frames/jud_suess/frame_102387.png,77.04180534107248,63.8434520319992,0.8286858240988603,0.6278189733212631,0.1064686618030779,0.0,0.0,0.0,0.0,0.4999999996755008,0.0893750998455721,30.536779780605997,0.810602503422158,0.745676725879659,23.824319568988106,0.0161006514911402,4,29,0,0.0,0.5,207.7973081832236
/Users/kevin.kunkel/Documents/Dev/Uni/ca-friend-foe-analysis/frames/jud_suess/frame_102631.png,79.96287075989137,60.38686363151468,0.7551862881126766,0.6001018424836253,0.0981914638692156,0.0,0.0,0.0,0.0,0.4999999996873549,0.0569985089727887,23.218115980616645,0.8327583794580722,0.7070211406358167,17.224467173227822,0.0167489255314029,10,30,0,0.0,0.5,234.3889474785884
/Users/kevin.kunkel/Documents/Dev/Uni/ca-friend-foe-analysis/frames/jud_suess/frame_102855.png,78.8524914798445,63.60288645101898,0.80660591918793,0.6526738644230258,0.1224239842377123,0.0,0.0,0.0,0.0,0.4999999996829523,0.0466811331806805,6.326059028702275,0.7299316664735014,0.7683101117330685,18.283920807170663,0.0160015344434747,4,22,1,0.0182251451088982,0.3625592417061611,200.39250213914931
/Users/kevin.kunkel/Documents/Dev/Uni/ca-friend-foe-analysis/frames/jud_suess/frame_103022.png,69.28021327014218,47.71706067462943,0.688754528218502,0.6102195271313702,0.0309953937909366,0.0,0.0,0.0,0.0,0.4999999996391466,0.0185712764257947,14.179036423664726,0.7798715503028518,0.7786410874057275,9.40504390022044,0.0207870668468439,3,10,0,0.0,0.5,39.95565964028433
/Users/kevin.kunkel/Documents/Dev/Uni/ca-friend-foe-analysis/frames/jud_suess/frame_103479.png,92.3810073752596,68.01640523422542,0.7362596175673964,0.5115055381010704,0.1356635071090047,0.0,0.0,0.0,0.0,0.4999999997293816,0.0375319505830981,29.574860881836088,0.7691564889441584,0.773427425712284,13.39914203102984,0.0146862987611493,8,11,1,0.0440152564034293,0.3590047393364929,87.72779618184802
/Users/kevin.kunkel/Documents/Dev/Uni/ca-friend-foe-analysis/frames/jud_suess/frame_103481.png,92.290776931679,67.8160903017581,0.7348089644806012,0.5118317003035305,0.1351609510623569,0.0,0.0,0.0,0.0,0.499999999729117,0.0364735875179722,29.139837052026195,0.7689873649017624,0.7742077351735198,13.310429468308085,0.0147243934221858,8,12,1,0.0503521220512274,0.3613744075829384,76.62204541204376
/Users/kevin.kunkel/Documents/Dev/Uni/ca-friend-foe-analysis/frames/jud_suess/frame_103736.png,70.73854105649929,57.9116391685789,0.8186716635908192,0.6349612599179935,0.0663440545289951,0.0,0.0,0.0,0.0,0.4999999996465858,0.0186877629266734,21.51163200915916,0.8001829066468699,0.817373938765559,10.716252210031838,0.0171739214627118,3,7,1,0.0528382767985515,0.3151658767772511,60.08582400305381
/Users/kevin.kunkel/Documents/Dev/Uni/ca-friend-foe-analysis/frames/jud_suess/frame_104091.png,116.18997284200437,67.23704979322204,0.5786820333178241,0.3742178763512434,0.2664179402524096,0.0,0.0,0.0,0.0,0.4999999997848351,0.0672925874647212,15.277570690665115,0.6954943935079756,0.7598537268893393,21.401371708171588,0.0149941446225357,14,55,2,0.077666542414399,0.3436018957345971,71.69080430545519
/Users/kevin.kunkel/Documents/Dev/Uni/ca-friend-foe-analysis/frames/jud_suess/frame_104181.png,71.70553211033601,58.19343790041736,0.811561341316271,0.6372410671494755,0.0688901166196283,0.0,0.0,0.0,0.0,0.4999999996513519,0.0152830289152777,34.04689080888227,0.7738577666542414,0.8298906841079261,8.968632650105333,0.0170335573272683,4,6,1,0.0768944033228606,0.3578199052132701,40.85842937625034
/Users/kevin.kunkel/Documents/Dev/Uni/ca-friend-foe-analysis/frames/jud_suess/frame_104288.png,105.8571309707652,64.33982472279862,0.6077986817892091,0.4509092603440012,0.199165291016561,0.0,0.0,0.0,0.0,0.4999999997638326,0.076368549976037,7.433233265882109,0.7703360501770333,0.7610821276164761,24.043272972077563,0.0157701074777296,24,51,2,0.0348960274775014,0.3732227488151659,77.6109475921197
/Users/kevin.kunkel/Documents/Dev/Uni/ca-friend-foe-analysis/frames/jud_suess/frame_104350.png,70.63662868097343,57.67675300277825,0.816527543827431,0.6415743649821609,0.065924703125832,0.0,0.0,0.0,0.0,0.499999999646076,0.0159852761062889,31.870866393311672,0.7767478065298221,0.8253828066185738,9.224805618206211,0.0171932717518517,2,7,1,0.0719187656424729,0.3637440758293839,46.0089196243227
/Users/kevin.kunkel/Documents/Dev/Uni/ca-friend-foe-analysis/frames/jud_suess/frame_104542.png,86.79998269343416,66.71177376265598,0.7685689745056296,0.5352954097662282,0.121225837371532,0.0,0.0,0.0,0.0,0.4999999997119815,0.0509545236700569,12.84762900047926,0.7363002477736396,0.7227209889227537,18.423990221819487,0.0150550923991423,7,32,6,0.1859590500026625,0.6777251184834123,87.33579061579982
/Users/kevin.kunkel/Documents/Dev/Uni/ca-friend-foe-analysis/frames/jud_suess/frame_105186.png,123.89670309920656,68.82551400787575,0.5555072268324611,0.3102568028116513,0.2955062836146759,0.0,0.0,0.0,0.0,0.499999999798219,0.0536902923478353,9.437832818573938,0.7286542696315972,0.6943879479476971,19.83399958435934,0.0145757571442249,15,45,1,0.0432531018691091,0.3151658767772511,39.954469171157605
/Users/kevin.kunkel/Documents/Dev/Uni/ca-friend-foe-analysis/frames/jud_suess/frame_105269.png,68.96572301507003,56.147245817005626,0.8141326340234752,0.6505571382927738,0.0561564779807231,0.0,0.0,0.0,0.0,0.4999999996375011,0.015286357101017,27.74959728952554,0.8106009894239393,0.8227248261251356,9.341537838090307,0.0176502672549178,3,9,1,0.0680580701847808,0.3258293838862559,30.64621607582246
/Users/kevin.kunkel/Documents/Dev/Uni/ca-friend-foe-analysis/frames/jud_suess/frame_105557.png,102.85278436018956,60.9683195359857,0.5927726687806322,0.4344547100484583,0.1675974492784493,0.0,0.0,0.0,0.0,0.4999999997569341,0.0723447734171148,6.416732120986211,0.7607911267174743,0.7583059247448913,23.57266657762572,0.0166258839242432,22,47,3,0.070936950849353,0.4514218009478673,77.27430276211508
/Users/kevin.kunkel/Documents/Dev/Uni/ca-friend-foe-analysis/frames/jud_suess/frame_105735.png,80.00432331327546,63.16854481988781,0.7895641400975336,0.5638113051813196,0.1108884924649874,0.0,0.0,0.0,0.0,0.4999999996875169,0.0254572927205921,16.71139637360882,0.70966695693667,0.7785432779001158,11.816145241031814,0.0157346504795483,6,10,0,0.0,0.5,30.80702931584662
/Users/kevin.kunkel/Documents/Dev/Uni/ca-friend-foe-analysis/frames/jud_suess/frame_106228.png,118.36962830821662,68.95880977765323,0.5825718193508028,0.3947893924064114,0.2574984024708451,0.0,0.0,0.0,0.0,0.4999999997887971,0.1031571169923851,0.3877070131529905,0.6983946920266588,0.7370074937691142,26.63238042511376,0.0148287695534765,27,47,2,0.0376084988551041,0.3459715639810427,172.6904018109976
/Users/kevin.kunkel/Documents/Dev/Uni/ca-friend-foe-analysis/frames/jud_suess/frame_106403.png,95.81404760636882,64.41026925512688,0.6722424404041276,0.4944618989296555,0.1524874860216199,0.0,0.0,0.0,0.0,0.4999999997390779,0.0390795569519143,17.77404281378135,0.7446077648270022,0.7234134081770522,15.420694149215128,0.0155077356836532,9,21,2,0.0751171521380265,0.4514218009478673,57.2088275928528
/Users/kevin.kunkel/Documents/Dev/Uni/ca-friend-foe-analysis/frames/jud_suess/frame_106515.png,98.74970711965491,60.07376624187528,0.6083437402831947,0.4951175515203152,0.1609876724000213,0.0,0.0,0.0,0.0,0.4999999997468347,0.0807417860375951,10.871092709941962,0.7274624658958849,0.7842566634194015,20.463538161397704,0.0168659501165524,24,30,2,0.0485415890089994,0.3732227488151659,112.52355007463522
/Users/kevin.kunkel/Documents/Dev/Uni/ca-friend-foe-analysis/frames/jud_suess/frame_106628.png,70.7743257095692,52.66481407156886,0.7441231473299066,0.6473753927259173,0.0540563927791682,0.0,0.0,0.0,0.0,0.4999999996467645,0.0370793173225411,18.809824138665533,0.7959389608125054,0.7745645427882,13.509363402597383,0.018947594833655,2,17,4,0.1390149901485702,0.6315165876777251,52.53206728041003
/Users/kevin.kunkel/Documents/Dev/Uni/ca-friend-foe-analysis/frames/jud_suess/frame_106700.png,86.69182331327546,54.234514918736195,0.6256012710701739,0.5570684008733159,0.0943540657116992,0.0,0.0,0.0,0.0,0.4999999997116222,0.0714095532243463,9.514231322221631,0.7511657786284012,0.8052916326017068,18.493690475949684,0.0186436724712023,11,25,2,0.0439753181745566,0.3791469194312796,95.45321566139027
/Users/kevin.kunkel/Documents/Dev/Uni/ca-friend-foe-analysis/frames/jud_suess/frame_107192.png,64.90427472176367,48.81515557493532,0.7521100221670861,0.6813628254965653,0.0356748229405186,0.0,0.0,0.0,0.0,0.4999999996148174,0.026968289046275,19.01552931466,0.8193525517134805,0.7996702094224984,12.192676653731436,0.0203663214733379,2,16,4,0.188448532935726,0.7381516587677726,22.968500127047054
/Users/kevin.kunkel/Documents/Dev/Uni/ca-friend-foe-analysis/frames/jud_suess/frame_107632.png,89.58355410298738,57.00907262388267,0.6363787765632274,0.5470505617977528,0.119022578412056,0.0,0.0,0.0,0.0,0.4999999997209309,0.0738258160711433,3.58242917620747,0.7250528855239844,0.7957351453281669,19.373687619618504,0.0177361520652445,13,32,0,0.0,0.5,74.3388265368991
/Users/kevin.kunkel/Documents/Dev/Uni/ca-friend-foe-analysis/frames/jud_suess/frame_107761.png,78.91445231375472,48.25395834665011,0.6114717503664701,0.6005378348154854,0.0423578199052132,0.0,0.0,0.0,0.0,0.4999999996832012,0.0204483731828105,26.46959369508494,0.8340110302601258,0.8203689143797462,10.600187138288222,0.0205637853895808,6,4,1,0.0213003887320943,0.3151658767772511,31.447043839321463
/Users/kevin.kunkel/Documents/Dev/Uni/ca-friend-foe-analysis/frames/jud_suess/frame_108608.png,83.93209835454498,43.65476438405622,0.5201200159161788,0.5647731508600032,0.0363803983172692,0.0,0.0,0.0,0.0,0.4999999997021402,0.0229611534160498,13.983525480590018,0.7972550168158217,0.8072893271478675,11.68363857740065,0.0227471217591536,9,7,1,0.1745333883593375,0.5414691943127962,25.80326629060227
/Users/kevin.kunkel/Documents/Dev/Uni/ca-friend-foe-analysis/frames/jud_suess/frame_108726.png,112.76211792427712,29.60024411122132,0.2625016683781031,0.1785837904041748,0.0093888119708184,0.0,0.0,0.0,0.0,0.4999999997782943,0.0045829117631396,8.399951408488207,0.866709554581724,0.8869437231200058,6.153014981142906,0.0330724335179603,9,2,1,0.0223787209116566,0.3341232227488152,6.942826681527362
/Users/kevin.kunkel/Documents/Dev/Uni/ca-friend-foe-analysis/frames/jud_suess/frame_108788.png,85.30677552052825,52.66987299410519,0.617417228713433,0.5438188934448054,0.082286064220672,0.0,0.0,0.0,0.0,0.49999999970694,0.0732966345385803,28.246741706161146,0.7877393552873516,0.8118652301433913,17.593915558484554,0.0192097876372331,16,30,3,0.3689560146972682,0.4727488151658768,77.29906589983757
/Users/kevin.kunkel/Documents/Dev/Uni/ca-friend-foe-analysis/frames/jud_suess/frame_109005.png,74.59482333990096,53.30997386514578,0.7146605006458149,0.6662129240108632,0.0843794930507481,0.0,0.0,0.0,0.0,0.4999999996648561,0.0294577719793386,17.98973920336546,0.8242945812437548,0.7585745289116232,11.65457550624066,0.0186427894725435,4,10,4,0.1036164066244209,0.2867298578199052,31.70604832716527
/Users/kevin.kunkel/Documents/Dev/Uni/ca-friend-foe-analysis/frames/jud_suess/frame_109127.png,80.18860495766548,49.8480055358058,0.6216345265011026,0.5820397784759572,0.0567721923425102,0.0,0.0,0.0,0.0,0.499999999688235,0.066121066084456,29.852984051333937,0.8386229037650526,0.8196563171836709,15.795917145371206,0.0202607882444676,13,19,2,0.0448173491666222,0.6457345971563981,75.54717310621788
/Users/kevin.kunkel/Documents/Dev/Uni/ca-friend-foe-analysis/frames/jud_suess/frame_109604.png,62.656544544437935,46.004466670397875,0.7342324242657023,0.7309527930134725,0.0140715693061398,0.0,0.0,0.0,0.0,0.4999999996009994,0.0125639011661962,20.902138026518983,0.7882764853105628,0.8145920714523628,8.629709773278412,0.0214449973555418,5,5,0,0.0,0.5,14.205261184151484
/Users/kevin.kunkel/Documents/Dev/Uni/ca-friend-foe-analysis/frames/jud_suess/frame_109688.png,66.28646360296075,46.7013289942419,0.7045379461411205,0.6966724798977582,0.0306292933596038,0.0,0.0,0.0,0.0,0.4999999996228491,0.0208577400287555,29.464588103732893,0.8466719186742805,0.8294162544937034,10.002663883015734,0.0211996547665269,2,2,1,0.1917034985888492,0.5829383886255924,22.93338619545428
/Users/kevin.kunkel/Documents/Dev/Uni/ca-friend-foe-analysis/frames/jud_suess/frame_110054.png,63.263762048032376,52.29386282921915,0.8266005854481986,0.7077919484530593,0.0427139357793279,0.0,0.0,0.0,0.0,0.4999999996048291,0.0103606422067202,20.468571942062937,0.786705033469802,0.8054472350738048,8.461594072925317,0.0188836012423811,3,3,2,0.1560519729485063,0.4099526066350711,17.398360378719303
/Users/kevin.kunkel/Documents/Dev/Uni/ca-friend-foe-analysis/frames/jud_suess/frame_110226.png,71.03215693061398,49.096146048929825,0.6911819674541207,0.6423132222163055,0.03190398849779,0.0,0.0,0.0,0.0,0.4999999996480467,0.0184980563395281,32.65655120080942,0.8443585293961027,0.7950380013552895,10.141571760865908,0.0201587005559887,5,4,1,0.1745333883593375,0.5675355450236966,19.09948902630622
/Users/kevin.kunkel/Documents/Dev/Uni/ca-friend-foe-analysis/frames/jud_suess/frame_110823.png,120.78331846743704,39.35729181107125,0.3258503929008778,0.1974279780605996,0.0927864902284466,0.0,0.0,0.0,0.0,0.4999999997930178,0.0160651525640342,4.457069732147616,0.8794686440527539,0.8262169413268263,9.203043125643482,0.025122599535041,16,6,1,0.0332818573938974,0.424170616113744,12.699765454262264
/Users/kevin.kunkel/Documents/Dev/Uni/ca-friend-foe-analysis/frames/jud_suess/frame_111717.png,66.48034373502317,43.06739889664245,0.6478215426129263,0.6905319772085841,0.0208577400287555,0.0,0.0,0.0,0.0,0.499999999623949,0.020375153096544,7.687583204643474,0.8347016222751947,0.8339006650106658,8.742259242307112,0.0230382247368746,6,9,1,0.0263625592417061,0.2689573459715639,53.0944440215033
/Users/kevin.kunkel/Documents/Dev/Uni/ca-friend-foe-analysis/frames/jud_suess/frame_111720.png,70.22266893870813,44.19995917313137,0.6294257933825825,0.6421168592576815,0.0255404973640768,0.0,0.0,0.0,0.0,0.4999999996439896,0.0247883273869748,10.33241919165026,0.830059703736652,0.8306197264570667,9.18671977363656,0.0224669067290674,7,7,1,0.0281697640981947,0.2725118483412322,48.258824124178446
/Users/kevin.kunkel/Documents/Dev/Uni/ca-friend-foe-analysis/frames/jud_suess/frame_112451.png,68.89966851270036,55.278399937984254,0.8023028419587308,0.660967703285585,0.0636215985941743,0.0,0.0,0.0,0.0,0.4999999996371536,0.0477295116885883,34.48191463869216,0.7975861647710365,0.8323274120340931,13.582410236896802,0.0181553698068172,7,22,3,0.0881636402364343,0.3258293838862559,46.995146097174604
/Users/kevin.kunkel/Documents/Dev/Uni/ca-friend-foe-analysis/frames/jud_suess/frame_112771.png,61.00475930560733,41.56078730562235,0.6812712272053029,0.7193573938974386,0.0140915384205761,0.0,0.0,0.0,0.0,0.4999999995901959,0.0149668512700356,6.982460461153416,0.8324359500443236,0.8344562501500947,11.441615636791775,0.0238690567912392,1,6,0,0.0,0.5,18.477239602559063
/Users/kevin.kunkel/Documents/Dev/Uni/ca-friend-foe-analysis/frames/jud_suess/frame_115146.png,98.7398357207519,54.70790989884793,0.5540611795037046,0.4224299749720432,0.1069545769210288,0.0,0.0,0.0,0.0,0.4999999997468094,0.0680813674849566,-5.389657329996268,0.7724534288927244,0.7468632567250235,19.442289007698697,0.0185150735525005,18,23,2,0.1558422972469247,0.3684834123222749,110.53583527688626
/Users/kevin.kunkel/Documents/Dev/Uni/ca-friend-foe-analysis/frames/jud_suess/frame_115915.png,45.14303543852175,45.14752002167313,1.0000993394240747,0.8743210501091645,0.0446775653655679,0.0,0.0,0.0,0.0,0.4999999994462047,0.035814606741573,19.08932517705948,0.8495833111454284,0.8747671575153305,11.029310124789648,0.0223891381512127,1,9,1,0.0100677618616539,0.2902843601895735,79.00229728743064
/Users/kevin.kunkel/Documents/Dev/Uni/ca-friend-foe-analysis/frames/jud_suess/frame_116030.png,36.936937536610046,26.723467365589197,0.7234889808272095,0.9426553597103148,0.0041202939453645,0.0,0.0,0.0,0.0,0.4999999993231708,0.0119149049470152,4.9898024388945075,0.8995405798508764,0.935813053588228,6.005010507666695,0.0372299514638562,1,2,1,0.0213003887320943,0.3293838862559242,45.283369210620975
/Users/kevin.kunkel/Documents/Dev/Uni/ca-friend-foe-analysis/frames/jud_suess/frame_116591.png,86.63253168432824,84.1310766363579,0.9711256834303572,0.6668486074870866,0.2301839821076734,0.0,0.0,0.0,0.0,0.4999999997114248,0.0320837105277171,31.84733944831993,0.708267396100567,0.638761669532822,15.119924486104946,0.0118817045433855,2,11,1,0.0140615847489216,0.3068720379146919,70.96221592869044
/Users/kevin.kunkel/Documents/Dev/Uni/ca-friend-foe-analysis/frames/jud_suess/frame_116790.png,51.43258426966292,48.4220572898218,0.9414665407788286,0.8227275147771447,0.0478959209755578,0.0,0.0,0.0,0.0,0.4999999995139268,0.0599372969806699,13.474972043239797,0.8476635875075309,0.83243856038608,18.417660426304582,0.0214773769196308,2,28,1,0.0040770275307524,0.659952606635071,117.26665336233565
/Users/kevin.kunkel/Documents/Dev/Uni/ca-friend-foe-analysis/frames/jud_suess/frame_119888.png,64.55774069439268,65.99552924434253,1.022271356343293,0.7447314819745461,0.1111713882528356,0.0,0.0,0.0,0.0,0.4999999996127497,0.0298305287821502,32.56629413174289,0.7621327379665855,0.7578183129047987,12.345679323839224,0.015162903882264,4,16,0,0.0,0.5,109.85471069425246
/Users/kevin.kunkel/Documents/Dev/Uni/ca-friend-foe-analysis/frames/jud_suess/frame_120580.png,60.358219287502,55.252339413298735,0.9154070476893408,0.7641813994355396,0.0691131050641674,0.0,0.0,0.0,0.0,0.4999999995858062,0.0381742904308003,23.410072421321686,0.7974589889206655,0.8294503977638769,13.700661843610508,0.0182427541104491,1,15,0,0.0,0.5,90.30560157533746
/Users/kevin.kunkel/Documents/Dev/Uni/ca-friend-foe-analysis/frames/jud_suess/frame_120814.png,64.46310040470739,63.25700232288101,0.9812900997255274,0.767795809148517,0.1014264604079024,0.0,0.0,0.0,0.0,0.4999999996121813,0.0714162095958251,35.60098713989029,0.7967438335896688,0.7806329608897715,22.4441110023356,0.0163451977720077,2,24,1,0.0167773843122637,0.5864928909952607,152.12961836699577
/Users/kevin.kunkel/Documents/Dev/Uni/ca-friend-foe-analysis/frames/jud_suess/frame_121038.png,60.306805474199905,62.99640079301337,1.0445985356578746,0.7834382821236487,0.0965074018850844,0.0,0.0,0.0,0.0,0.4999999995854531,0.0270814473614143,35.98040364236647,0.7886029868574513,0.8068706805369786,11.697832483356866,0.0158788647561123,2,6,1,0.0115854145588156,0.5225118483412322,61.908253033493615
/Users/kevin.kunkel/Documents/Dev/Uni/ca-friend-foe-analysis/frames/jud_suess/frame_122042.png,68.5683642632728,55.73244867585488,0.8128011976570757,0.7138159646413547,0.0848720645401778,0.0,0.0,0.0,0.0,0.4999999996354003,0.0274542041642259,16.934338223547584,0.7896837988616822,0.7719393742906396,12.54239997286562,0.0179140803574908,7,17,0,0.0,0.5,47.408545421374555
/Users/kevin.kunkel/Documents/Dev/Uni/ca-friend-foe-analysis/frames/jud_suess/frame_123106.png,69.60054781937271,58.04197028942741,0.8339297897002896,0.6880092124181266,0.0883267213376644,0.0,0.0,0.0,0.0,0.4999999996408074,0.0371325682943713,13.058153389424348,0.7957363460853749,0.7375592417061612,14.143144761728848,0.0172590442846833,4,19,1,0.0246152617285265,0.2393364928909952,71.22954617458376
/Users/kevin.kunkel/Documents/Dev/Uni/ca-friend-foe-analysis/frames/jud_suess/frame_125072.png,49.94787395494968,49.708619984864846,0.9952099248544268,0.8415650460620906,0.0552212577879546,0.0,0.0,0.0,0.0,0.4999999994994782,0.0228413387294318,19.882801267373132,0.8598773765856521,0.8301177055304789,8.964093252962446,0.0200250288442417,1,7,1,0.060656185100378,0.7808056872037915,45.63395070638317
/Users/kevin.kunkel/Documents/Dev/Uni/ca-friend-foe-analysis/frames/jud_suess/frame_125519.png,42.426490361574096,40.324098795746785,0.9504462508457668,0.8746106022684914,0.0248915011448958,0.0,0.0,0.0,0.0,0.4999999994107455,0.0314480270514936,11.910215533308488,0.8720602331139602,0.8719372860172345,10.06081025064298,0.025233442184911,1,9,1,0.0187210447840673,0.2997630331753554,117.2659384246145
/Users/kevin.kunkel/Documents/Dev/Uni/ca-friend-foe-analysis/frames/jud_suess/frame_126151.png,55.78240987273018,54.68553735320692,0.9803365860302652,0.7843435486447627,0.0727641248202779,0.0,0.0,0.0,0.0,0.49999999955183,0.0280532775973161,3.985482453804785,0.8063758119468033,0.8365507361685821,10.842583149655058,0.0182817506592324,3,19,2,0.0270847755471537,0.2642180094786729,47.38764316093811
/Users/kevin.kunkel/Documents/Dev/Uni/ca-friend-foe-analysis/frames/jud_suess/frame_126604.png,58.58164705255871,54.13318792540863,0.9240639441979948,0.8135750039938229,0.0723481016028542,0.0,0.0,0.0,0.0,0.4999999995732452,0.0331187762926673,24.073379839182067,0.8423527427904971,0.8551753157730423,10.625237831652203,0.0184978612617603,4,8,1,0.1078332179562277,0.4218009478672986,193.72573514035585
/Users/kevin.kunkel/Documents/Dev/Uni/ca-friend-foe-analysis/frames/jud_suess/frame_126700.png,57.4122956493956,54.72301649990867,0.953158479130923,0.7859410777996698,0.072158395015709,0.0,0.0,0.0,0.0,0.4999999995645532,0.0176959635763352,33.55492837744289,0.8214461502157708,0.8554606783338502,8.38504679677152,0.0181281894390135,5,3,1,0.0799596623888386,0.3424170616113744,26.69783345551767
/Users/kevin.kunkel/Documents/Dev/Uni/ca-friend-foe-analysis/frames/jud_suess/frame_126931.png,58.94648277331061,50.8608895676021,0.862831624355158,0.7944013259491985,0.0616080462218435,0.0,0.0,0.0,0.0,0.4999999995758865,0.0263758719846637,27.608844986421,0.8613220441273053,0.8667795378442127,9.622625257189078,0.0195769757549593,7,4,1,0.134462032057085,0.4561611374407583,124.76128609563808
/Users/kevin.kunkel/Documents/Dev/Uni/ca-friend-foe-analysis/frames/jud_suess/frame_127032.png,56.52393964002343,56.56473582333146,1.0007217487580602,0.7969507162255711,0.0796634538580329,0.0,0.0,0.0,0.0,0.4999999995577096,0.0170735928430693,38.51088649555355,0.8256038242550868,0.8682997747797132,8.599125814982207,0.0175343723175019,4,1,1,0.0748841791362692,0.3412322274881517,27.332471477045893
/Users/kevin.kunkel/Documents/Dev/Uni/ca-friend-foe-analysis/frames/jud_suess/frame_127148.png,59.33422972469248,53.10992089865194,0.8950975019911654,0.8073978912615155,0.0684141860588955,0.0,0.0,0.0,0.0,0.4999999995786581,0.0228047286862985,32.60647531817456,0.8333068122610885,0.8439952742372843,9.340591933534125,0.018740415241069,3,9,1,0.0332818573938974,0.8364928909952607,139.29087861148523
/Users/kevin.kunkel/Documents/Dev/Uni/ca-friend-foe-analysis/frames/jud_suess/frame_128199.png,81.11478912615155,55.42247903676875,0.6832598539120712,0.6139138133020927,0.0856342190744981,0.0,0.0,0.0,0.0,0.4999999996917948,0.0356714947547792,1.998315938015878,0.7952191068663473,0.7725173822657557,15.483565865982996,0.0180635017699238,5,16,1,0.1371512061345119,0.3803317535545024,40.525599911461896
/Users/kevin.kunkel/Documents/Dev/Uni/ca-friend-foe-analysis/frames/jud_suess/frame_128448.png,74.23330914851697,57.426428963048586,0.7735938158273047,0.7089401725331488,0.0985176260716758,0.0,0.0,0.0,0.0,0.499999999663224,0.0281564513552372,0.4525766813994352,0.7722662934922092,0.840468415386816,12.314629154608392,0.0173572386338907,5,9,0,0.0,0.5,56.85065791973784
/Users/kevin.kunkel/Documents/Dev/Uni/ca-friend-foe-analysis/frames/jud_suess/frame_128993.png,53.27485156291603,46.43330195105749,0.8715801264891957,0.8224978699611268,0.0376983598700676,0.0,0.0,0.0,0.0,0.4999999995307355,0.0341105756430054,20.522368736354437,0.8853071954592583,0.8530648805664233,12.349692205430092,0.0217026290838939,1,16,7,0.0785152297779434,0.4253554502369668,78.1402612126819
/Users/kevin.kunkel/Documents/Dev/Uni/ca-friend-foe-analysis/frames/jud_suess/frame_129040.png,55.71470459023377,47.57955497452833,0.8539855903224153,0.8090153895308589,0.0408268544650939,0.0,0.0,0.0,0.0,0.4999999995512854,0.0312616486500878,19.82665810213536,0.8815858922513571,0.8517538103158618,12.009994499882668,0.021178769502791,1,13,7,0.09255018904095,0.4182464454976303,107.28048274193937
/Users/kevin.kunkel/Documents/Dev/Uni/ca-friend-foe-analysis/frames/jud_suess/frame_129093.png,72.24247830022898,63.48859446247317,0.8788263618357803,0.6751224772352096,0.0978553171095372,0.0,0.0,0.0,0.0,0.4999999996539432,0.014005005591352,20.07823899036157,0.7431039991479844,0.8350118352895235,10.43569264075354,0.0156164836557466,9,11,2,0.2986381063954417,0.4016587677725118,22.21319467567875
/Users/kevin.kunkel/Documents/Dev/Uni/ca-friend-foe-analysis/frames/jud_suess/frame_129127.png,85.752822301507,69.34163882864041,0.8086222340761327,0.6024515416156345,0.1695477661217317,0.0,0.0,0.0,0.0,0.4999999997084644,0.0105070823792534,71.79791256190427,0.7749915685961268,0.8321900558508722,9.562719199721435,0.0142784755014286,5,10,0,0.0,0.5,10.868721381743155
/Users/kevin.kunkel/Documents/Dev/Uni/ca-friend-foe-analysis/frames/jud_suess/frame_129275.png,63.53749534053996,64.55657322188239,1.0160389982997693,0.7423118909420097,0.1014564140795569,0.0,0.0,0.0,0.0,0.4999999996065316,0.0183815698386495,33.6467397092497,0.8178672150472629,0.8364362465791472,9.272559170937209,0.0153804495252291,4,8,1,0.1869408647957825,0.4182464454976303,36.51632065711258
/Users/kevin.kunkel/Documents/Dev/Uni/ca-friend-foe-analysis/frames/jud_suess/frame_129360.png,67.52878880664572,62.57926692283615,0.9267050088718166,0.7477601309973907,0.1053137813515096,0.0,0.0,0.0,0.0,0.4999999996297875,0.0210740721018158,42.297187017413066,0.7743741705639069,0.7778115730023838,12.34021061018437,0.0159066842828489,4,18,3,0.1284047340113957,0.3850710900473933,37.7844241281447
/Users/kevin.kunkel/Documents/Dev/Uni/ca-friend-foe-analysis/frames/jud_suess/frame_129463.png,59.06891008573407,61.24622675945192,1.036860618671846,0.7676460407902445,0.090193833537462,0.0,0.0,0.0,0.0,0.4999999995767655,0.0175262261036263,49.61418006816124,0.8684004295578394,0.8801213339055203,8.486493822899988,0.0162159366528501,1,9,1,0.1901092976196815,0.4798578199052132,47.85465508863461
/Users/kevin.kunkel/Documents/Dev/Uni/ca-friend-foe-analysis/frames/jud_suess/frame_129622.png,70.3310879173545,63.1815693275587,0.8983448302686343,0.726772591724799,0.1109151179509026,0.0,0.0,0.0,0.0,0.4999999996445384,0.0287854784599818,53.20260663507109,0.8243236865543384,0.8195422713523346,13.776102518064906,0.015814261997606,13,10,2,0.0627462857447148,0.6244075829383886,51.216103797369215
/Users/kevin.kunkel/Documents/Dev/Uni/ca-friend-foe-analysis/frames/jud_suess/frame_130427.png,59.83580062836147,44.14640962810243,0.7377925771983118,0.8118243782949038,0.0411896267106874,0.0,0.0,0.0,0.0,0.4999999995821899,0.0301999573992225,23.35142978859363,0.8305439743392964,0.8454576921028809,12.696792652838347,0.0228505349034643,1,10,0,0.0,0.5,92.95052167137824
/Users/kevin.kunkel/Documents/Dev/Uni/ca-friend-foe-analysis/frames/jud_suess/frame_131026.png,121.18427498801852,72.47189486528357,0.5980305185028818,0.3759219074498109,0.2382481761542148,0.0,0.0,0.0,0.0,0.4999999997937026,0.0186544810692795,26.913839927578692,0.7211310297589402,0.6409472303751896,12.037076842685751,0.0137139907555299,19,9,2,0.1203904627509452,0.5118483412322274,30.671621993029095
/Users/kevin.kunkel/Documents/Dev/Uni/ca-friend-foe-analysis/frames/jud_suess/frame_131198.png,96.3969260876511,74.43907357224123,0.7722141827150628,0.555480856275627,0.1950816071143298,0.0,0.0,0.0,0.0,0.4999999997406556,0.0452633260557005,59.6830968102668,0.7380054796294151,0.7623644580042997,17.13531587827495,0.0134589022495838,7,22,3,0.1129752649235848,0.768957345971564,51.37342660472208
/Users/kevin.kunkel/Documents/Dev/Uni/ca-friend-foe-analysis/frames/jud_suess/frame_131283.png,99.45002396293732,74.38175265078375,0.7479309668513603,0.5229544970445711,0.209156504606209,0.0,0.0,0.0,0.0,0.4999999997486175,0.0377283135417221,39.24896160604932,0.7631919885479086,0.6635690263112007,16.818938011061938,0.013460949601799,12,15,1,0.0528382767985515,0.2274881516587677,64.67293732333619
/Users/kevin.kunkel/Documents/Dev/Uni/ca-friend-foe-analysis/frames/jud_suess/frame_131366.png,69.21738710793971,61.98734097114234,0.8955458082363439,0.7283601363224879,0.1030605996059428,0.0,0.0,0.0,0.0,0.4999999996388191,0.0523823153522551,47.00082206187763,0.7939620967935606,0.7994816644374348,18.010479062469845,0.0163733567455583,6,23,1,0.0144975770807817,0.2630331753554502,108.80653561116588
/Users/kevin.kunkel/Documents/Dev/Uni/ca-friend-foe-analysis/frames/jud_suess/frame_131502.png,98.56508932850524,75.00016683173669,0.7609201926016462,0.5430134724958731,0.212461393045423,0.0,0.0,0.0,0.0,0.4999999997463605,0.0394456573832472,38.68573606155812,0.7547617593285784,0.6803113145785499,16.919750509948695,0.0133499074337234,10,12,2,0.0825523190798232,0.2061611374407582,56.368260727245286
/Users/kevin.kunkel/Documents/Dev/Uni/ca-friend-foe-analysis/frames/jud_suess/frame_131808.png,89.1414345811811,67.72198848655279,0.7597139167522258,0.5845459023377176,0.1444399329037755,0.0,0.0,0.0,0.0,0.4999999997195468,0.0562363544384685,37.380584695670706,0.7545308746002262,0.7808218713226811,17.14229161952378,0.0148553252130678,13,20,2,0.0388532403216358,0.2926540284360189,73.46402209384757
/Users/kevin.kunkel/Documents/Dev/Uni/ca-friend-foe-analysis/frames/jud_suess/frame_131955.png,98.94279181532563,70.30759272711106,0.7105883244863322,0.5406704297353426,0.1849239842377123,0.0,0.0,0.0,0.0,0.4999999997473287,0.0187410138985036,31.84857087704351,0.7719316476790408,0.7218181500194731,12.146770182373183,0.0141348546710995,5,11,1,0.4170749241173651,0.462085308056872,35.8180223634331
/Users/kevin.kunkel/Documents/Dev/Uni/ca-friend-foe-analysis/frames/jud_suess/frame_132028.png,109.78343162575216,76.54453470912601,0.6972321187803676,0.4909872730177326,0.2516075137121252,0.0,0.0,0.0,0.0,0.4999999997722789,0.0224918792267958,34.3088922466585,0.6689879130735312,0.7417069181365501,12.23782846081528,0.0129787941975496,8,4,1,0.2553683635976356,0.5035545023696683,41.18789280403948
/Users/kevin.kunkel/Documents/Dev/Uni/ca-friend-foe-analysis/frames/jud_suess/frame_132189.png,97.7362612492678,67.3283321711652,0.6888777127514875,0.5171102028862027,0.1623555567389104,0.0,0.0,0.0,0.0,0.4999999997442096,0.0157057085041802,27.145494967783165,0.7676992656586571,0.7284101765739578,11.714554468478134,0.014748319473477,7,7,0,0.0,0.5,28.588436218696064
/Users/kevin.kunkel/Documents/Dev/Uni/ca-friend-foe-analysis/frames/jud_suess/frame_132350.png,97.96420536237288,69.55004326086627,0.7099536298243116,0.5817668672453272,0.2009392140156558,0.0,0.0,0.0,0.0,0.4999999997448047,0.0156524575323499,22.73334243037435,0.7534348704069731,0.7886942705086721,11.57927248356092,0.0142825654677549,7,5,1,0.2426247404015123,0.3720379146919431,31.35876826327158
/Users/kevin.kunkel/Documents/Dev/Uni/ca-friend-foe-analysis/frames/jud_suess/frame_132472.png,97.41822314819746,67.84130034028414,0.6963922978500783,0.5196962032057085,0.1614502902177964,0.0,0.0,0.0,0.0,0.4999999997433745,0.018428164439001,32.47736500878642,0.7687026549263936,0.7189572154544761,12.167207379668064,0.0146617941854833,10,8,0,0.0,0.5,51.26108752351411
/Users/kevin.kunkel/Documents/Dev/Uni/ca-friend-foe-analysis/frames/jud_suess/frame_132751.png,86.34111906917302,70.14391579606784,0.8124045237198156,0.622463922466585,0.1586479578252303,0.0,0.0,0.0,0.0,0.4999999997104508,0.0464514883646626,62.81113877203258,0.7542897312287714,0.780377016880558,16.46795526786989,0.014303142713535,14,21,1,0.0257734703658341,0.2677725118483412,67.03138445555173
/Users/kevin.kunkel/Documents/Dev/Uni/ca-friend-foe-analysis/frames/jud_suess/frame_133543.png,76.23214428350818,46.56606103209719,0.6108454826855316,0.6556492624740402,0.0555773736620693,0.0,0.0,0.0,0.0,0.4999999996720544,0.032313355343735,0.7855749773683272,0.8149416223169602,0.8539132416372481,13.024515618263989,0.0215928227440064,1,10,1,0.0182251451088982,0.3530805687203791,53.5963241943642
/Users/kevin.kunkel/Documents/Dev/Uni/ca-friend-foe-analysis/frames/jud_suess/frame_135144.png,78.49407582938389,63.7970376710324,0.8127624526521788,0.7162155865594547,0.1234557218169231,0.0,0.0,0.0,0.0,0.4999999996815046,0.0409666382661483,1.6054369242238664,0.7892632989081463,0.7301850001409584,14.12704452627125,0.0157057584857645,10,5,1,0.0471304382554981,0.3495260663507109,127.43940211410396
/Users/kevin.kunkel/Documents/Dev/Uni/ca-friend-foe-analysis/frames/jud_suess/frame_135205.png,82.05610322700889,61.530300219966115,0.7498564728909486,0.5980683209968581,0.0967337185153629,0.0,0.0,0.0,0.0,0.4999999996953304,0.0424576654773949,46.62898383833004,0.8411427710761603,0.8179268613563963,13.877554237899544,0.0162823169540257,6,10,3,0.0986374407582938,0.2725118483412322,84.8554750307928
/Users/kevin.kunkel/Documents/Dev/Uni/ca-friend-foe-analysis/frames/jud_suess/frame_135276.png,75.98965267053623,58.577965465423055,0.7708676553939423,0.7034886042920283,0.0990867458331114,0.0,0.0,0.0,0.0,0.4999999996710078,0.0418619202300441,19.369458570743916,0.7752851537334674,0.808500812860423,13.71071065323902,0.0170984951917403,9,14,2,0.0882701421800947,0.2618483412322275,120.52400670607034
/Users/kevin.kunkel/Documents/Dev/Uni/ca-friend-foe-analysis/frames/jud_suess/frame_135644.png,121.61793426167527,83.14236237274254,0.6836357056146704,0.4364150114489589,0.3335141647585068,0.0,0.0,0.0,0.0,0.4999999997944382,0.0392958890249747,-11.294248229405184,0.6564019936746199,0.6137035372219073,15.113731046599629,0.0120103115901568,8,14,2,0.0941077799669844,0.3293838862559242,55.807486715270805
/Users/kevin.kunkel/Documents/Dev/Uni/ca-friend-foe-analysis/frames/jud_suess/frame_135765.png,74.47872290856809,58.226023128339556,0.7817806317871642,0.6632574950742851,0.0816503807444485,0.0,0.0,0.0,0.0,0.4999999996643336,0.0403209702327067,29.57096024814952,0.8380323922529234,0.787284007271368,12.87854639544988,0.0172564841443431,6,8,1,0.1054502369668246,0.3412322274881517,251.35522071917936
/Users/kevin.kunkel/Documents/Dev/Uni/ca-friend-foe-analysis/frames/jud_suess/frame_135809.png,73.33469899888173,57.80097461571357,0.7881804292641459,0.6706660365301667,0.0798797859310932,0.0,0.0,0.0,0.0,0.4999999996590973,0.0377715799563342,32.499890169870596,0.841217896711909,0.7890020820085849,12.46818840059228,0.0173702105675916,3,6,1,0.1163833271207199,0.3637440758293839,267.72650703174673
/Users/kevin.kunkel/Documents/Dev/Uni/ca-friend-foe-analysis/frames/jud_suess/frame_136292.png,74.13041828638373,57.62733504474091,0.7773777121339693,0.6562250386069546,0.0756396772991107,0.0,0.0,0.0,0.0,0.4999999996627565,0.0359044677565365,34.38477155333085,0.8635829655361799,0.771568053175794,11.925083713441822,0.0173837095988848,3,7,1,0.1151419138399275,0.433649289099526,224.78320779890848
/Users/kevin.kunkel/Documents/Dev/Uni/ca-friend-foe-analysis/frames/jud_suess/frame_136602.png,88.05152031524575,64.89177731739971,0.736975091530208,0.6186531497949838,0.1438941104425155,0.0,0.0,0.0,0.0,0.4999999997160753,0.0828119175674956,28.603466638266156,0.7689926377921104,0.7739330750139131,21.490522147020183,0.0158005287228923,13,17,1,0.0251910378614409,0.2973933649289099,276.9221302845771
/Users/kevin.kunkel/Documents/Dev/Uni/ca-friend-foe-analysis/frames/jud_suess/frame_136709.png,78.44959462697695,58.90057542780739,0.7508078994263164,0.6099299749720433,0.0775800095851749,0.0,0.0,0.0,0.0,0.4999999996813241,0.0382208850311518,36.21384591831301,0.8474123421134789,0.7538875558743653,12.116676707427173,0.0170223153168062,6,11,1,0.0961845678683636,0.4265402843601896,262.551680871212
/Users/kevin.kunkel/Documents/Dev/Uni/ca-friend-foe-analysis/frames/jud_suess/frame_136995.png,82.75302864902284,65.86813012732554,0.7959603548420375,0.6483971457479099,0.1336432983651951,0.0,0.0,0.0,0.0,0.4999999996978962,0.046198546248469,31.998888385963056,0.7471060707152024,0.8105369577406553,15.906832094555822,0.015219808751159,1,16,2,0.0400613717450343,0.25,73.34377193962239
/Users/kevin.kunkel/Documents/Dev/Uni/ca-friend-foe-analysis/frames/jud_suess/frame_137197.png,82.30188974386283,46.312861447627654,0.5627192952128931,0.484723627456201,0.0219527131370147,0.0,0.0,0.0,0.0,0.4999999996962402,0.0139251291336066,-0.5288720112892094,0.8356486281609934,0.8414339285956675,7.575892632653663,0.0213568445451727,2,2,1,0.0197328132488417,0.8447867298578199,22.5705025333636
/Users/kevin.kunkel/Documents/Dev/Uni/ca-friend-foe-analysis/frames/jud_suess/frame_137282.png,52.75002995367166,45.90301900240296,0.8701989165825675,0.8225910591618297,0.0344367378454656,0.0,0.0,0.0,0.0,0.4999999995260666,0.028675648330582,32.518434820810484,0.8667448986091055,0.8653190777349333,11.053353789823737,0.0218198789554576,1,6,1,0.0073519622983119,0.3068720379146919,53.09484131127331
/Users/kevin.kunkel/Documents/Dev/Uni/ca-friend-foe-analysis/frames/jud_suess/frame_137707.png,66.15574245167474,59.52271914521808,0.8997362413206148,0.7257208850311518,0.0885596943394217,0.0,0.0,0.0,0.0,0.4999999996221039,0.0322867298578199,23.749098061664625,0.7932547985912508,0.7799932183321169,11.29042923144236,0.0167773139618786,4,12,1,0.1226902390968635,0.4265402843601896,65.8075368149611
/Users/kevin.kunkel/Documents/Dev/Uni/ca-friend-foe-analysis/frames/jud_suess/frame_137909.png,70.5930194632302,62.347518777726066,0.8831966554693325,0.7006995846424198,0.0983478885989669,0.0,0.0,0.0,0.0,0.4999999996458573,0.0343102667873688,23.403758852974065,0.7618610535965811,0.7540138442085391,11.6374865553898,0.0160221766342029,4,5,1,0.0300368762979924,0.4135071090047393,91.8662977247589
/Users/kevin.kunkel/Documents/Dev/Uni/ca-friend-foe-analysis/frames/jud_suess/frame_138036.png,83.37419125086532,66.11125135299692,0.7929462377005803,0.5562796208530806,0.1412515309654401,0.0,0.0,0.0,0.0,0.499999999700147,0.0513472495873049,50.388695484317594,0.7694637783757201,0.7662300348010763,14.805458476575703,0.0151382295798422,10,12,1,0.0597609031364822,0.3436018957345971,60.22982932337393
/Users/kevin.kunkel/Documents/Dev/Uni/ca-friend-foe-analysis/frames/jud_suess/frame_138090.png,64.47133433622663,63.961715221740064,0.9920954138929656,0.6983166036530166,0.0981881356834762,0.0,0.0,0.0,0.0,0.4999999996122308,0.0657949038819958,53.97190012780234,0.8023575823641135,0.7880826674351513,15.607828736797986,0.0157289218552156,8,8,0,0.0,0.5,174.01211909851625
/Users/kevin.kunkel/Documents/Dev/Uni/ca-friend-foe-analysis/frames/jud_suess/frame_138356.png,80.04415836839023,60.725801848145835,0.7586537607504077,0.5936285212205122,0.0982580275840034,0.0,0.0,0.0,0.0,0.4999999996876724,0.0684108578731561,30.354012460727404,0.7926296478440144,0.7848225333053505,20.022854234548745,0.0166460086116022,9,20,2,0.0301200809414771,0.278436018957346,60.48649946965992
/Users/kevin.kunkel/Documents/Dev/Uni/ca-friend-foe-analysis/frames/jud_suess/frame_138535.png,86.33557763991693,71.93393087853013,0.8331898941503435,0.63105396985995,0.1918233132754672,0.0,0.0,0.0,0.0,0.4999999997104322,0.0164778475957186,42.99139663986368,0.8028731248609993,0.6729438860053314,10.327748305410028,0.0137866680308344,5,2,1,0.0402710474466159,0.3554502369668246,24.782345267934264
/Users/kevin.kunkel/Documents/Dev/Uni/ca-friend-foe-analysis/frames/jud_suess/frame_138922.png,69.20246019489856,55.62131500616483,0.8037476524554301,0.6259318920070291,0.0546255125406038,0.0,0.0,0.0,0.0,0.4999999996387412,0.0462351562916023,27.335001863784,0.8120135758654066,0.7979027470192508,14.604486206325811,0.0181419469429723,4,16,2,0.0321136641993716,0.3364928909952606,97.4603827023337
/Users/kevin.kunkel/Documents/Dev/Uni/ca-friend-foe-analysis/frames/jud_suess/frame_138963.png,75.27366340060706,56.874333686091475,0.7555674991909063,0.5743882794611002,0.0632055753767506,0.0,0.0,0.0,0.0,0.4999999996678785,0.0467743223813834,27.290543958677247,0.7950009345023488,0.795200573439877,14.860445031638683,0.0177274026639444,6,18,2,0.0321136641993716,0.3199052132701421,85.06850902629672
/Users/kevin.kunkel/Documents/Dev/Uni/ca-friend-foe-analysis/frames/jud_suess/frame_139102.png,84.7218801586879,67.03714794958194,0.791261333493688,0.5592250652324405,0.1589108844986421,0.0,0.0,0.0,0.0,0.4999999997049169,0.022322141754087,52.054079690079334,0.8057857963996078,0.7852282065177101,11.944543894347053,0.0148230098118087,7,6,1,0.0996092709941956,0.3495260663507109,28.24781074128559
/Users/kevin.kunkel/Documents/Dev/Uni/ca-friend-foe-analysis/frames/jud_suess/frame_140075.png,93.98230403642368,71.34538599346551,0.7591363783750327,0.5038141008573407,0.2203059268331647,0.0,0.0,0.0,0.0,0.4999999997339925,0.0808982107673465,38.25464947547792,0.7842453606395964,0.7079464284782021,20.368409485153677,0.0141956719092401,12,24,1,0.0123841791362692,0.3234597156398104,210.93732466395755
/Users/kevin.kunkel/Documents/Dev/Uni/ca-friend-foe-analysis/frames/jud_suess/frame_140210.png,102.70252010224186,75.1149442831721,0.7313836518836705,0.463519756110549,0.2500266254859151,0.0,0.0,0.0,0.0,0.4999999997565785,0.0458723840460088,37.03173092283936,0.7588278103722452,0.6025361036368326,16.17148306191541,0.0132899391271494,13,12,4,0.0868956014697268,0.4194312796208531,52.8982734606415
/Users/kevin.kunkel/Documents/Dev/Uni/ca-friend-foe-analysis/frames/jud_suess/frame_140536.png,70.84455375685606,65.22460915674314,0.9206721703482216,0.6646753021992652,0.1179442462324937,0.0,0.0,0.0,0.0,0.4999999996471147,0.0311018957345971,28.01144230257202,0.7565321192111756,0.7524381114072979,15.044152262435889,0.0153188282702787,7,11,2,0.0980949464827733,0.3779620853080568,80.52205254304187
/Users/kevin.kunkel/Documents/Dev/Uni/ca-friend-foe-analysis/frames/jud_suess/frame_140853.png,133.8750266254859,78.39301914670193,0.585568653573073,0.3337404813887853,0.3609550561797753,0.0,0.0,0.0,0.0,0.4999999998132586,0.0235635550348793,33.86056898663401,0.7435230634135543,0.618443369679732,15.153568335339813,0.0126951524132052,16,12,1,0.0809947281537888,0.3720379146919431,34.90712528598458
/Users/kevin.kunkel/Documents/Dev/Uni/ca-friend-foe-analysis/frames/jud_suess/frame_140980.png,82.90103639703925,60.9058611633972,0.7346815400260094,0.5623901698706001,0.0778329517013685,0.0,0.0,0.0,0.0,0.4999999996984356,0.0522325469939826,43.875362772245595,0.7924492993320658,0.787970892601143,15.921158797908868,0.0165049194928846,10,12,1,0.0123841791362692,0.3139810426540284,51.70383019838457
/Users/kevin.kunkel/Documents/Dev/Uni/ca-friend-foe-analysis/frames/jud_suess/frame_141100.png,70.42459662388839,56.730301599692446,0.8055467015610078,0.6433116779381224,0.0648130890888758,0.0,0.0,0.0,0.0,0.4999999996450104,0.0623901698706001,31.430733798391813,0.7868120835852312,0.8258314199528259,18.155452164435953,0.0179183378263732,14,9,2,0.0091192289259278,0.8033175355450237,117.3574150994179
/Users/kevin.kunkel/Documents/Dev/Uni/ca-friend-foe-analysis/frames/jud_suess/frame_141192.png,71.55094786729858,58.503727793168984,0.8176513303486539,0.6473487672400021,0.0816969753448,0.0,0.0,0.0,0.0,0.4999999996505986,0.0600737525959848,43.3194792054955,0.7938640262537733,0.7992961474488086,15.885745158687527,0.017210839715708,13,8,1,0.0045562862772245,0.3613744075829384,85.45758661223789
/Users/kevin.kunkel/Documents/Dev/Uni/ca-friend-foe-analysis/frames/jud_suess/frame_141352.png,69.9087211779115,60.21992374596123,0.8614078850987144,0.6611041589008999,0.092397092496938,0.0,0.0,0.0,0.0,0.4999999996423908,0.0434694339421694,33.782037115927366,0.8127728720755036,0.8444293218645358,16.044652515910418,0.0167024735342278,9,15,2,0.0295343202513445,0.2665876777251185,82.82441605091921
/Users/kevin.kunkel/Documents/Dev/Uni/ca-friend-foe-analysis/frames/jud_suess/frame_141849.png,76.593239123489,70.19929963969535,0.9165208359299576,0.6231295596144629,0.1637500665637148,0.0,0.0,0.0,0.0,0.4999999996736004,0.0236567442355823,43.52622943181214,0.8022130216376449,0.7263683933555316,13.617384991815236,0.0141787016128723,3,11,0,0.0,0.5,26.583838351112508
/Users/kevin.kunkel/Documents/Dev/Uni/ca-friend-foe-analysis/frames/jud_suess/frame_141874.png,78.0199824271793,65.56537491424469,0.8403664393465369,0.5996492092230683,0.116290137920017,0.0,0.0,0.0,0.0,0.4999999996795692,0.0210541029873795,23.673465040736986,0.7573581357565657,0.7123484305059156,12.84361340168166,0.0151588292381734,10,15,0,0.0,0.5,23.440814299908496
/Users/kevin.kunkel/Documents/Dev/Uni/ca-friend-foe-analysis/frames/jud_suess/frame_141980.png,63.89514218009479,54.63839462063796,0.8551259559157351,0.7043406198413121,0.0462418126630811,0.0,0.0,0.0,0.0,0.499999999608734,0.0237931998508972,26.807224825603065,0.7676951935255172,0.7851721624802006,10.577873325079228,0.0181571636646633,3,4,1,0.011981468661803,0.3554502369668246,16.23094955002161
/Users/kevin.kunkel/Documents/Dev/Uni/ca-friend-foe-analysis/frames/jud_suess/frame_142341.png,123.8071516055168,71.61754667966387,0.5784604983887423,0.3375778795463017,0.3355976090313648,0.0,0.0,0.0,0.0,0.4999999997980731,0.0556572501198146,20.537621811598044,0.7209336879221575,0.6499617323898514,19.45286445357332,0.0140222894739772,14,19,3,0.1036563448532935,0.3791469194312796,65.59150193136368
/Users/kevin.kunkel/Documents/Dev/Uni/ca-friend-foe-analysis/frames/jud_suess/frame_142456.png,68.9189786463603,76.95918440667582,1.116661706348052,0.7031557857180893,0.1781910644869269,0.0,0.0,0.0,0.0,0.4999999996372552,0.0701581553863358,47.31612439427019,0.7178229958579097,0.8028404172787919,22.511453477516874,0.0133074719528842,1,34,1,0.0163081101230097,0.6090047393364929,238.95737583960215
/Users/kevin.kunkel/Documents/Dev/Uni/ca-friend-foe-analysis/frames/jud_suess/frame_142722.png,30.6362292986847,38.22285860282963,1.2476358661967273,0.9074265136588744,0.0128567815112625,0.0,0.0,0.0,0.0,0.4999999991839727,0.0189140795569519,24.20550881303584,0.8866245566334527,0.9092064143405912,8.589727232760891,0.0260501198120531,1,3,2,0.0228613078438681,0.4052132701421801,32.76977989521335
/Users/kevin.kunkel/Documents/Dev/Uni/ca-friend-foe-analysis/frames/jud_suess/frame_143445.png,112.59783867618084,75.56299729700953,0.6710874570799868,0.4416369348740614,0.2780499494115767,0.0,0.0,0.0,0.0,0.4999999997779709,0.0222356089248628,15.067332525693589,0.7311362869872375,0.6664228346432028,14.7833783632285,0.0131647315871867,7,5,3,0.1644123755258533,0.2985781990521327,30.88861281775164
/Users/kevin.kunkel/Documents/Dev/Uni/ca-friend-foe-analysis/frames/jud_suess/frame_144741.png,58.73260690132595,57.7772140007719,0.98373317566965,0.7776139570797167,0.0824857553650354,0.0,0.0,0.0,0.0,0.4999999995743421,0.0361141434581181,59.92934261675275,0.882852769415983,0.8554009015076289,10.938527115271745,0.0172996081478122,1,8,2,0.0327227221896799,0.3436018957345971,80.89732559996943
/Users/kevin.kunkel/Documents/Dev/Uni/ca-friend-foe-analysis/frames/jud_suess/frame_145085.png,32.51160538367325,25.976252376162257,0.7989839932453371,0.9490787581873368,0.0072621012833484,0.0,0.0,0.0,0.0,0.4999999992310439,0.0092823100271579,3.2711572767453063,0.9289857308278228,0.9384108918075992,4.121782369594982,0.0378550051015694,1,1,2,0.0415490707705415,0.3412322274881517,9.159509836369562
/Users/kevin.kunkel/Documents/Dev/Uni/ca-friend-foe-analysis/frames/jud_suess/frame_145306.png,81.34342217370467,67.76268685436925,0.8330444547361322,0.6340093987965281,0.1579157569625645,0.0,0.0,0.0,0.0,0.499999999692661,0.0178690292347835,60.20595478992492,0.800902812799863,0.7772406390534274,9.595379494317063,0.0146310020364581,8,13,1,0.0229278715586559,0.2760663507109004,22.41325021315757
/Users/kevin.kunkel/Documents/Dev/Uni/ca-friend-foe-analysis/frames/jud_suess/frame_146036.png,66.88197587730976,53.9537401795198,0.8067007499572686,0.7329596890143245,0.0713396613238191,0.0,0.0,0.0,0.0,0.4999999996262072,0.0094886575430001,18.527031524575335,0.7887439453122961,0.8594984071694602,8.551353319439462,0.0183081775460785,1,6,0,0.0,0.5,17.701585491060108
/Users/kevin.kunkel/Documents/Dev/Uni/ca-friend-foe-analysis/frames/jud_suess/frame_146384.png,63.1961100165078,59.10328598730251,0.9352361384006104,0.7537508653282923,0.0820031684328239,0.0,0.0,0.0,0.0,0.499999999604406,0.007242132168912,6.120001065019437,0.8585100795736581,0.7016095367269864,7.406967496920775,0.0167165206933109,4,6,1,0.0545289951541615,0.481042654028436,18.10796853173743
/Users/kevin.kunkel/Documents/Dev/Uni/ca-friend-foe-analysis/frames/jud_suess/frame_146654.png,109.75274242504926,62.60059232122543,0.5703783876465581,0.3979678097875286,0.1927851589541509,0.0,0.0,0.0,0.0,0.4999999997722152,0.0884531923957612,12.218262420789172,0.704184899903835,0.7683576460564523,23.718247312664904,0.016425732013832,24,30,1,0.0144975770807817,0.5781990521327014,203.1033995824604
/Users/kevin.kunkel/Documents/Dev/Uni/ca-friend-foe-analysis/frames/jud_suess/frame_147965.png,48.69639291229565,36.64863100539673,0.7525943655856213,0.8504646147292189,0.0106202406943926,0.0,0.0,0.0,0.0,0.499999999486615,0.0072621012833484,8.754216811331808,0.8757798657031373,0.8348532570278231,6.484734144918664,0.0268476555350739,1,5,0,0.0,0.5,15.827827840526185
/Users/kevin.kunkel/Documents/Dev/Uni/ca-friend-foe-analysis/frames/jud_suess/frame_148064.png,47.921275094520475,28.44617642863472,0.5936022427025769,0.90886761808403,0.0108299163959742,0.0,0.0,0.0,0.0,0.4999999994783111,0.0198526279354598,7.751191490494705,0.8937660862310737,0.9200984307669496,8.090282547564476,0.0352646206731441,1,4,4,0.0421381596464135,0.2867298578199052,37.68804688072098
/Users/kevin.kunkel/Documents/Dev/Uni/ca-friend-foe-analysis/frames/jud_suess/frame_149202.png,54.77913493796262,44.92625661211784,0.8201344650838935,0.8301260716758081,0.040673757921082,0.0,0.0,0.0,0.0,0.4999999995436219,0.0408534799510091,30.654474412908037,0.8733213675267221,0.8771501646081512,14.046050992052324,0.0225853012442723,1,14,0,0.0,0.5,66.63898617369219
/Users/kevin.kunkel/Documents/Dev/Uni/ca-friend-foe-analysis/frames/jud_suess/frame_149551.png,60.56296927418926,44.70697721135013,0.738189980995274,0.7722256243676447,0.0317508919537781,0.0,0.0,0.0,0.0,0.4999999995872065,0.0313381969220938,15.71203205708504,0.8383198691905539,0.8309237268580152,12.388953714819827,0.0225152459688404,3,16,0,0.0,0.5,88.77352306113183
/Users/kevin.kunkel/Documents/Dev/Uni/ca-friend-foe-analysis/frames/jud_suess/frame_149798.png,71.53355144043879,58.4194816233236,0.8166724615972459,0.7083677245859737,0.0961446296394909,0.0,0.0,0.0,0.0,0.4999999996505136,0.062346903455988,5.93544318121306,0.8008476040717155,0.7572497282634232,19.853376187301187,0.0174235640948081,11,27,7,0.0535804622184354,0.1706161137440758,129.00695451210566
/Users/kevin.kunkel/Documents/Dev/Uni/ca-friend-foe-analysis/frames/jud_suess/frame_149919.png,60.078555168006815,32.48017880120269,0.5406284930839393,0.7895388465839501,0.0031817455668565,0.0,0.0,0.0,0.0,0.4999999995838781,0.0064866340060706,-4.166845279301349,0.8884515087253284,0.8966710050546658,7.624736242863963,0.0303082002370404,1,3,0,0.0,0.5,9.6010392719048
/Users/kevin.kunkel/Documents/Dev/Uni/ca-friend-foe-analysis/frames/jud_suess/frame_150601.png,48.97518504712711,37.879804858606335,0.7734489363299194,0.8698313275467278,0.0212837478033974,0.0,0.0,0.0,0.0,0.4999999994895374,0.018727701155546,3.0708237925342132,0.8581057376355943,0.8651211877263819,8.89040252082885,0.0263073575354308,3,6,0,0.0,0.5,29.940279588077317
/Users/kevin.kunkel/Documents/Dev/Uni/ca-friend-foe-analysis/frames/jud_suess/frame_150706.png,60.905665903402735,46.272910060891725,0.7597472139670307,0.7909499973374514,0.0416755418286383,0.0,0.0,0.0,0.0,0.4999999995895292,0.0348560892486287,-2.482134298950953,0.8338417234938067,0.8335942630953015,14.744804768293545,0.0218406307042207,1,16,0,0.0,0.5,64.41383851583316
/Users/kevin.kunkel/Documents/Dev/Uni/ca-friend-foe-analysis/frames/jud_suess/frame_151091.png,54.426553597103144,40.2917084722053,0.7402950533380883,0.7719560413227542,0.0089661323819159,0.0,0.0,0.0,0.0,0.4999999995406654,0.008240587890729,3.5750705575376784,0.8067696081041714,0.853273890630857,6.647448927770585,0.0244264027579984,7,4,0,0.0,0.5,8.55743784147922
/Users/kevin.kunkel/Documents/Dev/Uni/ca-friend-foe-analysis/frames/jud_suess/frame_151224.png,81.0944638958411,58.48027731227076,0.7211377254465842,0.6565678417381117,0.1098201448426433,0.0,0.0,0.0,0.0,0.4999999996917175,0.0496631876031737,10.686807737366207,0.7799424210815377,0.7827954202075953,20.195027067934426,0.0172149825747731,6,33,9,0.1472156398104265,0.2582938388625592,20.687561683339123
/Users/kevin.kunkel/Documents/Dev/Uni/ca-friend-foe-analysis/frames/jud_suess/frame_151287.png,72.18525014644017,53.89837911680526,0.7466674830771717,0.7160059108578731,0.0780026891740774,0.0,0.0,0.0,0.0,0.4999999996536688,0.0411596730390329,2.366203605090803,0.8372448521450222,0.7948018437365894,17.18673796922072,0.0187853564627538,5,22,1,0.0108132754672772,0.231042654028436,69.31285005467959
/Users/kevin.kunkel/Documents/Dev/Uni/ca-friend-foe-analysis/frames/jud_suess/frame_151824.png,76.92053290910059,35.9756184023224,0.4676985064321651,0.635700117152138,0.017822434634432,0.0,0.0,0.0,0.0,0.4999999996749892,0.0335148303956547,2.140159886042923,0.8445356410842733,0.8878700812025113,11.20696984956997,0.028330645103237,7,9,0,0.0,0.5,60.35017574715052
/Users/kevin.kunkel/Documents/Dev/Uni/ca-friend-foe-analysis/frames/jud_suess/frame_152072.png,54.6855396985995,32.5815088224454,0.5957975169018962,0.8476456414079557,0.0106768198519622,0.0,0.0,0.0,0.0,0.4999999995428408,0.0115621172586399,-10.11676606848075,0.8642581043280511,0.8728878419678218,9.025008174657597,0.0305158077791532,1,5,1,0.0132095691996378,0.0817535545023696,28.627607242005567
/Users/kevin.kunkel/Documents/Dev/Uni/ca-friend-foe-analysis/frames/jud_suess/frame_152151.png,83.4708417647372,62.02655947499263,0.7430925349417874,0.6443733691889877,0.1235455828318866,0.0,0.0,0.0,0.0,0.4999999997004942,0.0221823579530326,14.826538287448756,0.7670814760751736,0.7814353277388488,13.535096934545182,0.0160730245773002,2,20,0,0.0,0.5,31.207071322377917
/Users/kevin.kunkel/Documents/Dev/Uni/ca-friend-foe-analysis/frames/jud_suess/frame_152178.png,79.20088596304383,59.13383604507682,0.7466309909463178,0.6624953405399648,0.1032270088929123,0.0,0.0,0.0,0.0,0.499999999684347,0.0214102188614942,11.51036064220672,0.791990192423953,0.7817760295448921,12.48884658602412,0.0168499578279345,2,14,0,0.0,0.5,29.389026222850912
/Users/kevin.kunkel/Documents/Dev/Uni/ca-friend-foe-analysis/frames/jud_suess/frame_152220.png,68.72221963363332,39.3294095336007,0.572295389846852,0.7032622876617498,0.0200656318227807,0.0,0.0,0.0,0.0,0.4999999996362166,0.0194499174609936,9.605273843122632,0.8353967301815023,0.8432658142334627,10.22070553632962,0.0252668001034264,5,6,1,0.011981468661803,0.3767772511848341,17.721036025297195
/Users/kevin.kunkel/Documents/Dev/Uni/ca-friend-foe-analysis/frames/jud_suess/frame_152393.png,47.27549723094946,18.504461584529125,0.3914175974710468,0.9567868363597636,0.0026891740774269,0.0,0.0,0.0,0.0,0.4999999994711848,0.0058509505298471,2.519180334416106,0.9446022570058964,0.936554155716283,4.857346134030964,0.0529211604943546,1,1,1,0.0313148996219181,0.3921800947867299,21.565194381811335
/Users/kevin.kunkel/Documents/Dev/Uni/ca-friend-foe-analysis/frames/jud_suess/frame_152634.png,62.74821609244368,41.36069567144972,0.6591533302651955,0.7519736141434581,0.0289685286756483,0.0,0.0,0.0,0.0,0.4999999996015823,0.028615740987273,22.34513286117472,0.8574794122345674,0.844126835461806,12.034769956850347,0.0242343930775294,3,8,1,0.0073519622983119,0.2973933649289099,27.161098010083204
/Users/kevin.kunkel/Documents/Dev/Uni/ca-friend-foe-analysis/frames/jud_suess/frame_152683.png,63.433832339315195,44.4556878072968,0.7008198322216447,0.7294051866446563,0.0332419191650247,0.0,0.0,0.0,0.0,0.4999999996058886,0.0384638425901272,21.280343069386017,0.8435171379377674,0.8372545104095208,13.95096610323948,0.022732275825342,4,14,0,0.0,0.5,53.10735110053749
/Users/kevin.kunkel/Documents/Dev/Uni/ca-friend-foe-analysis/frames/jud_suess/frame_152754.png,69.36984464028968,54.00573126357444,0.7785188429607104,0.7443920070291283,0.0778495926300655,0.0,0.0,0.0,0.0,0.4999999996396129,0.030622636988125,19.45493303690293,0.816877556177165,0.7989106782816433,13.562666106703132,0.0185582445197179,9,7,1,0.0097049896160604,0.3815165876777251,48.87804517735329
/Users/kevin.kunkel/Documents/Dev/Uni/ca-friend-foe-analysis/frames/jud_suess/frame_152795.png,72.25673291975079,53.87414643728124,0.7455934441784848,0.6628248309281645,0.0671428191064486,0.0,0.0,0.0,0.0,0.4999999996540115,0.0135490441450556,27.56230696522711,0.8290481179958005,0.7938561169182514,9.569884769577367,0.0183935586228924,1,9,0,0.0,0.5,23.367564060304552
/Users/kevin.kunkel/Documents/Dev/Uni/ca-friend-foe-analysis/frames/jud_suess/frame_152869.png,31.27273816497151,25.456928463380812,0.814029403107787,0.9654268065392192,0.0098114915597209,0.0,0.0,0.0,0.0,0.4999999992005817,0.0140516001917034,5.048258693221154,0.938060662254145,0.9457319346078066,5.692778107344495,0.039788889302216,1,3,1,0.0115854145588156,0.3281990521327014,42.192688568005565
/Users/kevin.kunkel/Documents/Dev/Uni/ca-friend-foe-analysis/frames/jud_suess/frame_152942.png,35.54012793545982,28.63873298157884,0.8058140070008982,0.946585947068534,0.0137953298897704,0.0,0.0,0.0,0.0,0.4999999992965698,0.0092689972842004,14.614339821076731,0.9237601398725528,0.9298916760377935,4.475006314935356,0.0345429087444599,1,5,1,0.0346264444326109,0.2440758293838862,31.12738978701408
/Users/kevin.kunkel/Documents/Dev/Uni/ca-friend-foe-analysis/frames/jud_suess/frame_153090.png,44.01739642685979,32.24702292009872,0.7325972334693015,0.9169750785451836,0.0151731987858778,0.0,0.0,0.0,0.0,0.4999999994320427,0.0184780872250918,-1.633017599446191,0.9107470119417914,0.8757475496721933,9.058720460941574,0.0312106264914001,1,10,1,0.0127935459822141,0.3104265402843602,28.44831475090844
/Users/kevin.kunkel/Documents/Dev/Uni/ca-friend-foe-analysis/frames/jud_suess/frame_153483.png,34.47437962617818,21.23243556463235,0.6158902852865389,0.9641221577293786,0.0032383247244262,0.0,0.0,0.0,0.0,0.4999999992748238,0.0078212364875658,13.105936152084771,0.9404424946931752,0.9473325439659862,4.820427784697665,0.0461240662546036,1,1,0,0.0,0.5,15.312654786450052
/Users/kevin.kunkel/Documents/Dev/Uni/ca-friend-foe-analysis/frames/jud_suess/frame_153910.png,61.47268225145109,59.7999451020497,0.9727889334674216,0.7943014803770169,0.0873515629160232,0.0,0.0,0.0,0.0,0.4999999995933153,0.0450836040257734,29.047619681559183,0.7968162183665735,0.7829602110826758,15.243009255122466,0.0168101456176646,6,12,0,0.0,0.5,48.21047177015066
/Users/kevin.kunkel/Documents/Dev/Uni/ca-friend-foe-analysis/frames/jud_suess/frame_154154.png,45.27426247404015,55.72026017932612,1.2307270623834656,0.8173025720219395,0.0562130571382927,0.0,0.0,0.0,0.0,0.4999999994478099,0.0527450875978486,34.32643511369083,0.8858352936999924,0.7642676059720444,14.31427912314568,0.0182420265285408,1,10,0,0.0,0.5,238.42888637222953
/Users/kevin.kunkel/Documents/Dev/Uni/ca-friend-foe-analysis/frames/jud_suess/frame_154353.png,59.528123169497846,62.45664496483662,1.0491955992309832,0.7954031098567549,0.0931659034027371,0.0,0.0,0.0,0.0,0.4999999995800304,0.0380544757441823,56.85858538793333,0.8221990249851472,0.7971695542267176,13.977425837495902,0.0160767104913164,4,10,0,0.0,0.5,75.11408039164326
/Users/kevin.kunkel/Documents/Dev/Uni/ca-friend-foe-analysis/frames/jud_suess/frame_154602.png,83.60795636082858,65.53537374276937,0.7838413533462398,0.5781058629319985,0.1288873209436072,0.0,0.0,0.0,0.0,0.4999999997009854,0.1048944299483465,21.40807218169232,0.7562864599484823,0.7492603596633285,26.317005041859954,0.0157015100247125,16,33,6,0.054362585867192,0.8246445497630331,350.02446275504366
/Users/kevin.kunkel/Documents/Dev/Uni/ca-friend-foe-analysis/frames/jud_suess/frame_154858.png,113.63469500505884,71.27621352179963,0.6272398888024695,0.4344780073486341,0.2509618456786836,0.0,0.0,0.0,0.0,0.4999999997799967,0.0580801693380904,26.162618483412317,0.7048951999991647,0.7254858890145334,21.24165328899098,0.0141141638782435,16,15,3,0.0521393577932797,0.3045023696682464,125.25210837627912
/Users/kevin.kunkel/Documents/Dev/Uni/ca-friend-foe-analysis/frames/jud_suess/frame_155374.png,90.09355530113424,68.84007980587573,0.7640954949482331,0.5858671920762554,0.1537621811598061,0.0,0.0,0.0,0.0,0.4999999997225107,0.0841232227488151,16.260337344906546,0.7547354209802564,0.6952048544003575,22.066821539509373,0.0148082894177913,12,20,0,0.0,0.5,197.27054652732625
/Users/kevin.kunkel/Documents/Dev/Uni/ca-friend-foe-analysis/frames/jud_suess/frame_155454.png,77.24869202300442,82.10858302235339,1.0629122741859562,0.6725065232440492,0.1761109483998083,0.0,0.0,0.0,0.0,0.4999999996763699,0.0319439267266627,23.372693567282596,0.8352417280880082,0.6741760195211798,11.125522253890754,0.0121279300004296,9,10,2,0.1042720592150806,0.4774881516587678,88.33419349976194
/Users/kevin.kunkel/Documents/Dev/Uni/ca-friend-foe-analysis/frames/jud_suess/frame_155493.png,79.85744049203898,82.33017680632099,1.0309643809762734,0.6659200436657969,0.1848773896373609,0.0,0.0,0.0,0.0,0.4999999996869421,0.0333750465946003,28.579710048458395,0.8339836738785189,0.6892413198305575,11.293706854059534,0.01209934703778,7,10,0,0.0,0.5,113.55038735992343
/Users/kevin.kunkel/Documents/Dev/Uni/ca-friend-foe-analysis/frames/jud_suess/frame_155594.png,75.03706933276533,76.81519820262598,1.0236966713026272,0.6793392885670163,0.1639597422652963,0.0,0.0,0.0,0.0,0.4999999996668313,0.0209842110868523,28.091478513232857,0.83599379365144,0.7155445329524323,9.559776945623176,0.0129107253444703,8,6,2,0.1260217530219926,0.509478672985782,44.500772724480754
/Users/kevin.kunkel/Documents/Dev/Uni/ca-friend-foe-analysis/frames/jud_suess/frame_155710.png,79.79144589701262,65.30879164448412,0.8184936471376802,0.6184401459076628,0.1271566643591245,0.0,0.0,0.0,0.0,0.4999999996866832,0.0371159273656744,25.68954350604399,0.7118366730045764,0.7402520180552119,12.5624433280719,0.015252254367556,7,12,1,0.0140615847489216,0.2713270142180095,96.56453341665254
/Users/kevin.kunkel/Documents/Dev/Uni/ca-friend-foe-analysis/frames/jud_suess/frame_155799.png,72.1375472602375,75.23713035204611,1.042967679180026,0.6958703871345652,0.1540916715480057,0.0,0.0,0.0,0.0,0.4999999996534399,0.0325995793173225,20.69547100484584,0.8375389593507141,0.7055025482156225,10.657790173945632,0.0132370232223128,6,8,2,0.1198479684754246,0.4609004739336493,114.89202457020524
/Users/kevin.kunkel/Documents/Dev/Uni/ca-friend-foe-analysis/frames/jud_suess/frame_155887.png,86.6847708876937,72.17451396023124,0.8326089247034819,0.5722615687736301,0.1640629160232174,0.0,0.0,0.0,0.0,0.4999999997115987,0.039785132328665,16.355140715693054,0.6548578199052133,0.760340372902982,13.6309498808401,0.0137990798339279,14,6,0,0.0,0.5,88.30106077268746
/Users/kevin.kunkel/Documents/Dev/Uni/ca-friend-foe-analysis/frames/jud_suess/frame_156625.png,94.7315551946323,63.76331038182002,0.6730947273430122,0.5473401139570797,0.1572834016720805,0.0,0.0,0.0,0.0,0.4999999997360964,0.0747210980350391,31.4541708823686,0.8043921088324568,0.7133698050283535,18.432526780423306,0.015791163836381,12,24,2,0.0446942062942648,0.6943127962085308,116.7177587369362
/Users/kevin.kunkel/Documents/Dev/Uni/ca-friend-foe-analysis/frames/jud_suess/frame_156735.png,21.032852521433515,17.874368049004207,0.8498308988667255,0.9963855902870228,0.0001930347728846,0.0,0.0,0.0,0.0,0.4999999988113833,0.0018371585281431,13.176210793971991,0.9675254952079346,0.9336407532819828,2.350582970380127,0.0536243434011586,1,0,0,0.0,0.5,10.346615724677358
/Users/kevin.kunkel/Documents/Dev/Uni/ca-friend-foe-analysis/frames/jud_suess/frame_159408.png,76.75063901166196,62.410198462128065,0.8131554236483887,0.6178477288460514,0.1080029554289365,0.0,0.0,0.0,0.0,0.4999999996742698,0.0930494169018584,16.640316310772675,0.7728195032206396,0.7243822626233517,22.8003300059051,0.0163503598381936,20,25,1,0.0294078491932477,0.3838862559241706,181.8255713243644
/Users/kevin.kunkel/Documents/Dev/Uni/ca-friend-foe-analysis/frames/jud_suess/frame_159475.png,62.9619022578412,59.60629509435625,0.946704163346058,0.7210481122530487,0.0713529740667767,0.0,0.0,0.0,0.0,0.4999999996029345,0.0425142446349645,27.769499840247093,0.7376547802144449,0.8472931539088824,13.931669385554814,0.0168288971204735,5,10,0,0.0,0.5,59.30409119653271
/Users/kevin.kunkel/Documents/Dev/Uni/ca-friend-foe-analysis/frames/jud_suess/frame_159853.png,89.6413913147665,63.69077966029309,0.7105063704957328,0.5619608339102189,0.1393777623941637,0.0,0.0,0.0,0.0,0.499999999721111,0.0670396453485276,37.106225704244096,0.764195743263491,0.7307220257504994,19.434151048501775,0.0158407055296153,12,15,2,0.0468941370680014,0.6030805687203792,92.01947455898508
/Users/kevin.kunkel/Documents/Dev/Uni/ca-friend-foe-analysis/frames/jud_suess/frame_160403.png,46.9993243782949,54.70870209072968,1.164031668497599,0.7891760743383567,0.0462085308056872,0.0,0.0,0.0,0.0,0.4999999994680775,0.0650660312050695,39.018301693380906,0.8559350557412378,0.8562001620500163,15.846878913430093,0.0187042714885886,1,17,1,0.0158454923052345,0.5390995260663507,213.8906484279216
/Users/kevin.kunkel/Documents/Dev/Uni/ca-friend-foe-analysis/frames/jud_suess/frame_160892.png,76.92634392140157,65.80554331905232,0.8554357308433201,0.6119901219447255,0.1121432184887374,0.0,0.0,0.0,0.0,0.4999999996750138,0.0910092390436125,54.57196536024283,0.7885771183706456,0.7926891375326424,20.40685850857959,0.0154322488705706,15,23,2,0.0324964055594014,0.2962085308056872,167.9087084435073
/Users/kevin.kunkel/Documents/Dev/Uni/ca-friend-foe-analysis/frames/jud_suess/frame_160945.png,76.66131383460248,67.6206816249054,0.8820704753715887,0.6659167154800575,0.1212957292720592,0.0,0.0,0.0,0.0,0.4999999996738903,0.0413160977687842,17.881579823206778,0.8359463637417265,0.7348840068537134,15.024941803613295,0.0147908422237476,7,3,1,0.0884265669098461,0.4774881516587678,151.1774945970232
/Users/kevin.kunkel/Documents/Dev/Uni/ca-friend-foe-analysis/frames/jud_suess/frame_161190.png,71.92259971244475,51.12291663465235,0.7108046256387769,0.6109251025081208,0.0382674796315032,0.0,0.0,0.0,0.0,0.4999999996524041,0.0290650460620906,1.401845146173926,0.7576275230258247,0.8011192623383023,12.227244785357565,0.0195390175768579,5,16,0,0.0,0.5,58.29869822893522
/Users/kevin.kunkel/Documents/Dev/Uni/ca-friend-foe-analysis/frames/jud_suess/frame_161192.png,72.77067468981309,51.658178870813714,0.7098763206472996,0.6019223600830715,0.0403542520901006,0.0,0.0,0.0,0.0,0.499999999656455,0.0294111773789871,1.2337052026199444,0.7549680546375854,0.7990451369855147,12.496054783528072,0.0193701628240159,5,15,0,0.0,0.5,99.21355175486136
/Users/kevin.kunkel/Documents/Dev/Uni/ca-friend-foe-analysis/frames/jud_suess/frame_161299.png,79.66122730177325,70.0014047576154,0.8787387169489832,0.6185632887800202,0.1473088290111294,0.0,0.0,0.0,0.0,0.499999999686171,0.0481122530486181,7.178287581873377,0.7799864836503854,0.6913795290734643,16.27681918760308,0.0142863116194764,15,17,1,0.0738890516001917,0.4300947867298578,88.14217438060716
/Users/kevin.kunkel/Documents/Dev/Uni/ca-friend-foe-analysis/frames/jud_suess/frame_161347.png,86.545323233399,71.59350581427317,0.8272371406883898,0.5817801799882848,0.1674476809201767,0.0,0.0,0.0,0.0,0.499999999711134,0.0443480749773683,9.28135816603654,0.7795916172528972,0.6753901677823267,16.18598178475749,0.0139480929955157,16,17,1,0.0789312529953671,0.438388625592417,65.21765782299136
/Users/kevin.kunkel/Documents/Dev/Uni/ca-friend-foe-analysis/frames/jud_suess/frame_161383.png,35.17460660844561,49.2322582032866,1.3996534093859725,0.8590746312370201,0.0377083444272857,0.0,0.0,0.0,0.0,0.49999999928926,0.0279534320251344,15.79291029873795,0.8903841535549201,0.8700195201356542,10.473984012713862,0.0202433105359598,3,9,1,0.0520029021779647,0.4324644549763033,56.91740933001823
/Users/kevin.kunkel/Documents/Dev/Uni/ca-friend-foe-analysis/frames/jud_suess/frame_161439.png,36.9008466904521,49.81696756411488,1.350022340869553,0.8526412482027798,0.0385537036050907,0.0,0.0,0.0,0.0,0.4999999993225088,0.0265289685286756,17.38133020927632,0.8864407363669681,0.8641396992259814,10.80710332220395,0.0199898102308196,4,12,1,0.0503521220512274,0.4514218009478673,44.70944570338827
/Users/kevin.kunkel/Documents/Dev/Uni/ca-friend-foe-analysis/frames/jud_suess/frame_161498.png,56.353749534054,54.82556466882435,0.972882284228587,0.788487139890303,0.0633054209489323,0.0,0.0,0.0,0.0,0.4999999995563738,0.0348694019915863,16.13156651046382,0.8333610290593686,0.801809515008943,13.048098069079604,0.0182495825699814,3,7,1,0.0862699025507215,0.4466824644549763,182.82710991734768
/Users/kevin.kunkel/Documents/Dev/Uni/ca-friend-foe-analysis/frames/jud_suess/frame_161725.png,55.282642845731935,54.102674878540185,0.978655722586381,0.7380385004526333,0.0452533414984823,0.0,0.0,0.0,0.0,0.4999999995477785,0.0518764311198679,34.89710580968103,0.8544201439029203,0.8094857731153594,15.655755007692692,0.0186168657403974,2,12,0,0.0,0.5,55.66293082762482
/Users/kevin.kunkel/Documents/Dev/Uni/ca-friend-foe-analysis/frames/jud_suess/frame_161793.png,85.64458637307631,64.62227549060329,0.7545401075749054,0.5887227754406518,0.1632341977741093,0.0,0.0,0.0,0.0,0.499999999708096,0.0651092976196815,32.3956580488844,0.7329794493014203,0.7693010496706271,19.738069520475115,0.0156504588916166,11,16,4,0.0973893711060226,0.3755924170616114,132.96324899546408
/Users/kevin.kunkel/Documents/Dev/Uni/ca-friend-foe-analysis/frames/jud_suess/frame_161995.png,63.60564327173971,63.86220217387887,1.0040335855207017,0.6965759625113158,0.0989136801746631,0.0,0.0,0.0,0.0,0.4999999996069531,0.0738291442568827,55.35838569678897,0.8387202956159833,0.803036349531026,17.95992583654242,0.0158456232647074,12,21,1,0.0108132754672772,0.207345971563981,115.24919055381486
/Users/kevin.kunkel/Documents/Dev/Uni/ca-friend-foe-analysis/frames/jud_suess/frame_162054.png,86.66355703179083,66.00558804741635,0.7616302657302708,0.5803157782629533,0.1656205069492518,0.0,0.0,0.0,0.0,0.4999999997115281,0.0676287342243995,30.116556392779177,0.7063856529352248,0.757923927332262,20.422102533112433,0.0153310152648969,12,17,8,0.1423598168166569,0.4774881516587678,132.40432861364494
/Users/kevin.kunkel/Documents/Dev/Uni/ca-friend-foe-analysis/frames/jud_suess/frame_162742.png,43.15027757069066,47.0236211917676,1.089764046262624,0.8287149209223068,0.0265788913147664,0.0,0.0,0.0,0.0,0.4999999994206295,0.0604065711699238,13.648553570477668,0.8466814464216913,0.8346995601052072,17.14075832175498,0.0217453405838846,1,12,2,0.011741839288567,0.6777251184834123,54.22819088695251
/Users/kevin.kunkel/Documents/Dev/Uni/ca-friend-foe-analysis/frames/jud_suess/frame_162797.png,71.84445391128388,61.84316686954065,0.8607924956855763,0.6144496512061345,0.0817468981308909,0.0,0.0,0.0,0.0,0.4999999996520261,0.0321203205708504,28.934208424303748,0.7400569994225924,0.7649469735175608,15.548941419905011,0.0161078699914875,10,19,5,0.1135011182704084,0.3649289099526066,23.08146861988183
/Users/kevin.kunkel/Documents/Dev/Uni/ca-friend-foe-analysis/frames/jud_suess/frame_162840.png,56.7457499068108,55.34100075710487,0.9752448553497428,0.7360715426806539,0.0555241226902391,0.0,0.0,0.0,0.0,0.4999999995594384,0.0408035571649182,32.13884192449012,0.8314254084401747,0.8010192601456153,15.237210137627912,0.0181037188739425,1,18,2,0.0247384046008839,0.490521327014218,32.11723901367169
/Users/kevin.kunkel/Documents/Dev/Uni/ca-friend-foe-analysis/frames/jud_suess/frame_163184.png,76.22655958783747,66.06676187286794,0.8667157765406721,0.6444765429469088,0.1112745620107567,0.0,0.0,0.0,0.0,0.4999999996720303,0.0271979338622929,3.2928370786516865,0.7738565658970336,0.7542081580488844,14.272202593292535,0.0150942120504136,5,15,2,0.2503228340167208,0.5011848341232228,113.945682821751
/Users/kevin.kunkel/Documents/Dev/Uni/ca-friend-foe-analysis/frames/jud_suess/frame_163549.png,65.42109204430481,59.49520411960217,0.9094193045320704,0.6825376750625699,0.0770508280526119,0.0,0.0,0.0,0.0,0.4999999996178603,0.0706507268757654,36.2901944991746,0.7759512607428615,0.7593028142616544,22.722883263197147,0.0170863074456703,9,18,6,0.04586572767453,0.3625592417061611,96.29965988692098
/Users/kevin.kunkel/Documents/Dev/Uni/ca-friend-foe-analysis/frames/jud_suess/frame_163677.png,57.15886761808403,59.04458091974289,1.032990737517046,0.7409040683742478,0.0721018158581394,0.0,0.0,0.0,0.0,0.4999999995626226,0.03697614356462,3.944319452580011,0.8099103713054528,0.7618448433742739,15.78104561735371,0.0170865833831517,2,16,3,0.1064420363171627,0.4703791469194313,95.92572800671611
/Users/kevin.kunkel/Documents/Dev/Uni/ca-friend-foe-analysis/frames/jud_suess/frame_164195.png,62.30840965972629,57.104768160543216,0.9164857260962148,0.7090732999627243,0.0661343788274136,0.0,0.0,0.0,0.0,0.49999999959877,0.0605596677139357,34.232260770009056,0.7825403115077438,0.7729952836345145,21.140722339016392,0.0177303759347212,7,15,5,0.04275720219394,0.2879146919431279,76.65396514261279
/Users/kevin.kunkel/Documents/Dev/Uni/ca-friend-foe-analysis/frames/jud_suess/frame_164450.png,60.351889078225675,61.07058775505005,1.011908468593286,0.6896832898450397,0.0808782416529101,0.0,0.0,0.0,0.0,0.4999999995857628,0.0360043133287182,12.723221417540875,0.7159555051585573,0.7195008713320783,14.895160936494506,0.0164426041598061,5,12,2,0.0468908088822621,0.2867298578199052,80.87828085903857
/Users/kevin.kunkel/Documents/Dev/Uni/ca-friend-foe-analysis/frames/jud_suess/frame_164656.png,80.60159952606635,56.01325888727428,0.6949397921025843,0.5976955641940466,0.0926833164705255,0.0,0.0,0.0,0.0,0.4999999996898325,0.0992664678630385,24.343205841631615,0.7881189511855651,0.7826282539215164,25.158345788419528,0.0185053326745576,20,36,0,0.0,0.5,131.88315414396888
/Users/kevin.kunkel/Documents/Dev/Uni/ca-friend-foe-analysis/frames/jud_suess/frame_164813.png,95.50442648703338,60.48720581944836,0.6333445263327795,0.5195630757761329,0.1483006283614676,0.0,0.0,0.0,0.0,0.499999999738232,0.0927132701421801,36.17176766600991,0.7668112795999703,0.7489136279678281,24.394425224291226,0.017039026081412,26,32,2,0.0405805687203791,0.7855450236966824,126.15683452476016
/Users/kevin.kunkel/Documents/Dev/Uni/ca-friend-foe-analysis/frames/jud_suess/frame_164865.png,104.2235542361148,68.81926831242612,0.6603043693030085,0.4504765961978806,0.2262234410777996,0.0,0.0,0.0,0.0,0.499999999760131,0.0656651046381596,60.351183502848926,0.7779699685401611,0.7735612579341338,22.74193350294964,0.0146216503785953,25,29,7,0.0620074285105703,0.533175355450237,54.45634034523529
/Users/kevin.kunkel/Documents/Dev/Uni/ca-friend-foe-analysis/frames/jud_suess/frame_165047.png,111.67858046221843,63.58840980525655,0.5693876971316818,0.3657210181585814,0.228173757921082,0.0,0.0,0.0,0.0,0.4999999997761433,0.0628993822887267,27.128970525587107,0.6976414779128542,0.7439712329897079,21.003304368156687,0.0158482471674658,25,30,2,0.0928730230576708,0.3909952606635071,38.376013500053126
/Users/kevin.kunkel/Documents/Dev/Uni/ca-friend-foe-analysis/frames/jud_suess/frame_165100.png,97.08732160924436,70.7421113352868,0.7286441740265963,0.4857986314500239,0.1996212524628574,0.0,0.0,0.0,0.0,0.4999999997424998,0.0754300015975291,54.217473640768944,0.7663012449241905,0.7656250097887816,23.867865022322142,0.0142797078350466,23,28,4,0.0928763512434101,0.4454976303317535,81.07907779499608
/Users/kevin.kunkel/Documents/Dev/Uni/ca-friend-foe-analysis/frames/jud_suess/frame_165416.png,102.38826282017146,64.32555666317727,0.6282512743997781,0.4382055753767506,0.1815591884551893,0.0,0.0,0.0,0.0,0.4999999997558314,0.0498528941903189,32.306968555301154,0.8226643706100577,0.7624151247377912,16.823608464086952,0.0156283536394095,8,21,0,0.0,0.5,92.74458657365548
/Users/kevin.kunkel/Documents/Dev/Uni/ca-friend-foe-analysis/frames/jud_suess/frame_165741.png,78.38035837904042,68.10172965920651,0.8688621866588874,0.5982646839554822,0.1506969220938282,0.0,0.0,0.0,0.0,0.4999999996810426,0.0291182970339208,20.23824484796847,0.6800816828142409,0.7372058797425994,16.179548921817076,0.0146724731884682,11,14,1,0.0652324404920389,0.4265402843601896,54.06034528543395
/Users/kevin.kunkel/Documents/Dev/Uni/ca-friend-foe-analysis/frames/jud_suess/frame_166001.png,75.26851469726823,57.866593290875535,0.7688021139614107,0.6039392406411417,0.0910957718728366,0.0,0.0,0.0,0.0,0.4999999996678558,0.0258200649661856,11.179232786623343,0.7575905344831366,0.7745187051869579,12.972552629722037,0.0172502311941164,16,9,2,0.1688222216305447,0.2677725118483412,61.25287785176821
/Users/kevin.kunkel/Documents/Dev/Uni/ca-friend-foe-analysis/frames/jud_suess/frame_166126.png,79.18683769103787,69.44702476694434,0.8770021218703615,0.5867591458544118,0.1494022578412056,0.0,0.0,0.0,0.0,0.499999999684291,0.0309487991905852,20.395208743809576,0.7256615389113205,0.7546669778194041,16.008211606238007,0.0143845799185935,11,15,1,0.0719187656424729,0.4609004739336493,35.79440278968461
/Users/kevin.kunkel/Documents/Dev/Uni/ca-friend-foe-analysis/frames/jud_suess/frame_167286.png,66.86954510357315,60.841409073221,0.9098522935665184,0.7307930400979817,0.1018391554395867,0.0,0.0,0.0,0.0,0.4999999996261377,0.0787348900367431,13.926277357686772,0.7759673404480808,0.7695644853606813,21.09376406530135,0.0168522332899772,2,15,0,0.0,0.5,207.8314277135128
/Users/kevin.kunkel/Documents/Dev/Uni/ca-friend-foe-analysis/frames/jud_suess/frame_167372.png,71.91217916289472,56.723070572341776,0.7887825282693077,0.6974246498748602,0.0764251291336066,0.0,0.0,0.0,0.0,0.4999999996523537,0.088007215506683,26.53654015123277,0.7974411602864693,0.7871041025175181,24.50719948002588,0.0183277366067861,9,27,7,0.0475664305873582,0.9135071090047392,203.45468138669136
/Users/kevin.kunkel/Documents/Dev/Uni/ca-friend-foe-analysis/frames/jud_suess/frame_167518.png,70.51167860375952,59.52484369191578,0.844184180353971,0.6809268331647053,0.0824857553650354,0.0,0.0,0.0,0.0,0.4999999996454488,0.1115874114702593,22.661147425315505,0.765718407816825,0.7579772305109274,25.835573875366304,0.0176063441051147,12,36,1,0.0040770275307524,0.3187203791469194,190.160980215615
/Users/kevin.kunkel/Documents/Dev/Uni/ca-friend-foe-analysis/frames/jud_suess/frame_168054.png,62.35514071569306,52.73664954117487,0.8457466193052444,0.7313987699025507,0.0578105862931998,0.0,0.0,0.0,0.0,0.4999999995990707,0.0938847915224452,14.969530459555893,0.802063396848169,0.8062112821058984,23.22054728519939,0.0196355007417785,6,18,8,0.0589721231162468,0.4182464454976303,114.5611615685322
/Users/kevin.kunkel/Documents/Dev/Uni/ca-friend-foe-analysis/frames/jud_suess/frame_168427.png,64.56454017785825,54.516802074350345,0.844376833471334,0.7438162308962138,0.0844161030938814,0.0,0.0,0.0,0.0,0.4999999996127905,0.0599938761382395,11.688322061877628,0.8797153474521499,0.7310361281740451,14.891576254651389,0.0185179754622788,4,17,1,0.0089994142393098,0.3909952606635071,112.03514292031832
/Users/kevin.kunkel/Documents/Dev/Uni/ca-friend-foe-analysis/frames/jud_suess/frame_168634.png,77.15376550934555,59.23892236571624,0.7678033845510802,0.588955748442409,0.0652224559348208,0.0,0.0,0.0,0.0,0.4999999996759717,0.049307071729059,21.797576415144576,0.8052988110415368,0.7430722312888092,13.374672415263047,0.0169340011117606,4,9,0,0.0,0.5,96.63887710446303
/Users/kevin.kunkel/Documents/Dev/Uni/ca-friend-foe-analysis/frames/jud_suess/frame_168698.png,56.43635510410565,51.48499289546088,0.9122664408298896,0.784985888492465,0.0586692582139624,0.0,0.0,0.0,0.0,0.4999999995570232,0.0789545502955429,19.709845439054256,0.8242165320252388,0.8209792905926415,18.83540097882051,0.0200500277409227,1,19,4,0.0651725331487299,0.2973933649289099,167.46696093122546
/Users/kevin.kunkel/Documents/Dev/Uni/ca-friend-foe-analysis/frames/jud_suess/frame_168773.png,80.59354531657702,78.84021501391682,0.9782447788641452,0.6703432025134459,0.1994947814047606,0.0,0.0,0.0,0.0,0.4999999996898014,0.0533641301453751,-14.657406544544427,0.7212777048622314,0.6404568776762529,17.1622238656649,0.0127532169171013,1,8,0,0.0,0.5,178.31474670703244
/Users/kevin.kunkel/Documents/Dev/Uni/ca-friend-foe-analysis/frames/jud_suess/frame_169219.png,78.93889783801055,71.31499040874367,0.9034201423073602,0.6485369295489642,0.1608578731561851,0.0,0.0,0.0,0.0,0.4999999996832994,0.0463682837211779,17.730959449384954,0.6907858329443923,0.7231330835758341,18.58569479672681,0.014034627209095,4,9,4,0.1441037861440971,0.3969194312796208,56.57988904985005
/Users/kevin.kunkel/Documents/Dev/Uni/ca-friend-foe-analysis/frames/jud_suess/frame_170271.png,81.93947361414345,70.49272268241121,0.8603023608417877,0.6439307204856488,0.1569772085840566,0.0,0.0,0.0,0.0,0.4999999996948968,0.044191650247617,27.02499467490283,0.7675721420151211,0.7957937475005977,17.17086538585516,0.014239513600264,14,9,3,0.2072328132488418,0.4087677725118483,107.72102026208756
/Users/kevin.kunkel/Documents/Dev/Uni/ca-friend-foe-analysis/frames/jud_suess/frame_170294.png,85.13017532882475,70.8641243850612,0.8324207489071718,0.6236620693327654,0.1639264604079024,0.0,0.0,0.0,0.0,0.4999999997063321,0.0422180361041589,28.58469234251025,0.7607428876018164,0.7890496946422214,17.148837437379402,0.0141538477360724,12,6,3,0.2124880185313382,0.4063981042654028,97.33805654721613
