frame_path,mean_brightness,brightness_std,contrast,low_key_ratio,high_key_ratio,saturation_mean,saturation_std,hue_mean,hue_std,edge_density,center_brightness,vertical_symmetry,horizontal_symmetry,texture_contrast,texture_homogeneity,dark_regions_count,bright_regions_count
/home/kevin/Documents/Dev/ca-friend-foe-analysis/frames/jud_suess/frame_000219.png,47.0754865807551,43.047705327906726,0.9144399423809894,0.847033255231908,0.02602308429628841,0.0,0.0,0.0,0.0,0.041695510943074714,-3.35738391288141,0.8889181856245347,0.808751875530552,12.332407926588589,0.023707237016396973,10,15
/home/kevin/Documents/Dev/ca-friend-foe-analysis/frames/jud_suess/frame_003257.png,68.12989576122264,62.064527622602355,0.9109734696941979,0.6929748655412962,0.0955355716491826,0.0,0.0,0.0,0.0,0.05902537408807711,14.776781910644871,0.7689617574491323,0.7409690789356906,18.1061764343697,0.016376841233371305,4,23
/home/kevin/Documents/Dev/ca-friend-foe-analysis/frames/jud_suess/frame_003487.png,29.053131157143618,35.08504459214952,1.207616634558892,0.9263638905160019,0.01414478939240641,0.0,0.0,0.0,0.0,0.05115421481442036,13.079530326428454,0.9177811781829724,0.9135655284532472,14.282311298205046,0.031109246241562135,1,4
/home/kevin/Documents/Dev/ca-friend-foe-analysis/frames/jud_suess/frame_003659.png,52.98176154214814,55.617590600186794,1.0497497417288932,0.7758500186378401,0.06249001544278183,0.0,0.0,0.0,0.0,0.06325549816284147,29.127509452047498,0.8104726389197779,0.8083740285613153,19.436806481835948,0.0185304814748647,1,22
/home/kevin/Documents/Dev/ca-friend-foe-analysis/frames/jud_suess/frame_003855.png,52.29853160445178,56.2499860752284,1.075555742044671,0.7922912561904255,0.06495287288993024,0.0,0.0,0.0,0.0,0.04399861547473241,22.497370733265882,0.7794321253715821,0.834195529215467,15.12724749288783,0.018019299820518846,1,9
/home/kevin/Documents/Dev/ca-friend-foe-analysis/frames/jud_suess/frame_003998.png,71.3479285371958,62.105100900003976,0.8704541545390674,0.6731089248628788,0.10258466904521008,0.0,0.0,0.0,0.0,0.05239229990947335,21.68451461739177,0.7780855544731339,0.760493521653829,16.635414379353616,0.01624694158309787,5,26
/home/kevin/Documents/Dev/ca-friend-foe-analysis/frames/jud_suess/frame_004114.png,52.715163879865806,57.88199124402216,1.098014060358985,0.7864436338463177,0.07155932158261888,0.0,0.0,0.0,0.0,0.042973534267000374,19.574734410778,0.7676757986862672,0.8294989762239632,15.406132597571006,0.017475638864255027,1,10
/home/kevin/Documents/Dev/ca-friend-foe-analysis/frames/jud_suess/frame_004186.png,73.54080355716492,70.73093792957188,0.9617917456995416,0.6717210714095532,0.14037288993024122,0.0,0.0,0.0,0.0,0.07192209382821237,41.83775760157623,0.7753754976616558,0.7180666451574507,21.6266683752518,0.014569377457471541,9,20
/home/kevin/Documents/Dev/ca-friend-foe-analysis/frames/jud_suess/frame_004233.png,69.90443114649342,68.76274496499383,0.983667898284247,0.6910378614409713,0.12757934394802706,0.0,0.0,0.0,0.0,0.06962564566803345,40.18769303477289,0.7824115955557365,0.7269339500004699,20.733224258798582,0.014970449713148141,9,26
/home/kevin/Documents/Dev/ca-friend-foe-analysis/frames/jud_suess/frame_004482.png,54.25257934394803,57.604005178042506,1.0617744956727275,0.7795642739229991,0.07097356089248628,0.0,0.0,0.0,0.0,0.045712631130518135,19.447883939506895,0.764820084804783,0.8200226003389268,15.929036160401887,0.017583770639016557,1,8
/home/kevin/Documents/Dev/ca-friend-foe-analysis/frames/jud_suess/frame_004655.png,69.3547047233612,60.77056645938685,0.8762284637237344,0.6829769955801693,0.09383486873635444,0.0,0.0,0.0,0.0,0.054276053037967946,20.859324245167485,0.7816781156256102,0.7672154127106937,16.93908132827171,0.016680939669536644,6,23
/home/kevin/Documents/Dev/ca-friend-foe-analysis/frames/jud_suess/frame_004867.png,44.653562490015446,51.686239618455986,1.1574941980108222,0.82957026465733,0.049849566004579585,0.0,0.0,0.0,0.0,0.03301560253474626,19.36723201448426,0.8162128848557368,0.8460349430788877,12.961563174764532,0.01951154416108463,1,7
/home/kevin/Documents/Dev/ca-friend-foe-analysis/frames/jud_suess/frame_004908.png,45.78716917833751,53.00898295068262,1.1577257075763765,0.8276565578571808,0.055264524202566695,0.0,0.0,0.0,0.0,0.03604092337185154,19.040830182650836,0.8087032448636305,0.8411330867082442,13.442043535537469,0.019068375938925623,1,8
/home/kevin/Documents/Dev/ca-friend-foe-analysis/frames/jud_suess/frame_004951.png,67.45279634165824,59.42908865805209,0.8810470698491193,0.698686032270089,0.08881263645561531,0.0,0.0,0.0,0.0,0.051430454230789714,21.69284506629745,0.7813148865702093,0.7728680294738908,16.5208734847052,0.017000493934822735,4,19
/home/kevin/Documents/Dev/ca-friend-foe-analysis/frames/jud_suess/frame_005573.png,94.63432224825603,65.75697692164042,0.6948533607040958,0.5019203631716279,0.1629346610575643,0.0,0.0,0.0,0.0,0.07720392459662388,21.459266334735617,0.742020890043008,0.7171389558006492,24.18013631716566,0.01543162617119401,4,25
/home/kevin/Documents/Dev/ca-friend-foe-analysis/frames/jud_suess/frame_005672.png,71.9550162415464,68.06198500179119,0.9458963177594695,0.6525107833217956,0.12397824697800734,0.0,0.0,0.0,0.0,0.053457319346078065,5.71358964801108,0.7483679621270736,0.7489477190311664,22.667152738857418,0.014806234157407457,3,24
/home/kevin/Documents/Dev/ca-friend-foe-analysis/frames/jud_suess/frame_005790.png,56.10674157303371,59.00873879018811,1.0517227882179652,0.7302072794078492,0.07241466531764204,0.0,0.0,0.0,0.0,0.044328105862931996,37.22834016720805,0.769578450689078,0.808945119130777,17.282782566300835,0.0170524549141056,4,19
/home/kevin/Documents/Dev/ca-friend-foe-analysis/frames/jud_suess/frame_005840.png,47.51053370786517,60.53672774969296,1.2741748597165068,0.7997663613610948,0.06783840992598116,0.0,0.0,0.0,0.0,0.06137840140582566,24.09643418179882,0.8007350983420154,0.7911805166179577,19.93889612751173,0.016841303494218526,1,14
/home/kevin/Documents/Dev/ca-friend-foe-analysis/frames/jud_suess/frame_005906.png,60.60201887746951,67.91810111818845,1.1207234059881552,0.7182457798604824,0.1082891794025241,0.0,0.0,0.0,0.0,0.11715213802651898,42.368346956706965,0.7660572823836388,0.7999758543387534,29.135051451564863,0.01575663893836463,3,32
/home/kevin/Documents/Dev/ca-friend-foe-analysis/frames/jud_suess/frame_007956.png,37.64135137653762,39.940250329584494,1.061073759651797,0.8747370733265882,0.02338716119069173,0.0,0.0,0.0,0.0,0.019130411630012247,20.969157702753073,0.884420201330439,0.8736324419538304,8.684245367143085,0.024867230162294158,4,5
/home/kevin/Documents/Dev/ca-friend-foe-analysis/frames/jud_suess/frame_008077.png,72.31830102774376,55.24594866108409,0.7639276338018106,0.6092676660099047,0.05260863198253368,0.0,0.0,0.0,0.0,0.036144097129772616,3.2428177751744016,0.7772822479010242,0.7828673351229837,12.468292860442832,0.018118935155596847,5,15
/home/kevin/Documents/Dev/ca-friend-foe-analysis/frames/jud_suess/frame_008669.png,39.30266853932584,40.07081336424062,1.0195443401557263,0.8863790670429735,0.022418659140529314,0.0,0.0,0.0,0.0,0.034896027477501465,8.966501810533039,0.8517028042379421,0.8536401998895303,12.34372741942407,0.025826285322403608,1,8
/home/kevin/Documents/Dev/ca-friend-foe-analysis/frames/jud_suess/frame_009679.png,51.25212671068747,57.82223938550767,1.1281919987259954,0.7885437190478726,0.07062742957558975,0.0,0.0,0.0,0.0,0.04384884711645987,-0.7613391288141003,0.8483424590881137,0.7569226524413483,13.559934066356853,0.017364292970142827,6,9
/home/kevin/Documents/Dev/ca-friend-foe-analysis/frames/jud_suess/frame_009764.png,50.80644270195431,50.96948577444632,1.0032091003325614,0.7743057404547633,0.038300761488897175,0.0,0.0,0.0,0.0,0.04210820597475904,9.171937403482616,0.8231999083247975,0.7927783068070404,11.84278887933538,0.019699555495398695,6,7
/home/kevin/Documents/Dev/ca-friend-foe-analysis/frames/jud_suess/frame_010026.png,39.310060439853025,41.21639136572228,1.0484947313662005,0.8841924490121945,0.025517200063901166,0.0,0.0,0.0,0.0,0.015625832046434848,17.81987193141275,0.8723950616510516,0.8838675136703598,7.188218659391432,0.024037318798001063,1,9
/home/kevin/Documents/Dev/ca-friend-foe-analysis/frames/jud_suess/frame_010103.png,48.47665277703818,47.85251883053879,0.9871250589828774,0.7955828318866819,0.011788433888918473,0.0,0.0,0.0,0.0,0.028306219713509773,13.222186351775918,0.8518462164140378,0.8040326386691852,9.078530093841007,0.02079361155913813,1,4
/home/kevin/Documents/Dev/ca-friend-foe-analysis/frames/jud_suess/frame_010176.png,31.660644869268864,37.869977170759164,1.1961214690198931,0.8972888598966932,0.015579237446083392,0.0,0.0,0.0,0.0,0.016600990468076043,12.426526971617228,0.9104226247717256,0.8994478083048545,6.32116206673147,0.026171860805889596,3,4
/home/kevin/Documents/Dev/ca-friend-foe-analysis/frames/jud_suess/frame_010260.png,46.59359856754886,46.57039344941967,0.9995019655319014,0.8048485009851429,0.008879599552691837,0.0,0.0,0.0,0.0,0.033511502209915334,13.850288220885027,0.8587021746235104,0.8086964840784815,9.049797056639276,0.021410459267061373,1,3
/home/kevin/Documents/Dev/ca-friend-foe-analysis/frames/jud_suess/frame_010438.png,41.322581074604614,47.7169737132969,1.1547432991098352,0.8262154534320252,0.030629293359603814,0.0,0.0,0.0,0.0,0.018887454071036796,18.74970711965493,0.8112684799144643,0.8324759926868666,7.829252590746749,0.02076557662058175,1,12
/home/kevin/Documents/Dev/ca-friend-foe-analysis/frames/jud_suess/frame_011006.png,58.67527224559348,54.695006151138315,0.9321645041370807,0.7461359763565685,0.05715160551680068,0.0,0.0,0.0,0.0,0.10243490068693753,21.993932717397094,0.8431529952627518,0.7904669013885974,23.754265250665547,0.019737042316597897,3,17
/home/kevin/Documents/Dev/ca-friend-foe-analysis/frames/jud_suess/frame_011226.png,81.99729751317962,63.23223138046969,0.7711501869094065,0.5590752968741679,0.12079650141115075,0.0,0.0,0.0,0.0,0.058412987912029396,20.013459183130095,0.7610880008854279,0.7590075585055898,17.234460358794703,0.01595532358098428,8,19
/home/kevin/Documents/Dev/ca-friend-foe-analysis/frames/jud_suess/frame_011315.png,119.6597861973481,80.45835752568831,0.6723926225787639,0.3980044198306619,0.3970758560093722,0.0,0.0,0.0,0.0,0.15395854411843016,9.465566590340273,0.8525799573783398,0.4764130040961483,28.82684752366238,0.012992956195720683,1,10
/home/kevin/Documents/Dev/ca-friend-foe-analysis/frames/jud_suess/frame_011409.png,63.27176633473561,67.16624582144655,1.06155161466415,0.687799536716545,0.12123249374301082,0.0,0.0,0.0,0.0,0.09671042121518718,9.653043293040092,0.735409494752691,0.7167175683309162,25.586096134932635,0.015688820504334205,9,21
/home/kevin/Documents/Dev/ca-friend-foe-analysis/frames/jud_suess/frame_011573.png,95.17853719580383,68.49178176822598,0.7196137250498134,0.46380265189839714,0.18602228553171096,0.0,0.0,0.0,0.0,0.14292560839235316,7.252702486820382,0.8180694121197123,0.6229692324237859,30.485670983741795,0.015474302822367598,15,25
/home/kevin/Documents/Dev/ca-friend-foe-analysis/frames/jud_suess/frame_012550.png,44.97232613557697,47.86771539905388,1.0643815743110572,0.8498588849246499,0.04781604451781245,0.0,0.0,0.0,0.0,0.042164785132328665,5.83052545396454,0.8732255418808452,0.8360356374297948,13.426591078647485,0.021346370507473778,7,6
/home/kevin/Documents/Dev/ca-friend-foe-analysis/frames/jud_suess/frame_013064.png,89.94686884285638,66.53128498936431,0.7396731622935304,0.5571982001171522,0.14483931519250226,0.0,0.0,0.0,0.0,0.03945231375472602,7.584802172639655,0.7504097714489172,0.7257171391907314,16.0067241078483,0.015037337958125528,11,10
/home/kevin/Documents/Dev/ca-friend-foe-analysis/frames/jud_suess/frame_013330.png,69.99365980616646,66.28670998942106,0.9470387757731923,0.7151805207945044,0.14643018797593055,0.0,0.0,0.0,0.0,0.047746152617285265,-5.366656238351354,0.7078250997933653,0.7788338611444365,18.325270788206527,0.015336246627089895,8,17
/home/kevin/Documents/Dev/ca-friend-foe-analysis/frames/jud_suess/frame_013406.png,65.19887906704297,55.14256045520374,0.845759331443806,0.6712118589914265,0.055826987592523566,0.0,0.0,0.0,0.0,0.012720325895947602,3.786410351988934,0.785563661536823,0.7700550990937938,10.255822359020112,0.017969893363844892,8,11
/home/kevin/Documents/Dev/ca-friend-foe-analysis/frames/jud_suess/frame_013572.png,57.621635204217476,60.18126072557974,1.0444212561453443,0.7556046647851323,0.08944831993183876,0.0,0.0,0.0,0.0,0.05016241546408222,-8.96308043559295,0.7526180944714006,0.8301487424939623,15.63588539588489,0.01689458358071864,11,14
/home/kevin/Documents/Dev/ca-friend-foe-analysis/frames/jud_suess/frame_013780.png,67.97511848341232,57.99897628653025,0.8532383244813273,0.660711432983652,0.07053091218914745,0.0,0.0,0.0,0.0,0.01700037275680281,-1.8300228979178854,0.7926082952484471,0.739959529261409,11.360839965043365,0.01713685175911665,5,7
/home/kevin/Documents/Dev/ca-friend-foe-analysis/frames/jud_suess/frame_014515.png,42.957958357740026,41.306988226922535,0.9615677678807377,0.8494461898929655,0.021376937004100326,0.0,0.0,0.0,0.0,0.04284040683742478,1.4458304489056957,0.8716085656798531,0.8721361157488183,12.660182812305612,0.025043734932578752,3,8
/home/kevin/Documents/Dev/ca-friend-foe-analysis/frames/jud_suess/frame_014710.png,48.486607380584694,55.981836217665446,1.1545834845236809,0.8394150380744448,0.07250785451834496,0.0,0.0,0.0,0.0,0.01946655838969061,27.4010064433676,0.8598816575461325,0.8660602320698235,8.003728492980748,0.017760378436905495,5,3
/home/kevin/Documents/Dev/ca-friend-foe-analysis/frames/jud_suess/frame_016176.png,45.53098208104798,44.18523984141462,0.9704433711910234,0.8646127323073646,0.03822088503115182,0.0,0.0,0.0,0.0,0.04243436817721923,0.18156917301240583,0.8619026624441779,0.877791864922123,12.632118423071901,0.023421735433831657,2,6
/home/kevin/Documents/Dev/ca-friend-foe-analysis/frames/jud_suess/frame_016459.png,50.30985409233718,50.79957983525376,1.0097341892712375,0.8875173065658448,0.06363158315139252,0.0,0.0,0.0,0.0,0.01714681292933596,10.968994621651845,0.8527375176067551,0.8628368776553701,7.8055362823885766,0.019572313139577916,1,3
/home/kevin/Documents/Dev/ca-friend-foe-analysis/frames/jud_suess/frame_016600.png,41.598078305554075,43.28177249301873,1.0404752852054784,0.8910019170349859,0.03967863038500453,0.0,0.0,0.0,0.0,0.015362905373023058,27.349189919591034,0.9279780867030235,0.9162913256255162,6.136752075418028,0.02301089761780932,3,5
/home/kevin/Documents/Dev/ca-friend-foe-analysis/frames/jud_suess/frame_016678.png,52.633600031950586,54.57760356761517,1.036934646894589,0.8724239842377124,0.07229817881676341,0.0,0.0,0.0,0.0,0.017822434634432078,5.949125352787689,0.8312588425326998,0.8399088886313352,8.125630932267132,0.01824286888051013,1,4
/home/kevin/Documents/Dev/ca-friend-foe-analysis/frames/jud_suess/frame_016842.png,41.69120759891368,43.862630080167776,1.0520834607847227,0.8917307897119122,0.048488338037169176,0.0,0.0,0.0,0.0,0.013978380105436923,29.614772485222858,0.9204682378835767,0.9170367348174693,5.7325063151103945,0.022680115055638887,3,6
/home/kevin/Documents/Dev/ca-friend-foe-analysis/frames/jud_suess/frame_017335.png,44.04073699345013,45.51215420491204,1.0334103652338902,0.9062450077213909,0.05004260077746419,0.0,0.0,0.0,0.0,0.014976835827253848,14.970938282123647,0.9046549180404895,0.8893957998557003,6.802946599826201,0.021824788379824014,1,3
/home/kevin/Documents/Dev/ca-friend-foe-analysis/frames/jud_suess/frame_017954.png,42.52525427339049,40.173381257989924,0.9446946726114773,0.9051766600990468,0.0419917194738804,0.0,0.0,0.0,0.0,0.011575430001597529,0.6120001065019451,0.8704429958787925,0.8650261712864495,5.597475540279217,0.02465647930745639,1,4
/home/kevin/Documents/Dev/ca-friend-foe-analysis/frames/jud_suess/frame_019471.png,63.87391501144896,53.61092185488405,0.8393241867410545,0.6742737898716652,0.03517892326534959,0.0,0.0,0.0,0.0,0.01285345332552319,1.1210660844560465,0.8572320040428973,0.773233033561686,7.946666771127662,0.018468176806650815,3,6
/home/kevin/Documents/Dev/ca-friend-foe-analysis/frames/jud_suess/frame_019824.png,54.191304116300124,41.78635987571955,0.771089762094168,0.7460727408275201,0.0023064327173970924,0.0,0.0,0.0,0.0,0.01781910644869269,1.6688987699025475,0.8787399149446242,0.8334424978255853,9.232392464662492,0.02369426227271524,1,1
/home/kevin/Documents/Dev/ca-friend-foe-analysis/frames/jud_suess/frame_020173.png,62.85903136482241,54.23853271676819,0.8628598222535694,0.672453272272219,0.04623182810586293,0.0,0.0,0.0,0.0,0.03451994248895043,-18.692196070078275,0.8045737886187011,0.7806878563769083,10.63701305414171,0.0184330206596619,3,6
/home/kevin/Documents/Dev/ca-friend-foe-analysis/frames/jud_suess/frame_020606.png,46.57575949198573,37.80998155441217,0.81179527474455,0.8586685925768145,0.012693700410032482,0.0,0.0,0.0,0.0,0.050741519782736035,-1.564403722242929,0.860554212099665,0.8766750563050717,11.278096400774368,0.026780753135975104,3,1
/home/kevin/Documents/Dev/ca-friend-foe-analysis/frames/jud_suess/frame_020681.png,45.48566883220619,40.796386691815954,0.8969063806145328,0.8412854784599819,0.02441889876990255,0.0,0.0,0.0,0.0,0.047223627456201074,1.8987099952074118,0.8475499332274579,0.8384547194456887,11.856437352067571,0.024934649205961747,1,6
/home/kevin/Documents/Dev/ca-friend-foe-analysis/frames/jud_suess/frame_020910.png,51.82981655040204,44.70996215562716,0.8626301431317208,0.8179748655412962,0.036590074018850845,0.0,0.0,0.0,0.0,0.048548245380478194,15.808476223441076,0.8397384855214785,0.8595639267475454,14.681211245836373,0.0228097183414912,1,10
/home/kevin/Documents/Dev/ca-friend-foe-analysis/frames/jud_suess/frame_021733.png,48.480703179083015,53.49242644531594,1.103375628389352,0.8265349592630066,0.07442156131849406,0.0,0.0,0.0,0.0,0.04236114809095266,7.524954736673948,0.832526894351116,0.8274269652479982,13.048938659514109,0.01896249659755414,1,18
/home/kevin/Documents/Dev/ca-friend-foe-analysis/frames/jud_suess/frame_022294.png,61.69951142233346,51.62751844322805,0.8367573286952258,0.7528589115501358,0.0582166249534054,0.0,0.0,0.0,0.0,0.07673797859310932,19.8198852441557,0.8478640617544211,0.85391707883963,20.436899659549926,0.02061386780512627,1,14
/home/kevin/Documents/Dev/ca-friend-foe-analysis/frames/jud_suess/frame_023020.png,62.44642619415304,51.592368337318526,0.8261860830000644,0.7487818840193834,0.06265642472975132,0.0,0.0,0.0,0.0,0.033481548538260825,-4.764800441983063,0.8103070127353353,0.7980234753254836,14.298274481080616,0.01968365218967595,2,11
/home/kevin/Documents/Dev/ca-friend-foe-analysis/frames/jud_suess/frame_023147.png,56.566387320943605,50.22018003830598,0.8878095690394407,0.759145854411843,0.043569279514351134,0.0,0.0,0.0,0.0,0.018747670269982426,11.921378268278403,0.8375867547082734,0.824477409580372,11.95546003620926,0.019861786291906082,3,5
/home/kevin/Documents/Dev/ca-friend-foe-analysis/frames/jud_suess/frame_023677.png,50.496771659832795,47.14604504696067,0.9336447341860094,0.8358538793332978,0.050455295809148516,0.0,0.0,0.0,0.0,0.02118057404547633,15.05617311890942,0.872624615105108,0.8783243485370078,10.898553397143127,0.021330588559260306,3,9
/home/kevin/Documents/Dev/ca-friend-foe-analysis/frames/jud_suess/frame_023745.png,63.21191224239843,54.50014623001675,0.8621815763903351,0.7408341764737206,0.06978207039778477,0.0,0.0,0.0,0.0,0.0368297033920869,19.5138319399329,0.809253348285371,0.8110063493952882,14.668527126793192,0.018598199781848134,4,11
/home/kevin/Documents/Dev/ca-friend-foe-analysis/frames/jud_suess/frame_023987.png,83.05697521167261,69.16840711956067,0.832782639387061,0.6517319878587784,0.16568374247830023,0.0,0.0,0.0,0.0,0.06300255604664785,-4.558932184887368,0.7649415701101251,0.7259162299564909,20.272027530485264,0.014742670780579585,5,20
/home/kevin/Documents/Dev/ca-friend-foe-analysis/frames/jud_suess/frame_024053.png,65.82077386974812,60.59361565571739,0.9205849764630057,0.7065272378720912,0.10791309441397305,0.0,0.0,0.0,0.0,0.033754459768890785,23.66273164172746,0.7783153428579483,0.7384721304252038,14.489460646615065,0.016626705069276073,8,12
/home/kevin/Documents/Dev/ca-friend-foe-analysis/frames/jud_suess/frame_024141.png,70.80902537408808,75.96104912187026,1.0727594203321937,0.7103047286862986,0.16523443740348262,0.0,0.0,0.0,0.0,0.1084189786463603,-11.226166861920234,0.7317568174295652,0.7040502323726232,24.656230355989155,0.013665893436349552,8,20
/home/kevin/Documents/Dev/ca-friend-foe-analysis/frames/jud_suess/frame_024520.png,100.86894603014005,77.33480520083954,0.7666859639939432,0.4938395281963896,0.2689140795569519,0.0,0.0,0.0,0.0,0.11502542733904894,-8.964118829543636,0.7158515874532356,0.6968694954418212,25.807891959730412,0.013269115949992479,18,18
/home/kevin/Documents/Dev/ca-friend-foe-analysis/frames/jud_suess/frame_024710.png,113.13748069652272,83.90635269697518,0.7416317926318371,0.4492784493317003,0.33195990201821185,0.0,0.0,0.0,0.0,0.01637800202353693,20.11434314926248,0.708092163858461,0.6114767851866239,11.978322668454105,0.011836252301401246,6,5
/home/kevin/Documents/Dev/ca-friend-foe-analysis/frames/jud_suess/frame_025044.png,91.99056126524309,79.3170543389245,0.8622303545251869,0.5414259278981841,0.24434541242877683,0.0,0.0,0.0,0.0,0.03350817402417594,7.802265828851375,0.7179675043775431,0.582008428271463,16.482069712161508,0.012583329642881641,10,16
/home/kevin/Documents/Dev/ca-friend-foe-analysis/frames/jud_suess/frame_025356.png,122.67531218382236,83.13369183945355,0.6776725511577663,0.3928157782629533,0.37543599233186004,0.0,0.0,0.0,0.0,0.017962218435486448,17.855213935779332,0.6392345590454085,0.6661095936324368,13.135937076450332,0.01195818272522639,9,6
/home/kevin/Documents/Dev/ca-friend-foe-analysis/frames/jud_suess/frame_025480.png,119.99901485702114,94.62389123649073,0.7885388998433133,0.45702313754726026,0.394273523616806,0.0,0.0,0.0,0.0,0.02042174769689547,-25.430880238564356,0.6263019079509966,0.5172263239392354,12.944692223714204,0.01050796123231562,12,8
/home/kevin/Documents/Dev/ca-friend-foe-analysis/frames/jud_suess/frame_025552.png,103.38489136801746,70.88995720443057,0.6856897192406559,0.43573273337238405,0.23405466212258375,0.0,0.0,0.0,0.0,0.018115314979498375,4.250632355290492,0.7739195012367799,0.6489285069158395,12.862678156208883,0.014005527894243646,5,10
/home/kevin/Documents/Dev/ca-friend-foe-analysis/frames/jud_suess/frame_025610.png,111.88507774641887,87.08737917644741,0.7783645581047861,0.44543439480270514,0.3489702593322328,0.0,0.0,0.0,0.0,0.019549763033175356,-23.845219394003948,0.6930961159158802,0.5414974382106003,12.466757735774078,0.011417356753728198,3,7
/home/kevin/Documents/Dev/ca-friend-foe-analysis/frames/jud_suess/frame_025715.png,115.84026372543799,80.87094018449248,0.6981246201783391,0.39681958570743914,0.3076341924490122,0.0,0.0,0.0,0.0,0.01841485169604345,20.217753208371036,0.6915495145286401,0.5728702743678014,12.791274158093547,0.012287638779631118,10,8
/home/kevin/Documents/Dev/ca-friend-foe-analysis/frames/jud_suess/frame_026057.png,111.23263352681187,86.39036266876369,0.7766638247423451,0.4755245220725278,0.35613584322913894,0.0,0.0,0.0,0.0,0.029078358805048193,28.54625512540605,0.769231275235479,0.5131804508373454,14.713430568534354,0.011523423259297515,10,8
/home/kevin/Documents/Dev/ca-friend-foe-analysis/frames/jud_suess/frame_026682.png,76.10082738697481,68.31945282596878,0.897749145206892,0.6581686990787582,0.13524415570584164,0.0,0.0,0.0,0.0,0.09520608126098301,42.15726676074338,0.7700427521772861,0.7627011137806206,22.58175713634589,0.014934713108949593,11,19
/home/kevin/Documents/Dev/ca-friend-foe-analysis/frames/jud_suess/frame_027031.png,87.07842204057724,77.62193930342653,0.891402685020126,0.6037428776825177,0.22393032110336014,0.0,0.0,0.0,0.0,0.03539858352414932,46.49775347462591,0.702877040373634,0.6791712739198666,14.57897088377875,0.012897943560364857,6,13
/home/kevin/Documents/Dev/ca-friend-foe-analysis/frames/jud_suess/frame_027506.png,59.31332539006337,50.67775621773589,0.8544076023224465,0.7522997763459183,0.056286277224559346,0.0,0.0,0.0,0.0,0.007711406358166036,15.642223361201346,0.8202560170987827,0.8316159111815555,9.230306071597296,0.01949272546478208,3,6
/home/kevin/Documents/Dev/ca-friend-foe-analysis/frames/jud_suess/frame_027662.png,56.583331114542844,56.87744354699185,1.005197861740127,0.7760130997390703,0.0727874221204537,0.0,0.0,0.0,0.0,0.02807657489749188,55.310965706374134,0.86167355274822,0.8361952076213626,12.026247311535425,0.01754759575739863,1,13
/home/kevin/Documents/Dev/ca-friend-foe-analysis/frames/jud_suess/frame_027938.png,54.95435393258427,56.6233996332808,1.0303714897586986,0.7787422120453699,0.06819452580009586,0.0,0.0,0.0,0.0,0.019413307417860376,27.12641447893924,0.7880059233875136,0.858057159175508,10.38791516763998,0.01756279929847199,1,9
/home/kevin/Documents/Dev/ca-friend-foe-analysis/frames/jud_suess/frame_028229.png,52.98571875499228,54.29524061940602,1.0247146173103276,0.8040064699930773,0.07130305128068587,0.0,0.0,0.0,0.0,0.02571023483678577,31.282998961606054,0.8724562219584037,0.798075995401622,11.062840405709089,0.018397067519348102,2,10
/home/kevin/Documents/Dev/ca-friend-foe-analysis/frames/jud_suess/frame_028338.png,46.60910458490867,50.11562763608504,1.0752325747272233,0.8482979658128761,0.054009798178816765,0.0,0.0,0.0,0.0,0.016697507854518345,27.186318494062526,0.8479722343168057,0.8781087343079306,7.9956730352202605,0.019779207848330774,3,6
/home/kevin/Documents/Dev/ca-friend-foe-analysis/frames/jud_suess/frame_028636.png,68.9898690026093,62.17015804798017,0.9011490941592294,0.7168545982214175,0.11017293253101869,0.0,0.0,0.0,0.0,0.014620719953139145,3.469553756856058,0.7734817991310694,0.7847599895168675,9.712361073763809,0.015932605259472803,2,8
/home/kevin/Documents/Dev/ca-friend-foe-analysis/frames/jud_suess/frame_028675.png,77.86180374354332,62.60474854646997,0.8040495526184944,0.670413094413973,0.1250399382288727,0.0,0.0,0.0,0.0,0.016048511635337343,4.413064460301399,0.78057918784959,0.7792315728144392,10.372916596114793,0.015835114579196737,3,10
/home/kevin/Documents/Dev/ca-friend-foe-analysis/frames/jud_suess/frame_029087.png,67.79850830715161,62.32146080268791,0.9192158097111476,0.6743203844720166,0.0990734330901539,0.0,0.0,0.0,0.0,0.08488537728313542,29.643048751264715,0.7266766225101255,0.7818759534273265,24.576153826723353,0.016550994689939626,1,34
/home/kevin/Documents/Dev/ca-friend-foe-analysis/frames/jud_suess/frame_029262.png,81.48535931093242,60.03187786957622,0.7367198022264855,0.5507282070397784,0.10314047606368816,0.0,0.0,0.0,0.0,0.06226037062676394,14.255188641567713,0.7515842947222022,0.8043759508169848,18.072766737523356,0.01694059719599077,13,18
/home/kevin/Documents/Dev/ca-friend-foe-analysis/frames/jud_suess/frame_029597.png,73.91762407476436,65.59034468616113,0.8873437886894885,0.6309707652164652,0.11403362798871079,0.0,0.0,0.0,0.0,0.082362612492678,36.844823339900955,0.7021229126402145,0.7615292269525096,21.775750658886356,0.015517692188605626,13,29
/home/kevin/Documents/Dev/ca-friend-foe-analysis/frames/jud_suess/frame_029730.png,77.22873622131104,62.354868361324705,0.8074050066272814,0.5883433622663614,0.0853446669151712,0.0,0.0,0.0,0.0,0.024092736567442357,37.45805487512648,0.7452275382702205,0.7731773027651873,12.337239038903245,0.016019203621658155,5,7
/home/kevin/Documents/Dev/ca-friend-foe-analysis/frames/jud_suess/frame_029825.png,100.56449025507216,67.44875001196226,0.6707014550942868,0.45884698333244583,0.19799709782203526,0.0,0.0,0.0,0.0,0.09391474519409979,-0.4453678310879212,0.7412336109692825,0.7286404870271235,25.525798402928306,0.015228245289270085,26,34
/home/kevin/Documents/Dev/ca-friend-foe-analysis/frames/jud_suess/frame_031367.png,80.56297593056074,57.54569098637279,0.7142945037748286,0.5783588050481921,0.08292174769689546,0.0,0.0,0.0,0.0,0.07516707492411737,10.94591698173491,0.7541397931982847,0.7878723521998394,22.127661609413764,0.017912627238756626,13,14
/home/kevin/Documents/Dev/ca-friend-foe-analysis/frames/jud_suess/frame_031885.png,75.79716372011289,54.47944103778586,0.7187530283729384,0.6156710953724905,0.0654221470791842,0.0,0.0,0.0,0.0,0.06215719686884286,2.0424709782203507,0.7838592910938271,0.7801443571198116,20.41709136332765,0.018822762703048675,7,13
/home/kevin/Documents/Dev/ca-friend-foe-analysis/frames/jud_suess/frame_032049.png,164.77311424996006,80.21827143060871,0.4868407794989775,0.24121691783375046,0.6010437190478726,0.0,0.0,0.0,0.0,0.022022605037541935,53.90090992598115,0.7690505612756844,0.7322734562699886,12.773718507826331,0.01240478134109772,11,1
/home/kevin/Documents/Dev/ca-friend-foe-analysis/frames/jud_suess/frame_032421.png,71.61499880185313,57.02081915100464,0.7962133634764205,0.6489928909952607,0.07844533787741627,0.0,0.0,0.0,0.0,0.060766015229777946,6.386585414558823,0.8083844960317584,0.7729640378436906,19.39408891649519,0.017846783776545177,6,7
/home/kevin/Documents/Dev/ca-friend-foe-analysis/frames/jud_suess/frame_032672.png,92.2926773257362,76.16440191605982,0.8252485900340893,0.5638612279674104,0.22094161030938814,0.0,0.0,0.0,0.0,0.03760517066936472,34.55730137387508,0.7609403860591044,0.6254610907678477,15.495983236238711,0.013110617961818984,6,8
/home/kevin/Documents/Dev/ca-friend-foe-analysis/frames/jud_suess/frame_033308.png,82.89233319133074,76.3015604978992,0.9204899593033796,0.6297792747217636,0.23384831460674158,0.0,0.0,0.0,0.0,0.024082752010224185,-12.385317375792098,0.6460261201237512,0.7206308360715818,10.677427336142538,0.013031101510134294,1,7
/home/kevin/Documents/Dev/ca-friend-foe-analysis/frames/jud_suess/frame_033847.png,61.53330848287981,53.39677601282714,0.8677702734106439,0.7386908248575537,0.05985409233718515,0.0,0.0,0.0,0.0,0.04400527184621119,38.01717343841525,0.8015023038876341,0.8165394908162956,15.117908242120597,0.018884378688757763,4,7
/home/kevin/Documents/Dev/ca-friend-foe-analysis/frames/jud_suess/frame_033932.png,56.19227927472176,53.333857984722535,0.9491314212235872,0.7398856435379946,0.04990614516214921,0.0,0.0,0.0,0.0,0.053041296128654346,31.737975264923584,0.8006991278326123,0.8358862214676595,15.700212697897284,0.01895630992651724,1,18
/home/kevin/Documents/Dev/ca-friend-foe-analysis/frames/jud_suess/frame_034248.png,67.99208224612599,61.12669642320552,0.8990266853724089,0.6796022152404282,0.09258014271260451,0.0,0.0,0.0,0.0,0.0602934128547846,55.134109244368716,0.8186698690339334,0.800583280865464,16.795507170105594,0.016549534818927562,7,15
/home/kevin/Documents/Dev/ca-friend-foe-analysis/frames/jud_suess/frame_034379.png,65.62710674157303,56.314584712695286,0.8580994565041757,0.7060879173544917,0.07642845731934608,0.0,0.0,0.0,0.0,0.0620773204110975,40.391544411310505,0.8000838702806325,0.8180583703740829,16.79546311172503,0.017936328560425752,1,14
/home/kevin/Documents/Dev/ca-friend-foe-analysis/frames/jud_suess/frame_034390.png,73.06548205442249,58.51727763472464,0.8008881336203257,0.6493123968262421,0.0932657489749188,0.0,0.0,0.0,0.0,0.060379945684008736,49.79144589701262,0.7898852128316047,0.8197719031166437,16.792715196163815,0.017218355342427088,11,16
/home/kevin/Documents/Dev/ca-friend-foe-analysis/frames/jud_suess/frame_034517.png,64.11464268597902,67.72863380534623,1.056367638691072,0.708813701475052,0.09523603493263752,0.0,0.0,0.0,0.0,0.015429469087810852,21.39607407210181,0.794720113936197,0.7865591414690377,8.401757592874183,0.014649085279069763,7,7
/home/kevin/Documents/Dev/ca-friend-foe-analysis/frames/jud_suess/frame_037182.png,88.04463429895095,75.44535452243109,0.8568989471927436,0.5597009957931732,0.191846610575643,0.0,0.0,0.0,0.0,0.07090034080621971,62.00006989190054,0.7778446460324371,0.7281366388613062,21.44519526004844,0.013467611326878681,11,22
/home/kevin/Documents/Dev/ca-friend-foe-analysis/frames/jud_suess/frame_037633.png,66.48864755844293,76.30682659998882,1.1476669971087787,0.6734617125512541,0.16160005857606902,0.0,0.0,0.0,0.0,0.02081447361414346,27.924619921188565,0.6801498388374999,0.8142812580594302,9.71344449516719,0.013025722730761264,4,9
/home/kevin/Documents/Dev/ca-friend-foe-analysis/frames/jud_suess/frame_037767.png,95.44688881197082,78.81011919510168,0.8256960503740151,0.5423445071622557,0.21964694605676555,0.0,0.0,0.0,0.0,0.04209489323180148,64.85263459183129,0.7940750984881945,0.7661609390547848,14.723417620958232,0.012699129776669404,11,11
/home/kevin/Documents/Dev/ca-friend-foe-analysis/frames/jud_suess/frame_038671.png,106.47871958038235,75.30171698333713,0.7071996846822599,0.43296035465147237,0.26420136854997606,0.0,0.0,0.0,0.0,0.08500519196975345,4.896926087651096,0.66431490536467,0.6701915155539824,22.839902646324877,0.013476319038956708,17,18
/home/kevin/Documents/Dev/ca-friend-foe-analysis/frames/jud_suess/frame_039012.png,91.2979258746472,80.03851254256776,0.8766739407069761,0.5835308056872038,0.23499321050109165,0.0,0.0,0.0,0.0,0.09521939400394057,-18.649555354385214,0.6682779784260475,0.6760331471637593,23.745247901025955,0.012737516774173408,14,38
/home/kevin/Documents/Dev/ca-friend-foe-analysis/frames/jud_suess/frame_039225.png,96.01909712977262,89.30162455468822,0.9300402433589897,0.5635017839075563,0.28580795037009427,0.0,0.0,0.0,0.0,0.06246338995686671,-48.8497191011236,0.733429707150979,0.6259614671791289,17.961538179489757,0.011235397232905434,10,22
/home/kevin/Documents/Dev/ca-friend-foe-analysis/frames/jud_suess/frame_039274.png,83.42554848500986,84.63452536605972,1.014491685119912,0.613890516001917,0.23688029181532563,0.0,0.0,0.0,0.0,0.05845958251238085,-44.76063022525162,0.7570626450697431,0.6355545253406758,16.445685934689205,0.01183969093078327,8,19
/home/kevin/Documents/Dev/ca-friend-foe-analysis/frames/jud_suess/frame_039491.png,88.67705615314979,85.0239911652299,0.9588048448801533,0.5906897332126312,0.2545762553916609,0.0,0.0,0.0,0.0,0.0619808030246552,-47.26181838756057,0.7372570685444422,0.6448287302566802,17.860793885662947,0.011805796649178036,9,18
/home/kevin/Documents/Dev/ca-friend-foe-analysis/frames/jud_suess/frame_039541.png,76.05568720379146,79.92025582830206,1.0508123542303187,0.6401499014857022,0.20391461206667022,0.0,0.0,0.0,0.0,0.05648929655466212,-42.96888811970818,0.7590895754435754,0.6673707280451986,15.63992931808431,0.012533471651074324,9,15
/home/kevin/Documents/Dev/ca-friend-foe-analysis/frames/jud_suess/frame_039925.png,91.7647272218968,85.83617728445562,0.9353940210965296,0.5806585813941104,0.26422466585015175,0.0,0.0,0.0,0.0,0.06507601576228766,-42.040647132435176,0.7554651420182537,0.6119228142825371,17.753457030605972,0.011694056739619861,6,19
/home/kevin/Documents/Dev/ca-friend-foe-analysis/frames/jud_suess/frame_039993.png,84.9180234570531,85.19328397359148,1.003241484021981,0.6139637360881837,0.20438388625592416,0.0,0.0,0.0,0.0,0.03028981841418606,42.14533188668193,0.7997333535895854,0.5492650582784901,12.490649821491596,0.011688310672282336,11,6
/home/kevin/Documents/Dev/ca-friend-foe-analysis/frames/jud_suess/frame_040356.png,83.55761089514884,79.46588771046657,0.9510311121159291,0.595026359231056,0.18684767559507962,0.0,0.0,0.0,0.0,0.04918060067096224,13.993936045582828,0.6877034108813662,0.6351033538715023,15.307011199045284,0.012576812334716143,6,9
/home/kevin/Documents/Dev/ca-friend-foe-analysis/frames/jud_suess/frame_040871.png,92.13332379253421,78.11272028595377,0.847822665955976,0.5579270727940785,0.1969420629426487,0.0,0.0,0.0,0.0,0.07557976995580169,44.370536902923476,0.7599832259438735,0.6644884147812169,22.47569594379226,0.013005137284059335,17,21
/home/kevin/Documents/Dev/ca-friend-foe-analysis/frames/jud_suess/frame_040932.png,61.03141141700836,69.46184625695388,1.1381327177333282,0.7829323978912616,0.12109270994195644,0.0,0.0,0.0,0.0,0.021882821236487566,19.344620320570854,0.8284384204717619,0.7470501571947805,12.118056895609868,0.014383941085112645,4,5
/home/kevin/Documents/Dev/ca-friend-foe-analysis/frames/jud_suess/frame_040988.png,103.12930001597529,91.84857226886486,0.8906156850242894,0.5149834921987326,0.2994401991586346,0.0,0.0,0.0,0.0,0.027484157835880506,37.1040191170989,0.7739587085699609,0.5235704463371162,10.776547475765323,0.010826710367565221,8,5
/home/kevin/Documents/Dev/ca-friend-foe-analysis/frames/jud_suess/frame_041042.png,65.03794797380053,70.374008715471,1.0820453412154931,0.7630864263272805,0.12630132062410138,0.0,0.0,0.0,0.0,0.024089408381702967,20.19840646466797,0.8194715832975716,0.729410772776015,12.396678181630458,0.0141857086662652,4,4
/home/kevin/Documents/Dev/ca-friend-foe-analysis/frames/jud_suess/frame_041541.png,53.1622191011236,57.3914919596013,1.0795541048141255,0.7788586985462485,0.07146613238191597,0.0,0.0,0.0,0.0,0.022455269183662602,21.35238497790084,0.7418930877106155,0.8197329568176384,10.785217485711838,0.01736194893482963,3,10
/home/kevin/Documents/Dev/ca-friend-foe-analysis/frames/jud_suess/frame_041625.png,100.71747696895468,86.76859184648453,0.8615048189410041,0.5088829277384312,0.27867232014484267,0.0,0.0,0.0,0.0,0.02976729325310187,38.266867245327234,0.7556246600029862,0.5517573342772328,11.720935316687285,0.011484141714722552,9,9
/home/kevin/Documents/Dev/ca-friend-foe-analysis/frames/jud_suess/frame_042892.png,58.64634698333244,64.27359428739905,1.095952220111351,0.7356888013206241,0.08170030353053943,0.0,0.0,0.0,0.0,0.030066829969646946,24.14128814100858,0.8211420454011521,0.759652417333087,13.130374702608929,0.015570563106534287,5,11
/home/kevin/Documents/Dev/ca-friend-foe-analysis/frames/jud_suess/frame_043466.png,88.08933848980244,76.30344262573139,0.8662051940365525,0.5843661803077906,0.18644496512061345,0.0,0.0,0.0,0.0,0.0603266947121785,46.753344826668084,0.6946153087146781,0.715080544705235,19.875559792739775,0.013215375466270779,7,21
/home/kevin/Documents/Dev/ca-friend-foe-analysis/frames/jud_suess/frame_044070.png,82.29291029873795,70.53565549758869,0.8571291883567947,0.5792474306406092,0.14032296714415038,0.0,0.0,0.0,0.0,0.07694765429469087,-19.32414199371638,0.7146742189074362,0.7701676831337466,21.483023153672807,0.014491104255850483,9,40
/home/kevin/Documents/Dev/ca-friend-foe-analysis/frames/jud_suess/frame_044123.png,75.32305367697961,80.08807423167634,1.06326111616246,0.6748828478619735,0.16726795889024976,0.0,0.0,0.0,0.0,0.02455535438521753,30.67403083231268,0.7464970257766028,0.6036558880434862,13.042824839422737,0.012469626293593878,7,13
/home/kevin/Documents/Dev/ca-friend-foe-analysis/frames/jud_suess/frame_044954.png,79.06930613983705,71.60166098083025,0.9055557002567398,0.6496884818147931,0.14857353959209754,0.0,0.0,0.0,0.0,0.032376590872783426,60.68716385324031,0.7986466422129851,0.8053350164816979,11.859327657271942,0.013909768245567018,5,10
/home/kevin/Documents/Dev/ca-friend-foe-analysis/frames/jud_suess/frame_045004.png,89.01086985462484,74.15857404316657,0.8331406499113025,0.5961579423824485,0.1794191650247617,0.0,0.0,0.0,0.0,0.032043772298844454,63.33476889078227,0.7757714865060994,0.7928529886846906,12.078522679400416,0.01342448323089549,5,9
/home/kevin/Documents/Dev/ca-friend-foe-analysis/frames/jud_suess/frame_045164.png,90.35927432238138,77.4320379727073,0.85693514548107,0.5961945524255817,0.1992085574311731,0.0,0.0,0.0,0.0,0.039222668938708134,53.19874261142765,0.7541086518211311,0.7392750193426324,13.375263757753434,0.012879588349582558,7,7
/home/kevin/Documents/Dev/ca-friend-foe-analysis/frames/jud_suess/frame_045211.png,79.61567442355823,71.32953494950272,0.8959232635578105,0.6504406517918953,0.14968515362905374,0.0,0.0,0.0,0.0,0.031151818520688,61.927591991053845,0.7971764977357896,0.7989979420065593,11.89107095306557,0.013962186045296995,4,7
/home/kevin/Documents/Dev/ca-friend-foe-analysis/frames/jud_suess/frame_045305.png,79.70231708291176,72.03323266291274,0.9037783995363778,0.6502942116193621,0.15483385696788968,0.0,0.0,0.0,0.0,0.041658900899941426,58.298401805207945,0.7715172298217972,0.7995165386033001,12.99424505919445,0.013871890079537527,7,8
/home/kevin/Documents/Dev/ca-friend-foe-analysis/frames/jud_suess/frame_045339.png,82.4795948932318,72.48946726909021,0.8788775851171267,0.6316530432930401,0.16164332499068107,0.0,0.0,0.0,0.0,0.03392086905586027,58.10841565046063,0.7677599038976579,0.7942301266851062,12.594101752391355,0.013754781347885377,8,7
/home/kevin/Documents/Dev/ca-friend-foe-analysis/frames/jud_suess/frame_045694.png,79.35821263113051,69.09170258366122,0.8706307791702325,0.6410019170349859,0.13907822567761863,0.0,0.0,0.0,0.0,0.031218382235475798,61.21913440545289,0.7995046615483086,0.8027870096864562,12.006426919351494,0.014418385392239302,3,11
/home/kevin/Documents/Dev/ca-friend-foe-analysis/frames/jud_suess/frame_045867.png,62.88871545343203,59.09883287479071,0.9397366817673144,0.6800648330582033,0.07271420203418712,0.0,0.0,0.0,0.0,0.038134352201927686,30.68529008466905,0.7775405934246535,0.7931364456960163,13.492617553554716,0.016960248531067923,2,18
/home/kevin/Documents/Dev/ca-friend-foe-analysis/frames/jud_suess/frame_046016.png,66.20432065072687,68.7627836569993,1.0386449536414033,0.7124514084882049,0.12170176793226477,0.0,0.0,0.0,0.0,0.055960115022099154,-5.944349406251661,0.7205605395680824,0.7622518217575118,17.7091917046371,0.014727329427106955,14,19
/home/kevin/Documents/Dev/ca-friend-foe-analysis/frames/jud_suess/frame_046590.png,110.5403376111614,74.85297357969655,0.6771552822218179,0.408611347782097,0.2858512167847063,0.0,0.0,0.0,0.0,0.037724985355982746,-17.344826668086696,0.6666010426749112,0.6536316640719869,12.197877580999759,0.013318541170449952,8,12
/home/kevin/Documents/Dev/ca-friend-foe-analysis/frames/jud_suess/frame_046749.png,108.14019649608605,67.25326726769991,0.6219081283798409,0.41823978912615156,0.21958703871345653,0.0,0.0,0.0,0.0,0.14354132275414025,-15.471910112359552,0.6836573289521357,0.7185413619092667,28.260804359079003,0.015577970303949076,26,39
/home/kevin/Documents/Dev/ca-friend-foe-analysis/frames/jud_suess/frame_047357.png,85.81170456360829,81.81734475546685,0.953452038695656,0.5783554768624527,0.1942162788220885,0.0,0.0,0.0,0.0,0.03690292347835348,40.50512540603866,0.7165132829850616,0.6658561033444743,15.34622289004153,0.012188540937587115,7,7
/home/kevin/Documents/Dev/ca-friend-foe-analysis/frames/jud_suess/frame_047418.png,98.32079383886256,64.8353715307199,0.6594268509572407,0.4722562436764471,0.16490161882954363,0.0,0.0,0.0,0.0,0.16112745620107566,-15.549160631556518,0.7084183782677563,0.7510173284927155,31.667583836057737,0.01657884655350776,20,46
/home/kevin/Documents/Dev/ca-friend-foe-analysis/frames/jud_suess/frame_047564.png,71.57647838010544,75.60084378642031,1.0562246898949275,0.6898430427605304,0.1657569625645668,0.0,0.0,0.0,0.0,0.05339741200276905,30.48739616060493,0.7071013564379902,0.7217315910868315,17.00520052740772,0.013301559644039606,9,17
/home/kevin/Documents/Dev/ca-friend-foe-analysis/frames/jud_suess/frame_047794.png,73.47945843761649,73.60605654639869,1.0017229033977897,0.6661030938814634,0.15550947867298578,0.0,0.0,0.0,0.0,0.050365434794184996,-3.942315884764895,0.7489310650507607,0.6458528978447975,17.328316602179207,0.013641614493014792,6,19
/home/kevin/Documents/Dev/ca-friend-foe-analysis/frames/jud_suess/frame_047834.png,124.96342656690985,58.835415916874084,0.4708210833054375,0.25212671068747006,0.2488351349912136,0.0,0.0,0.0,0.0,0.06419404654134937,-1.3165470738590983,0.8274202566696842,0.8055468457152284,12.715629860082826,0.017046113343265685,9,8
/home/kevin/Documents/Dev/ca-friend-foe-analysis/frames/jud_suess/frame_047880.png,70.86896599925448,61.17013061607297,0.8631441092339636,0.625196362958624,0.0800195697321476,0.0,0.0,0.0,0.0,0.06796155279833857,10.718698413121047,0.7462385758393032,0.7587100578556147,20.317620870133553,0.01667311086408953,10,25
/home/kevin/Documents/Dev/ca-friend-foe-analysis/frames/jud_suess/frame_047898.png,75.02901179509026,74.82015900434028,0.9972163715678144,0.6531564513552373,0.17004699398264017,0.0,0.0,0.0,0.0,0.056233026252729114,0.035967703285592734,0.7143604558283189,0.7044562449294112,19.00344820967974,0.013484507635847014,13,15
/home/kevin/Documents/Dev/ca-friend-foe-analysis/frames/jud_suess/frame_047948.png,73.05580036210661,62.99785741629136,0.8623251955054245,0.6348880398317269,0.12018078704936365,0.0,0.0,0.0,0.0,0.05091791362692369,13.97800069226264,0.6705768019972247,0.7779564991766982,15.991632709170439,0.015899624338498668,9,8
/home/kevin/Documents/Dev/ca-friend-foe-analysis/frames/jud_suess/frame_048244.png,35.3747636988125,42.69440044449313,1.2069169051505113,0.8819891900527185,0.02415597209649076,0.0,0.0,0.0,0.0,0.019945817136162735,-4.303593774961392,0.8627337952594105,0.851014248289443,7.927064393971114,0.023322696587248212,5,6
/home/kevin/Documents/Dev/ca-friend-foe-analysis/frames/jud_suess/frame_048393.png,48.04377229884445,54.19691800460274,1.1280737398112035,0.7932131636402364,0.057238138346024814,0.0,0.0,0.0,0.0,0.01947987113264817,8.434581181106559,0.7527797007295383,0.8167566190435916,10.214351868659708,0.018331342544360883,4,6
/home/kevin/Documents/Dev/ca-friend-foe-analysis/frames/jud_suess/frame_048432.png,50.596424197241596,59.31402395171061,1.172296753684712,0.7945976889078226,0.07899116033867618,0.0,0.0,0.0,0.0,0.01651112945311252,4.781111880291817,0.7274690961639462,0.8095157920455578,10.28744507283762,0.016747904075283288,3,5
/home/kevin/Documents/Dev/ca-friend-foe-analysis/frames/jud_suess/frame_048494.png,51.994944485861865,58.938169152351165,1.1335365317107629,0.7846930081473987,0.08023922999094733,0.0,0.0,0.0,0.0,0.020721284413440545,3.603676313967732,0.7540448028617699,0.7997216592585168,11.327391131291629,0.01690248001793273,3,11
/home/kevin/Documents/Dev/ca-friend-foe-analysis/frames/jud_suess/frame_048688.png,47.01595865062038,53.710334178796074,1.142385173163939,0.8054941690185846,0.05855277171308376,0.0,0.0,0.0,0.0,0.017017013685499762,28.766151685393254,0.8159899877731592,0.8255000370668529,9.755368701716776,0.01851546105038941,2,8
/home/kevin/Documents/Dev/ca-friend-foe-analysis/frames/jud_suess/frame_049120.png,49.31573499653869,55.08686543557341,1.1170241166990083,0.7819039884977901,0.05538101070344534,0.0,0.0,0.0,0.0,0.043805580701847806,38.609553889983495,0.8349544860811358,0.8266076572809219,13.748750389116049,0.018276999675448168,1,9
/home/kevin/Documents/Dev/ca-friend-foe-analysis/frames/jud_suess/frame_049243.png,59.46748362532616,56.32677967836357,0.9471861957121112,0.7124613930454231,0.06250665637147879,0.0,0.0,0.0,0.0,0.08838662868097343,34.166242877682514,0.8174151038550571,0.8332667174117104,19.9233241777499,0.018376564619493278,15,17
/home/kevin/Documents/Dev/ca-friend-foe-analysis/frames/jud_suess/frame_049355.png,95.4981495287289,64.07423012254377,0.6709473468506681,0.46131316896533364,0.15559268331647053,0.0,0.0,0.0,0.0,0.05488843921401566,40.950143777623936,0.7318842282106942,0.7610558936818244,18.08181084971698,0.01570323835085616,22,20
/home/kevin/Documents/Dev/ca-friend-foe-analysis/frames/jud_suess/frame_049433.png,117.47065871452153,61.01313055271792,0.519390383679159,0.333071516055168,0.22972802066137707,0.0,0.0,0.0,0.0,0.061624687150540494,25.147518504712707,0.739561660970901,0.7324716595195508,21.63745316921667,0.016542435355748543,29,34
/home/kevin/Documents/Dev/ca-friend-foe-analysis/frames/jud_suess/frame_049507.png,97.2576381862719,76.77716788695076,0.7894204428546977,0.5215233771766334,0.2236241280153363,0.0,0.0,0.0,0.0,0.0862532616220246,48.19834988551041,0.7365427746262252,0.6957111823908433,26.119188309181663,0.013212175184901134,17,13
/home/kevin/Documents/Dev/ca-friend-foe-analysis/frames/jud_suess/frame_049569.png,95.80950463283455,74.18692057218938,0.7743169195901818,0.5283994089142127,0.2177099419564407,0.0,0.0,0.0,0.0,0.06380132062410139,63.287678390755644,0.7085002907920717,0.7320889051078123,19.639349708234537,0.01351605950476842,15,20
/home/kevin/Documents/Dev/ca-friend-foe-analysis/frames/jud_suess/frame_049924.png,104.78918605889558,63.94094068372317,0.6101864422037523,0.4322680920176793,0.19789725224985355,0.0,0.0,0.0,0.0,0.05954124287768252,47.282849193247785,0.753361389286531,0.7432989916771864,19.949694559430196,0.015709059297221654,32,22
/home/kevin/Documents/Dev/ca-friend-foe-analysis/frames/jud_suess/frame_050333.png,104.3516128388093,78.71310976081948,0.7543065942543316,0.4992511582086373,0.2533747803397412,0.0,0.0,0.0,0.0,0.06075935885829917,9.315289019649612,0.7455140493814012,0.5954332854074587,16.77534967539358,0.012738006736712442,6,9
/home/kevin/Documents/Dev/ca-friend-foe-analysis/frames/jud_suess/frame_050663.png,114.09910338676181,81.52881932074101,0.71454390814035,0.45419417966877895,0.2948040364236647,0.0,0.0,0.0,0.0,0.06092243995952926,18.83891248202778,0.7443991202104144,0.572494802809563,16.97986289317541,0.01229079668387206,4,9
/home/kevin/Documents/Dev/ca-friend-foe-analysis/frames/jud_suess/frame_050725.png,118.34755910857874,70.16309036945663,0.5928562518623592,0.3739616060493104,0.28026319292827095,0.0,0.0,0.0,0.0,0.10386602055487512,15.205691863251502,0.7427540828355412,0.6725079067251801,30.233433700621802,0.01468286525948967,43,30
/home/kevin/Documents/Dev/ca-friend-foe-analysis/frames/jud_suess/frame_050840.png,113.57310692795143,81.32796238991783,0.7160846834092709,0.4554422493210501,0.30329756643058736,0.0,0.0,0.0,0.0,0.06397105809681027,19.474033494861274,0.7692034489923558,0.5566601825777437,17.217544396328357,0.012331831507973333,8,10
/home/kevin/Documents/Dev/ca-friend-foe-analysis/frames/jud_suess/frame_050952.png,97.68733691889877,65.2645145337472,0.6680959531235969,0.4690179189520209,0.17025666968422173,0.0,0.0,0.0,0.0,0.07276079663453858,33.64127482826562,0.7500713667436195,0.7439856159727856,23.2645341018989,0.015543161216899139,33,21
/home/kevin/Documents/Dev/ca-friend-foe-analysis/frames/jud_suess/frame_051113.png,107.70286290537302,80.44403678169472,0.7469071344712682,0.4815352255178657,0.272595052984717,0.0,0.0,0.0,0.0,0.0545489642685979,20.800318840193825,0.755743352242649,0.5702716269424859,16.33971245022863,0.01243928220880153,7,10
/home/kevin/Documents/Dev/ca-friend-foe-analysis/frames/jud_suess/frame_051152.png,105.94025240960647,79.76770486782131,0.7529499220382556,0.4955735129666116,0.26007441823313276,0.0,0.0,0.0,0.0,0.05874247830022898,18.874327706480642,0.7543636039004771,0.5819481815837257,16.539878880599368,0.012551229059265473,4,12
/home/kevin/Documents/Dev/ca-friend-foe-analysis/frames/jud_suess/frame_051284.png,96.86184035358646,74.5227624905929,0.7693717375347846,0.510760024495447,0.20770208743809573,0.0,0.0,0.0,0.0,0.0271613238191597,20.25396719740135,0.7036910754503622,0.7509514173633669,17.295588254087132,0.013390212530082388,13,13
/home/kevin/Documents/Dev/ca-friend-foe-analysis/frames/jud_suess/frame_051380.png,103.38400274242505,60.36819750515144,0.5839220367309914,0.42547859310932423,0.16614303211033601,0.0,0.0,0.0,0.0,0.0553277597316151,44.38078771500079,0.8371762523636644,0.793611058034162,17.774588118733696,0.016666624808698075,26,18
/home/kevin/Documents/Dev/ca-friend-foe-analysis/frames/jud_suess/frame_051961.png,73.12113930454231,58.591676142533885,0.8012959948336658,0.6498981575163747,0.09227727781032004,0.0,0.0,0.0,0.0,0.07419191650247617,24.81860722083178,0.7540507283375568,0.7672700732670724,21.411865051743945,0.01736793690889548,27,17
/home/kevin/Documents/Dev/ca-friend-foe-analysis/frames/jud_suess/frame_052136.png,67.74228193727035,69.32758548742814,1.0234019788303794,0.670309920656052,0.1315199158634645,0.0,0.0,0.0,0.0,0.04274721763672187,45.43308682570958,0.7314946347035539,0.7676858223986117,16.28346723671591,0.0144898283431805,7,16
/home/kevin/Documents/Dev/ca-friend-foe-analysis/frames/jud_suess/frame_052189.png,60.45458024921455,53.791284705631455,0.8897801356804941,0.7312856115874115,0.058699211885616914,0.0,0.0,0.0,0.0,0.07355623302625273,18.996868177219234,0.7964480296618355,0.8108516866462225,18.950919509775638,0.01889779249867236,2,15
/home/kevin/Documents/Dev/ca-friend-foe-analysis/frames/jud_suess/frame_052522.png,55.06315565259066,57.36599648032286,1.0418218079995143,0.7429841844613664,0.07355290484051334,0.0,0.0,0.0,0.0,0.02906837424783002,21.311731189094196,0.7745353852707813,0.8451376642035482,11.990592668853676,0.01737132171883545,7,7
/home/kevin/Documents/Dev/ca-friend-foe-analysis/frames/jud_suess/frame_052622.png,52.438012540603864,54.14287113597259,1.0325118823067032,0.7840673092283934,0.05932491080462218,0.0,0.0,0.0,0.0,0.024758373715320303,6.965909393471435,0.8021291252535947,0.7988549735885622,10.889669244190294,0.018379479061295115,1,9
/home/kevin/Documents/Dev/ca-friend-foe-analysis/frames/jud_suess/frame_052757.png,72.69574058789073,60.17102142683342,0.8277104113316559,0.6611873635443847,0.11150753501251398,0.0,0.0,0.0,0.0,0.01676739975504553,15.831723600830713,0.732238373276783,0.7644570906801402,11.789399371014543,0.016484243817012332,4,11
/home/kevin/Documents/Dev/ca-friend-foe-analysis/frames/jud_suess/frame_052804.png,74.5512540603866,60.03776725653036,0.8053220288872338,0.649601948985569,0.11652976729325311,0.0,0.0,0.0,0.0,0.015672426646786305,16.86273230736461,0.7347730934324845,0.7642823282995503,11.847260958780504,0.0165152159216702,6,13
/home/kevin/Documents/Dev/ca-friend-foe-analysis/frames/jud_suess/frame_053011.png,48.37773576867778,40.55389876128634,0.8382760795455706,0.8084828798125566,0.006812796208530806,0.0,0.0,0.0,0.0,0.03156451355237233,7.977514777144684,0.8800519249182179,0.8405008097280129,9.802478189947184,0.02463919485735525,7,4
/home/kevin/Documents/Dev/ca-friend-foe-analysis/frames/jud_suess/frame_053081.png,48.50799763033175,42.92204230872108,0.8848446507179205,0.8452393631183769,0.03393085361307844,0.0,0.0,0.0,0.0,0.03257628201714681,23.642170110229507,0.8944488211174559,0.849793287036312,11.079275219616484,0.02334720861145887,1,7
/home/kevin/Documents/Dev/ca-friend-foe-analysis/frames/jud_suess/frame_053312.png,56.65917048298631,50.85642284334202,0.897585021454819,0.7867132168912082,0.05043532669471218,0.0,0.0,0.0,0.0,0.024465493370254006,4.003457984983228,0.8171656857002346,0.798641082185044,10.634451523915075,0.019619601526880814,4,4
/home/kevin/Documents/Dev/ca-friend-foe-analysis/frames/jud_suess/frame_053552.png,49.14693274402258,46.59808308889788,0.948138172463092,0.8091951115607859,0.03412056020022365,0.0,0.0,0.0,0.0,0.027327733106129185,20.129679429149576,0.8395660985518868,0.8676260194689729,10.58612628840737,0.021415650562128952,5,5
/home/kevin/Documents/Dev/ca-friend-foe-analysis/frames/jud_suess/frame_053637.png,42.5747177698493,38.60003238280543,0.9066421180007707,0.8891780712498003,0.019573060333351083,0.0,0.0,0.0,0.0,0.0069026572234943285,5.697754140263058,0.903682356908896,0.8607473512862198,5.44874966220885,0.02542592779200071,1,6
/home/kevin/Documents/Dev/ca-friend-foe-analysis/frames/jud_suess/frame_054013.png,67.95216065818201,64.28266938511139,0.9459989008130433,0.7026365887427446,0.11164066244208957,0.0,0.0,0.0,0.0,0.024778342829756644,25.275367431705632,0.8132724914876756,0.7431340180781829,11.647798038944224,0.01546171441496763,8,12
/home/kevin/Documents/Dev/ca-friend-foe-analysis/frames/jud_suess/frame_054651.png,72.34161496884818,50.07054207660257,0.6921402297826774,0.6359330901538953,0.04632834549230523,0.0,0.0,0.0,0.0,0.037588529740667766,11.471953378774174,0.8350007935438939,0.8050526036070746,13.30433386022963,0.019986473328521503,12,8
/home/kevin/Documents/Dev/ca-friend-foe-analysis/frames/jud_suess/frame_054869.png,77.98283987432771,58.21672442271857,0.7465324992252625,0.6381563182278076,0.10962045369828,0.0,0.0,0.0,0.0,0.04450782789285904,9.027637254379883,0.734320251344587,0.8060778675387297,15.894278000345262,0.01723247089529212,10,14
/home/kevin/Documents/Dev/ca-friend-foe-analysis/frames/jud_suess/frame_056259.png,80.65351256722936,50.75605661637538,0.629309932548025,0.5517865701049044,0.040993263752063476,0.0,0.0,0.0,0.0,0.051543612545928964,20.99859883380371,0.7956035841036452,0.8048891440062899,16.348415779398803,0.01987919569974739,11,17
/home/kevin/Documents/Dev/ca-friend-foe-analysis/frames/jud_suess/frame_056937.png,58.77691503807444,51.23762547514725,0.871730429451487,0.7647172373395814,0.05824325043932052,0.0,0.0,0.0,0.0,0.032133633313807974,17.532300042600774,0.8014338868301993,0.8320700062334961,11.724953511553837,0.01948858002459208,5,9
/home/kevin/Documents/Dev/ca-friend-foe-analysis/frames/jud_suess/frame_057474.png,54.68852508120773,51.13162496314971,0.9349607581065241,0.7444851962298312,0.04015788913147665,0.0,0.0,0.0,0.0,0.034343548644762766,13.950459955269181,0.7724252633051729,0.7790428973122877,10.211688126184985,0.019549706671198593,2,12
/home/kevin/Documents/Dev/ca-friend-foe-analysis/frames/jud_suess/frame_057894.png,53.7189147451941,48.98752194839815,0.9119231482908624,0.7754905745779861,0.04300681612439427,0.0,0.0,0.0,0.0,0.03722908568081368,31.749494115767618,0.8167738472991838,0.8680481117309803,11.733736920154795,0.020396349008920102,3,7
/home/kevin/Documents/Dev/ca-friend-foe-analysis/frames/jud_suess/frame_058113.png,42.67823433090154,41.29543089997349,0.9675993266973851,0.8562323606155813,0.020851083657276746,0.0,0.0,0.0,0.0,0.03873009744927845,13.605446908781083,0.8641704751552892,0.8758795807582311,11.554677681055594,0.02446874256566212,1,8
/home/kevin/Documents/Dev/ca-friend-foe-analysis/frames/jud_suess/frame_058173.png,52.12015416156345,46.786363646560616,0.8976635681422706,0.7947208317801799,0.037778236327812985,0.0,0.0,0.0,0.0,0.030479525001331276,22.831587145215394,0.8555348120397315,0.855713307209033,10.640260539833278,0.0213040401840487,2,5
/home/kevin/Documents/Dev/ca-friend-foe-analysis/frames/jud_suess/frame_058255.png,46.258849645881035,50.06761140958302,1.0823358489159391,0.8328451994248895,0.055590686405026894,0.0,0.0,0.0,0.0,0.028758852974066777,8.37668739016987,0.8765359772962915,0.8811812892791175,9.21742692241319,0.01994911703772515,6,10
/home/kevin/Documents/Dev/ca-friend-foe-analysis/frames/jud_suess/frame_058451.png,46.86164066244209,51.79660921195588,1.1053093397760196,0.8389524202566697,0.05108432291389318,0.0,0.0,0.0,0.0,0.01844813355343735,0.6550668299696412,0.8378151857153746,0.8228914964462808,9.212748208805582,0.019149231297142768,3,10
/home/kevin/Documents/Dev/ca-friend-foe-analysis/frames/jud_suess/frame_058858.png,50.29313994355397,46.537312415906015,0.9253212739471944,0.8063129027104745,0.03526212790883434,0.0,0.0,0.0,0.0,0.04839182065072688,33.93109989882315,0.8717138668663056,0.8622953883614258,13.341306222108118,0.02170814238529353,4,8
/home/kevin/Documents/Dev/ca-friend-foe-analysis/frames/jud_suess/frame_058982.png,52.96344986421002,49.444986880532014,0.9335680910881824,0.7993703072581074,0.05449571329676767,0.0,0.0,0.0,0.0,0.04094334096597263,2.5907862505990735,0.84431248296752,0.8205337313582444,12.991741779109988,0.020295838979962684,4,9
/home/kevin/Documents/Dev/ca-friend-foe-analysis/frames/jud_suess/frame_059120.png,52.849562676393845,48.68397064153424,0.9211801968450676,0.8249873528941903,0.06461006975877309,0.0,0.0,0.0,0.0,0.014204696735715427,20.329533654614195,0.8631760393597772,0.8811567520666076,9.694031960902997,0.020349557912443205,2,4
/home/kevin/Documents/Dev/ca-friend-foe-analysis/frames/jud_suess/frame_059652.png,43.85730403642366,32.9675899911455,0.7517012420233506,0.892898982906438,0.012131237020075616,0.0,0.0,0.0,0.0,0.04438468502050162,14.803953219021246,0.9050240464682598,0.8928678415292843,12.12751871129545,0.03160188701887541,1,5
/home/kevin/Documents/Dev/ca-friend-foe-analysis/frames/jud_suess/frame_060280.png,43.17710274775015,37.725923845474675,0.8737483841494121,0.8978579796581287,0.026715346930081475,0.0,0.0,0.0,0.0,0.04440132594919857,23.871089381756214,0.8991372037392623,0.8948525365734984,10.356208433883761,0.02707979391788107,1,6
/home/kevin/Documents/Dev/ca-friend-foe-analysis/frames/jud_suess/frame_060524.png,45.78234663720113,39.80966296532713,0.8695417732481413,0.8683935513073113,0.02429908408328452,0.0,0.0,0.0,0.0,0.03980177325736195,7.886552132701418,0.9098947875651672,0.8749377694525278,9.262256740612829,0.025364899962152753,2,7
/home/kevin/Documents/Dev/ca-friend-foe-analysis/frames/jud_suess/frame_060583.png,43.93099006869375,39.7220575774919,0.9041921756136233,0.8981075935885829,0.03222016614303211,0.0,0.0,0.0,0.0,0.023034373502316418,0.5308156717610117,0.8930273334105995,0.8938732929670085,7.738362581094397,0.025257729747148634,6,11
/home/kevin/Documents/Dev/ca-friend-foe-analysis/frames/jud_suess/frame_060680.png,45.66317096224506,40.260845415229724,0.8816918422145663,0.873489003674317,0.029161563448532934,0.0,0.0,0.0,0.0,0.04482067735236168,4.986171388252835,0.9145360796216884,0.8686245535010426,9.503855978868861,0.025244951929933226,6,10
/home/kevin/Documents/Dev/ca-friend-foe-analysis/frames/jud_suess/frame_060808.png,45.05132728047287,39.58261062171772,0.8786114177597901,0.8925561797752809,0.03222016614303211,0.0,0.0,0.0,0.0,0.028975185047127112,1.3165969966451883,0.8923237679970013,0.8882952797712088,8.415581472134871,0.025512405158859677,7,8
/home/kevin/Documents/Dev/ca-friend-foe-analysis/frames/jud_suess/frame_061769.png,37.209828798125564,29.922037852812007,0.8041433873489088,0.9246365621172586,0.010047792747217637,0.0,0.0,0.0,0.0,0.02821303051280686,12.857493743010814,0.9322180387145007,0.9134583478207301,7.445386806246625,0.03385914276477466,2,4
/home/kevin/Documents/Dev/ca-friend-foe-analysis/frames/jud_suess/frame_062020.png,44.99792321209862,38.79022258890771,0.8620447285948006,0.8929622184354864,0.027534080621971352,0.0,0.0,0.0,0.0,0.02883872943181213,0.7985249480803063,0.8785572432285125,0.8970767826806957,8.195775834915558,0.026074995245359306,6,6
/home/kevin/Documents/Dev/ca-friend-foe-analysis/frames/jud_suess/frame_062374.png,45.966548405133395,41.34440976466275,0.8994455992284376,0.8806579157569626,0.034985888492464985,0.0,0.0,0.0,0.0,0.04201834495979551,6.776329277384313,0.908468549036314,0.8779284902096522,10.022134130304732,0.024578617692100953,3,9
/home/kevin/Documents/Dev/ca-friend-foe-analysis/frames/jud_suess/frame_062804.png,81.54466092443687,69.24483469606878,0.8491645415672016,0.6341724798977582,0.1608545449704457,0.0,0.0,0.0,0.0,0.0638279461100165,-7.901908381702967,0.7427577895208353,0.7137434754507799,24.097487352158495,0.014691648085571437,5,20
/home/kevin/Documents/Dev/ca-friend-foe-analysis/frames/jud_suess/frame_062884.png,65.43005152031525,57.9747514175125,0.8860569414484772,0.737003434687683,0.08350750838702806,0.0,0.0,0.0,0.0,0.06809468022791416,35.16159340220459,0.8176434304484881,0.819186507874357,20.103321183763388,0.01777602055179295,1,22
/home/kevin/Documents/Dev/ca-friend-foe-analysis/frames/jud_suess/frame_063144.png,68.34983225943874,61.84402082552629,0.9048159840436825,0.7187250386069546,0.09896027477501465,0.0,0.0,0.0,0.0,0.059780872250918576,10.489150114489576,0.7739047267024388,0.7802036901879341,19.142226655651818,0.016496623694753618,3,25
/home/kevin/Documents/Dev/ca-friend-foe-analysis/frames/jud_suess/frame_063197.png,101.13116047180361,82.03945913790407,0.8112184085898596,0.5578505245220725,0.2790517333191331,0.0,0.0,0.0,0.0,0.1047812716332073,-2.120922972469245,0.6717938738411388,0.6370227642683891,25.74202667923275,0.012557300614379529,7,13
/home/kevin/Documents/Dev/ca-friend-foe-analysis/frames/jud_suess/frame_063306.png,59.86821715746312,55.48209326879166,0.9267370202488417,0.7619515149901486,0.06216052505458224,0.0,0.0,0.0,0.0,0.05569386016294797,18.06177112732307,0.792102463222895,0.8117857452369094,16.06206639601763,0.018334483302169816,2,14
/home/kevin/Documents/Dev/ca-friend-foe-analysis/frames/jud_suess/frame_063576.png,78.23407795942276,68.45937929994204,0.8750582993761832,0.6840453432025134,0.15619508493530007,0.0,0.0,0.0,0.0,0.053723574205229246,16.87257042441024,0.704159161934117,0.7355127598725736,18.200893459592024,0.014767804509896634,2,20
/home/kevin/Documents/Dev/ca-friend-foe-analysis/frames/jud_suess/frame_063675.png,67.35384937962618,59.662875794715404,0.8858124109560032,0.7557477767719261,0.09759904680760424,0.0,0.0,0.0,0.0,0.06754552958091485,3.096454150913246,0.7728570138316788,0.8000548954871367,21.170120613118144,0.01725514729261195,2,28
/home/kevin/Documents/Dev/ca-friend-foe-analysis/frames/jud_suess/frame_064288.png,65.96457479098993,46.772226282976774,0.7090506739453781,0.7446582618882794,0.04560945737259705,0.0,0.0,0.0,0.0,0.07508054209489323,16.663853240321643,0.8144080945653729,0.8394284291276551,17.845215958834615,0.022136983088056623,6,18
/home/kevin/Documents/Dev/ca-friend-foe-analysis/frames/jud_suess/frame_064511.png,67.07993636508866,56.774205529639055,0.8463664177616932,0.7602175302199266,0.09309268331647053,0.0,0.0,0.0,0.0,0.049486793758986104,3.445211406358169,0.8079094921423493,0.7618256312589469,14.709702175942425,0.01773204919276899,3,6
/home/kevin/Documents/Dev/ca-friend-foe-analysis/frames/jud_suess/frame_064734.png,67.62594520474998,57.25436801121259,0.8466331635469369,0.739496245806486,0.09607806592470312,0.0,0.0,0.0,0.0,0.05957452473507641,-19.687742957558967,0.7786961656167872,0.8038780803337896,16.269848993820215,0.01766239926929441,4,16
/home/kevin/Documents/Dev/ca-friend-foe-analysis/frames/jud_suess/frame_064911.png,58.68024122690239,43.86880720717451,0.7475907769837772,0.7909133872943181,0.03508240587890729,0.0,0.0,0.0,0.0,0.07495407103679642,-2.191676873102935,0.8370395487658826,0.8360389003569904,17.219796462626253,0.02389645339617652,3,12
/home/kevin/Documents/Dev/ca-friend-foe-analysis/frames/jud_suess/frame_065313.png,54.18469766760743,46.11966407577234,0.8511566175671001,0.8305720485648863,0.04778941903189733,0.0,0.0,0.0,0.0,0.03324857553650354,17.71737379519677,0.8798455774023758,0.8429903187644939,12.73589626841564,0.021929274586226722,1,6
/home/kevin/Documents/Dev/ca-friend-foe-analysis/frames/jud_suess/frame_065354.png,54.447091831300924,46.22822011468087,0.8490484702655877,0.8296767666009904,0.047989110176260716,0.0,0.0,0.0,0.0,0.0363770701315299,18.893820890356253,0.8783739711337968,0.8412916127631094,12.707242666963046,0.021907954202423745,1,5
/home/kevin/Documents/Dev/ca-friend-foe-analysis/frames/jud_suess/frame_065717.png,58.376594200969166,49.07526821158019,0.8406668597103384,0.8120739922253581,0.058426300654986954,0.0,0.0,0.0,0.0,0.030872250918579265,11.57143285052453,0.8315246014269172,0.8326956529456663,13.228599503825741,0.020511527780518245,1,15
/home/kevin/Documents/Dev/ca-friend-foe-analysis/frames/jud_suess/frame_065935.png,54.34859750252942,53.55990759860317,0.9854883099340626,0.8321595931625753,0.07571289738537729,0.0,0.0,0.0,0.0,0.025753501251397838,24.906900660312054,0.8913076402614936,0.8729048352926558,11.104270576191324,0.01872580910679142,1,10
/home/kevin/Documents/Dev/ca-friend-foe-analysis/frames/jud_suess/frame_066555.png,94.62204124287769,66.17716774274783,0.6993842745681693,0.5500758826348581,0.1745167474306406,0.0,0.0,0.0,0.0,0.040447441290803555,33.548761249267784,0.772624014726504,0.7536392601664981,13.30091512896587,0.015063961830499201,8,11
/home/kevin/Documents/Dev/ca-friend-foe-analysis/frames/jud_suess/frame_067002.png,55.05164345811811,41.85187016830849,0.7602292586255922,0.8406065285691464,0.03768171894137068,0.0,0.0,0.0,0.0,0.027334389477607968,21.29557950370095,0.8697198529020214,0.902247425941994,9.449026102593098,0.023938078762646715,1,5
/home/kevin/Documents/Dev/ca-friend-foe-analysis/frames/jud_suess/frame_067170.png,68.239336492891,49.52421603533054,0.7257429293427488,0.692102880877576,0.04700063901166196,0.0,0.0,0.0,0.0,0.04628840726343256,9.927272485222858,0.8237556239813142,0.8344656995872528,12.58758675454351,0.02043202799514903,5,9
/home/kevin/Documents/Dev/ca-friend-foe-analysis/frames/jud_suess/frame_067350.png,59.825922573086956,44.27388458948009,0.7400451612156574,0.7919218275733532,0.04156571169923851,0.0,0.0,0.0,0.0,0.019849299749720432,8.505524788327392,0.8499088468658671,0.8685962312929858,8.935181565325333,0.02272712231445413,3,10
/home/kevin/Documents/Dev/ca-friend-foe-analysis/frames/jud_suess/frame_067520.png,69.60759691676873,52.99535978786196,0.7613444804752445,0.6936671281750892,0.06258320464348474,0.0,0.0,0.0,0.0,0.03818760317375792,27.588646227168653,0.8008518328253609,0.8475306428018782,12.406336982777015,0.018986420045537574,1,7
/home/kevin/Documents/Dev/ca-friend-foe-analysis/frames/jud_suess/frame_067588.png,55.62421121997976,39.11220506634507,0.7031507348724652,0.8154753980510144,0.023673385164279248,0.0,0.0,0.0,0.0,0.01845811811065552,6.422875951861123,0.858187206401811,0.8936602368728523,8.380356302606991,0.02580230974114056,1,11
/home/kevin/Documents/Dev/ca-friend-foe-analysis/frames/jud_suess/frame_067736.png,98.32102681186431,72.40338665034787,0.7363977871717186,0.5520827786357101,0.20014710580968104,0.0,0.0,0.0,0.0,0.07225491240215134,23.430570717290593,0.7388767333974433,0.6953635892825633,19.65913668798012,0.01399985207635555,12,23
/home/kevin/Documents/Dev/ca-friend-foe-analysis/frames/jud_suess/frame_068351.png,68.7860708770435,59.14072136577454,0.8597775759791838,0.7164385750039938,0.10549017519569732,0.0,0.0,0.0,0.0,0.044334762234410775,42.108944831993185,0.8134147029065634,0.8285601146044445,12.312445198485678,0.017006379147321397,5,6
/home/kevin/Documents/Dev/ca-friend-foe-analysis/frames/jud_suess/frame_068638.png,51.45908661270568,34.20355114998543,0.6646746636010601,0.8072048564886309,0.0002795676021087385,0.0,0.0,0.0,0.0,0.008333777091431918,-2.650164412375524,0.855224468508315,0.8563920221691105,5.117020554635358,0.028684992523824483,1,0
/home/kevin/Documents/Dev/ca-friend-foe-analysis/frames/jud_suess/frame_069371.png,67.41271500079877,56.30415637529048,0.8352156754271324,0.7582672133766442,0.08196988657543,0.0,0.0,0.0,0.0,0.0503953884658395,-12.643557963682845,0.7996563746111895,0.8090615925799469,16.801645598314522,0.018123235302228796,7,20
/home/kevin/Documents/Dev/ca-friend-foe-analysis/frames/jud_suess/frame_069859.png,57.50553477288461,58.39604488025196,1.0154856399359784,0.8177851589541509,0.0842729911070877,0.0,0.0,0.0,0.0,0.03794131742904308,7.695753900633683,0.7824038167373025,0.8525384268409957,13.550600435918339,0.017308000878927355,3,16
/home/kevin/Documents/Dev/ca-friend-foe-analysis/frames/jud_suess/frame_070008.png,81.15238764044943,73.57738204941916,0.906657020182111,0.6938568347622344,0.15278036636668618,0.0,0.0,0.0,0.0,0.05073819159699665,23.868273736620694,0.8411764966916528,0.7240730154354729,15.290671673613554,0.013650280217525847,2,12
/home/kevin/Documents/Dev/ca-friend-foe-analysis/frames/jud_suess/frame_070268.png,51.76258387028063,44.09014690650737,0.851776389907846,0.8511036263911816,0.03882661483572075,0.0,0.0,0.0,0.0,0.015153229671441504,28.76928683635976,0.8970187025766161,0.8968730455066098,7.275808716549872,0.022653976024162352,7,4
/home/kevin/Documents/Dev/ca-friend-foe-analysis/frames/jud_suess/frame_070382.png,81.08135750039938,72.11445067856712,0.8894085251257796,0.6847276212790884,0.14637028063262156,0.0,0.0,0.0,0.0,0.05239229990947335,15.39121824910805,0.8479123269734967,0.7146539626554067,15.430872270742615,0.013912609279117482,2,16
/home/kevin/Documents/Dev/ca-friend-foe-analysis/frames/jud_suess/frame_070830.png,53.49615261728527,50.97702706679189,0.9529101529262044,0.8304355929495714,0.05710833910218861,0.0,0.0,0.0,0.0,0.03820091591671548,20.328691623622127,0.8342257569730059,0.8808438504002698,11.812043006954545,0.019886413808087294,1,12
/home/kevin/Documents/Dev/ca-friend-foe-analysis/frames/jud_suess/frame_071259.png,35.68392220033016,16.74569457167446,0.46927841706233964,0.9719600351456414,4.326641461206667e-05,0.0,0.0,0.0,0.0,0.0032349965386868312,-1.006197081846743,0.9447864166168092,0.9504106067582793,2.588135645904938,0.05726653218358201,1,0
/home/kevin/Documents/Dev/ca-friend-foe-analysis/frames/jud_suess/frame_071466.png,99.50341139038288,83.37071573653905,0.8378679131478516,0.5857773310612918,0.2444219607007828,0.0,0.0,0.0,0.0,0.06682996964694606,72.53727235209543,0.701318822965578,0.7448539461580468,20.829554112116647,0.012106473771251014,8,22
/home/kevin/Documents/Dev/ca-friend-foe-analysis/frames/jud_suess/frame_071789.png,101.26216784706321,55.01845189182181,0.543326821924095,0.43018797593056074,0.11154747324138665,0.0,0.0,0.0,0.0,0.05194299483465573,0.23765908727834528,0.7678048800861204,0.7968296355232012,16.040925500183832,0.018403611239912708,14,18
/home/kevin/Documents/Dev/ca-friend-foe-analysis/frames/jud_suess/frame_071967.png,125.02290790244422,62.82717844229609,0.5025253327259658,0.34195111560785985,0.25933223281324885,0.0,0.0,0.0,0.0,0.04860482453804782,2.2736866979072374,0.6972355697697366,0.7155868465923032,17.415326413293936,0.01600198095506611,18,24
/home/kevin/Documents/Dev/ca-friend-foe-analysis/frames/jud_suess/frame_072054.png,89.03437683050215,51.62630711983404,0.5798468962177626,0.49192914958197986,0.07009824804302678,0.0,0.0,0.0,0.0,0.0266421268438149,21.26192488950423,0.8246395118034433,0.8379552305506046,10.867346056314565,0.01936607801207671,16,19
/home/kevin/Documents/Dev/ca-friend-foe-analysis/frames/jud_suess/frame_072324.png,83.51071010170935,60.9863943198083,0.7302823095684797,0.6452187283667927,0.1444998402470845,0.0,0.0,0.0,0.0,0.011006310240161883,8.480130731135844,0.6911555878541842,0.8089599458719534,10.537386380985463,0.016246530872595276,5,22
/home/kevin/Documents/Dev/ca-friend-foe-analysis/frames/jud_suess/frame_072646.png,81.43475757495074,47.40577048453889,0.5821319033545902,0.6238451195484318,0.06400433995420417,0.0,0.0,0.0,0.0,0.05264524202566697,9.067425714894298,0.8166123976615515,0.8348559717832498,14.668764630099338,0.021327448303926022,8,9
/home/kevin/Documents/Dev/ca-friend-foe-analysis/frames/jud_suess/frame_072801.png,123.30839301879759,39.308364781349766,0.3187809344290081,0.1742604771287076,0.12491679535651526,0.0,0.0,0.0,0.0,0.03618736354438468,12.328355476862455,0.8508104328051046,0.862972798150625,14.172384845038764,0.025671264752435544,16,21
/home/kevin/Documents/Dev/ca-friend-foe-analysis/frames/jud_suess/frame_072928.png,89.85736394376697,51.16788541287851,0.5694345250096151,0.5630458224612599,0.09173478353479951,0.0,0.0,0.0,0.0,0.05567056286277224,11.67474639224666,0.7690109362878226,0.8191236508448632,15.190874502262922,0.01970245961246228,12,12
/home/kevin/Documents/Dev/ca-friend-foe-analysis/frames/jud_suess/frame_073132.png,91.06304249427552,48.126814478795595,0.5284999612106195,0.5321402896852867,0.07282736034932638,0.0,0.0,0.0,0.0,0.02480164012993237,20.095858405665908,0.802952139905965,0.8006015271543412,11.962746708712,0.020808724186991208,15,14
/home/kevin/Documents/Dev/ca-friend-foe-analysis/frames/jud_suess/frame_073661.png,103.5269283508174,44.52581437709275,0.430089205227852,0.3919437935992332,0.07203192395761222,0.0,0.0,0.0,0.0,0.05620640076681399,22.922882608232598,0.8364580951396481,0.821089864669442,14.931904073942258,0.022736627704999863,10,21
/home/kevin/Documents/Dev/ca-friend-foe-analysis/frames/jud_suess/frame_073757.png,96.50887959955269,62.965910955900185,0.6524364509454774,0.5589787794877257,0.15317642046967359,0.0,0.0,0.0,0.0,0.025979817881676342,19.99842909633101,0.7780552745087598,0.8040250947815092,11.153929869281662,0.015808180845219743,9,14
/home/kevin/Documents/Dev/ca-friend-foe-analysis/frames/jud_suess/frame_073890.png,107.7652597316151,61.596943414936575,0.5715844188672933,0.44855290484051336,0.16974412908035572,0.0,0.0,0.0,0.0,0.03640369561744502,35.23921335001863,0.7880675796597993,0.7909604648078945,13.42917991848828,0.01622921337936438,15,16
/home/kevin/Documents/Dev/ca-friend-foe-analysis/frames/jud_suess/frame_074876.png,102.90893085361307,56.21524785964202,0.546262091528105,0.5209376164865008,0.14572461259917993,0.0,0.0,0.0,0.0,0.02366340060706108,33.823775893285045,0.7721118134670664,0.7906042575718184,12.601183775074553,0.017702838632606573,12,13
/home/kevin/Documents/Dev/ca-friend-foe-analysis/frames/jud_suess/frame_075718.png,94.81585481122531,65.004137223861,0.6855829890973764,0.6072175035944406,0.16562050694925182,0.0,0.0,0.0,0.0,0.03363131689653336,44.31511595399115,0.7734925798425233,0.7562723118961627,14.80205360101523,0.01538332727462623,6,12
/home/kevin/Documents/Dev/ca-friend-foe-analysis/frames/jud_suess/frame_077021.png,70.61422999094734,56.85091102451299,0.8050914235174988,0.7453738218222482,0.09536916236221311,0.0,0.0,0.0,0.0,0.04051067681985196,45.68113983705203,0.8091902302217016,0.8102300859637748,16.348212976870858,0.01771474650319302,8,10
/home/kevin/Documents/Dev/ca-friend-foe-analysis/frames/jud_suess/frame_077122.png,77.3944332765323,65.71506680224002,0.8490929377637421,0.7252715799563342,0.14166755418286384,0.0,0.0,0.0,0.0,0.014777144682890462,55.68553637041377,0.7773770816170336,0.8269337933799645,11.066323429642864,0.0151034116577422,3,3
/home/kevin/Documents/Dev/ca-friend-foe-analysis/frames/jud_suess/frame_077867.png,59.19397997763459,49.3865998442791,0.8343179454989708,0.8002689174077426,0.060483119441929814,0.0,0.0,0.0,0.0,0.02691503807444486,19.09960594280846,0.847575723404011,0.8241148070069926,9.870373690546822,0.020167176414065707,2,13
/home/kevin/Documents/Dev/ca-friend-foe-analysis/frames/jud_suess/frame_079628.png,59.590992598114916,33.487084560079005,0.5619487617822202,0.8351116939134139,0.015502689174077426,0.0,0.0,0.0,0.0,0.044155040204483735,10.011555460887159,0.8752920189322867,0.8859497832894274,11.906427525820419,0.030896834337249657,1,8
/home/kevin/Documents/Dev/ca-friend-foe-analysis/frames/jud_suess/frame_080838.png,58.963493130624634,40.83622384866393,0.6925679197624995,0.8264817082911763,0.035401911709888705,0.0,0.0,0.0,0.0,0.02952433569412642,31.599276452420263,0.8886793393538256,0.8948382841075084,10.952494381758344,0.024631446323695638,1,14
/home/kevin/Documents/Dev/ca-friend-foe-analysis/frames/jud_suess/frame_081398.png,64.12291988391289,46.046429764094356,0.7180962715928478,0.8207572288194259,0.0593848181479312,0.0,0.0,0.0,0.0,0.020162149209223067,27.809557883806377,0.875957212322066,0.8932519272153188,9.248847694593126,0.02157196058824678,3,10
/home/kevin/Documents/Dev/ca-friend-foe-analysis/frames/jud_suess/frame_082706.png,71.66292800468608,49.99118146121955,0.697587759576218,0.727601309973907,0.05926167527557378,0.0,0.0,0.0,0.0,0.029710714095532244,-8.974512753607748,0.7996308976756473,0.8423424058371418,11.84352131720808,0.020034024194171964,1,8
/home/kevin/Documents/Dev/ca-friend-foe-analysis/frames/jud_suess/frame_083362.png,99.08719513818627,55.14230957854264,0.5565028805789819,0.4946516055168007,0.12539938228872677,0.0,0.0,0.0,0.0,0.05032216837957293,3.593032775973157,0.7556351274734293,0.7733993384349853,17.23284896184409,0.01833156371373465,8,34
/home/kevin/Documents/Dev/ca-friend-foe-analysis/frames/jud_suess/frame_083407.png,97.503844054529,54.26703593552644,0.5565630402173817,0.5077613291442569,0.11903921934075297,0.0,0.0,0.0,0.0,0.046218515362905374,-1.517582805261199,0.7583885159580632,0.7911065395325818,16.422293425191526,0.018582236178092945,8,30
/home/kevin/Documents/Dev/ca-friend-foe-analysis/frames/jud_suess/frame_083746.png,85.35939080888227,52.07572616361538,0.610076121784938,0.5870420416422599,0.09471018158581394,0.0,0.0,0.0,0.0,0.04240108631982534,20.037382182224817,0.7944130855388111,0.790853780140311,14.400391401133103,0.019304505595154998,9,18
/home/kevin/Documents/Dev/ca-friend-foe-analysis/frames/jud_suess/frame_083861.png,99.45883367058948,54.832201068548684,0.5513054898172641,0.4415470738590979,0.09645415091325417,0.0,0.0,0.0,0.0,0.01533295170136855,17.73089954204164,0.8265959107430181,0.8121846837675376,8.92852475229038,0.018087454399069034,6,2
/home/kevin/Documents/Dev/ca-friend-foe-analysis/frames/jud_suess/frame_083914.png,77.11777450875978,52.2069132281492,0.676976397374141,0.6597662282336653,0.08601363224878854,0.0,0.0,0.0,0.0,0.042574151978273606,18.64287568560627,0.7964716793581483,0.7961260179027678,14.215518390670985,0.019244847600189307,9,14
/home/kevin/Documents/Dev/ca-friend-foe-analysis/frames/jud_suess/frame_083981.png,92.68320996858192,54.74688988645262,0.5906883225768949,0.48795529580914854,0.09503301560253474,0.0,0.0,0.0,0.0,0.014387746951381862,20.22341445231376,0.8037215120352417,0.8099167927461735,8.957640149110608,0.01811606398764001,6,2
/home/kevin/Documents/Dev/ca-friend-foe-analysis/frames/jud_suess/frame_084094.png,69.18272072527823,49.34029616754253,0.7131881426310485,0.7315518664465627,0.06920296607913094,0.0,0.0,0.0,0.0,0.036543479418499385,18.235485781990533,0.8065205553971948,0.8178598799869274,13.640610250494746,0.020375810209595568,6,11
/home/kevin/Documents/Dev/ca-friend-foe-analysis/frames/jud_suess/frame_084192.png,80.95731268970658,57.45877071716606,0.7097415753709618,0.5731701634804836,0.08653948559561211,0.0,0.0,0.0,0.0,0.012177831620427073,23.213795995526922,0.821118656739015,0.7655475609488697,8.533205215200436,0.017227363357810763,4,6
/home/kevin/Documents/Dev/ca-friend-foe-analysis/frames/jud_suess/frame_086069.png,50.55721484104585,46.532926016358815,0.9204012932797088,0.7989210021832899,0.035312050694925184,0.0,0.0,0.0,0.0,0.03699611267905639,27.99804635497098,0.8627862109218787,0.8474765043138508,12.173875949036203,0.021575297404052205,1,11
/home/kevin/Documents/Dev/ca-friend-foe-analysis/frames/jud_suess/frame_086482.png,49.91234557218169,56.40325241129926,1.130046116881564,0.7995699984024709,0.06632075722881943,0.0,0.0,0.0,0.0,0.04802239203365461,33.206763539059594,0.8414977253481934,0.8267272631401994,13.021282371280622,0.0177867537322681,1,3
/home/kevin/Documents/Dev/ca-friend-foe-analysis/frames/jud_suess/frame_086615.png,44.25109164492252,44.00997150038843,0.9945510893624053,0.821945391128388,0.017902311092177433,0.0,0.0,0.0,0.0,0.029687416795356514,19.460607593588584,0.8452669805341595,0.83880690675546,12.43506011684819,0.02278873729218921,2,9
/home/kevin/Documents/Dev/ca-friend-foe-analysis/frames/jud_suess/frame_087129.png,82.86487565898078,51.29084854762421,0.6189697151879864,0.5558602694499175,0.03455322434634432,0.0,0.0,0.0,0.0,0.029018451461739175,35.10632887800202,0.8026638015555548,0.8480378583085612,12.863115251950893,0.01944427335261613,3,11
/home/kevin/Documents/Dev/ca-friend-foe-analysis/frames/jud_suess/frame_087175.png,70.97971470791842,57.21036809286431,0.8060101149699461,0.6916868576601523,0.08490867458331114,0.0,0.0,0.0,0.0,0.024851562916023216,35.99216877895522,0.8322729342016374,0.7970888685630277,12.21296272555471,0.01741776101136556,6,9
/home/kevin/Documents/Dev/ca-friend-foe-analysis/frames/jud_suess/frame_087242.png,74.69487525959849,62.03884250817705,0.8305635722599127,0.651788567016348,0.09280645934288301,0.0,0.0,0.0,0.0,0.030569386016294796,31.006852734437402,0.7310771366430379,0.8159908230825212,11.44709115575931,0.01606701965830408,6,13
/home/kevin/Documents/Dev/ca-friend-foe-analysis/frames/jud_suess/frame_087705.png,62.954433809042015,51.003787111357994,0.8101698950235883,0.76636136109484,0.05659912668406199,0.0,0.0,0.0,0.0,0.03276598860429203,37.85696456147825,0.8528765183052825,0.8523340370814708,11.641738363626247,0.019534709390992687,1,9
/home/kevin/Documents/Dev/ca-friend-foe-analysis/frames/jud_suess/frame_087802.png,71.0402610628894,55.21782363898806,0.7772750653657958,0.6468994621651846,0.06928949890835508,0.0,0.0,0.0,0.0,0.01795223387826828,50.8308183343096,0.8550298936337941,0.839258104328051,9.471837759367842,0.01795583540823214,8,7
/home/kevin/Documents/Dev/ca-friend-foe-analysis/frames/jud_suess/frame_087935.png,79.43491399968049,60.22550974459918,0.7581742918362573,0.6314001011768465,0.09447720858405666,0.0,0.0,0.0,0.0,0.02377988710793972,31.132488417913635,0.7352905675822701,0.7782135656328669,11.444395738295158,0.01650543381702534,7,6
/home/kevin/Documents/Dev/ca-friend-foe-analysis/frames/jud_suess/frame_087993.png,80.93806246338995,57.89566282360616,0.7153082368170453,0.5543659140529315,0.08390356249001545,0.0,0.0,0.0,0.0,0.017752542733904895,49.3558962138559,0.839416108314565,0.8214679204660191,10.08804562948202,0.017132558930259584,11,6
/home/kevin/Documents/Dev/ca-friend-foe-analysis/frames/jud_suess/frame_088292.png,74.46611241280154,42.51626885441069,0.5709478770910954,0.5977355024229192,0.009428750199691145,0.0,0.0,0.0,0.0,0.013735422546461472,21.16946456147825,0.8180614244739378,0.8421428191064487,9.714034263657647,0.023259433187716467,2,6
/home/kevin/Documents/Dev/ca-friend-foe-analysis/frames/jud_suess/frame_088432.png,105.38265149901486,69.52962819551084,0.6597824892476023,0.4640422812716332,0.20979884445391128,0.0,0.0,0.0,0.0,0.0236567442355823,27.543129958996758,0.6985047179316904,0.7338149674908038,13.912119846233178,0.014306217994889294,5,15
/home/kevin/Documents/Dev/ca-friend-foe-analysis/frames/jud_suess/frame_088488.png,76.36053237659087,57.22504702261396,0.7494060762365284,0.6213057138292774,0.09433742478300229,0.0,0.0,0.0,0.0,0.01806206400766814,40.83600364769157,0.821724438750419,0.7876537360777423,8.715865724308921,0.017307112130094317,3,3
/home/kevin/Documents/Dev/ca-friend-foe-analysis/frames/jud_suess/frame_088543.png,103.54758307151606,69.3147302991391,0.6693997887360277,0.475534506629746,0.20728606422067203,0.0,0.0,0.0,0.0,0.022032589594760104,27.655116752755745,0.6961569765559986,0.74265551633082,13.780289973960382,0.014344926286680984,4,12
/home/kevin/Documents/Dev/ca-friend-foe-analysis/frames/jud_suess/frame_088839.png,78.53759518611214,56.21732134183173,0.7158014087015557,0.6047879280046861,0.08380038873209436,0.0,0.0,0.0,0.0,0.02261169391341392,31.88272804728686,0.8099289047319231,0.7741347500180114,8.90994915642575,0.017630264788113716,4,3
/home/kevin/Documents/Dev/ca-friend-foe-analysis/frames/jud_suess/frame_089946.png,60.29966318760317,43.46302554571896,0.720783884620039,0.7347169710847223,0.009442062942648703,0.0,0.0,0.0,0.0,0.003844054528995154,18.490448106927957,0.8171627360140499,0.8988872113092534,4.657448824980128,0.022574572323801168,1,2
/home/kevin/Documents/Dev/ca-friend-foe-analysis/frames/jud_suess/frame_090126.png,72.56032669471217,53.1825193720692,0.7329421148079074,0.6223407795942276,0.04963989030299803,0.0,0.0,0.0,0.0,0.03657010490441451,23.434720964907612,0.7757752453982285,0.8326624755019426,12.652710945131268,0.018820255880967293,5,10
/home/kevin/Documents/Dev/ca-friend-foe-analysis/frames/jud_suess/frame_090483.png,96.72374394270196,61.514381015517685,0.6359801476291085,0.5062436764470951,0.14147119122423985,0.0,0.0,0.0,0.0,0.03379772618350285,23.54325643005484,0.8050469130620457,0.7878940963466701,14.253658622563218,0.01619957002679425,5,18
/home/kevin/Documents/Dev/ca-friend-foe-analysis/frames/jud_suess/frame_090739.png,64.96302385643538,42.547184521206916,0.6549446428131075,0.6910079077693168,0.017366473188135684,0.0,0.0,0.0,0.0,0.03281258320464348,12.687117258639972,0.8412333760385244,0.8244509668183797,12.977577452034751,0.023696354609034437,1,8
/home/kevin/Documents/Dev/ca-friend-foe-analysis/frames/jud_suess/frame_090776.png,67.51118270408435,42.84722984966581,0.6346686292552055,0.655186644656265,0.016807337983918206,0.0,0.0,0.0,0.0,0.03419378028649023,11.931279620853076,0.8287047275377482,0.8276060346924861,13.267411014912469,0.02355540450617007,4,6
/home/kevin/Documents/Dev/ca-friend-foe-analysis/frames/jud_suess/frame_091354.png,57.82294051866447,51.314089729241466,0.8874347997562402,0.7708544118430162,0.052202593322328135,0.0,0.0,0.0,0.0,0.02129706054635497,15.558376377868896,0.767116585171797,0.8190711568721423,9.740757864019047,0.01938327669291017,4,11
/home/kevin/Documents/Dev/ca-friend-foe-analysis/frames/jud_suess/frame_091952.png,46.93004153575803,41.324492508481335,0.8805552066034055,0.8943367591458544,0.03847382714734544,0.0,0.0,0.0,0.0,0.01286343788274136,-2.994408647957826,0.8767878491723651,0.862870342236687,7.577706953866556,0.02397231174283518,1,4
/home/kevin/Documents/Dev/ca-friend-foe-analysis/frames/jud_suess/frame_092050.png,53.19981761542148,43.4854736531509,0.817398922037009,0.8158614675967837,0.027074790989935565,0.0,0.0,0.0,0.0,0.009531923957612227,5.292074924117365,0.7910637560311946,0.8752778186731319,7.926950547423653,0.022739020917458382,1,10
/home/kevin/Documents/Dev/ca-friend-foe-analysis/frames/jud_suess/frame_092437.png,41.13678843388892,40.70295423557614,0.989453860795298,0.9116200276905053,0.03730230576708025,0.0,0.0,0.0,0.0,0.0058875605729804565,24.43483412322275,0.8574135794154714,0.9170595753078377,4.936590995975243,0.024159162610736685,1,5
/home/kevin/Documents/Dev/ca-friend-foe-analysis/frames/jud_suess/frame_092489.png,47.71257122317482,40.55808183182504,0.8500502217143195,0.8451162202460195,0.015426140902071462,0.0,0.0,0.0,0.0,0.00950197028595772,5.501258054209494,0.8108841854010894,0.8845570093418911,7.499800489820781,0.024373387080816055,1,10
/home/kevin/Documents/Dev/ca-friend-foe-analysis/frames/jud_suess/frame_092550.png,43.65611188029182,44.65538278587438,1.0228895969030334,0.8923897704883114,0.049303743543319664,0.0,0.0,0.0,0.0,0.008872943181213058,23.73034373502317,0.8358858299163959,0.9078391173285971,5.7791942028212455,0.022097018851150334,1,6
/home/kevin/Documents/Dev/ca-friend-foe-analysis/frames/jud_suess/frame_092599.png,46.02634259012727,45.86423151108438,0.9964778609472773,0.8883959476010437,0.0542261302518771,0.0,0.0,0.0,0.0,0.009162495340539966,25.828362133233924,0.82668664622247,0.9039785001811578,5.8143353517547185,0.021516961874435137,2,5
/home/kevin/Documents/Dev/ca-friend-foe-analysis/frames/jud_suess/frame_093360.png,48.31155812343575,45.73616150848571,0.9466919137023254,0.8541056499281112,0.0418286383726503,0.0,0.0,0.0,0.0,0.01063688162308962,23.039831726929016,0.839416525969246,0.9089918964550515,6.778348479621374,0.021598164215237838,1,7
/home/kevin/Documents/Dev/ca-friend-foe-analysis/frames/jud_suess/frame_093413.png,55.78118177219234,47.49607917785368,0.8514713669329962,0.7915856808136749,0.042437696362958625,0.0,0.0,0.0,0.0,0.013995021034133873,10.332109670376482,0.7671189083759602,0.8738231013157166,8.30948681908312,0.02084553778100993,2,11
/home/kevin/Documents/Dev/ca-friend-foe-analysis/frames/jud_suess/frame_093753.png,42.27349366313435,41.496736110694854,0.981625420960193,0.874700463283455,0.03247643644496512,0.0,0.0,0.0,0.0,0.008406997177698492,21.39303543852175,0.8584100251741359,0.9181724423088369,5.966910572458031,0.023748556649302734,2,9
/home/kevin/Documents/Dev/ca-friend-foe-analysis/frames/jud_suess/frame_093868.png,61.80564393737686,50.08314035246263,0.8103327961791796,0.755208610682145,0.056356169125086536,0.0,0.0,0.0,0.0,0.01313302092763193,9.762211113477818,0.7463888271108007,0.8654014079139297,8.7219202653585,0.01978009296008684,1,11
/home/kevin/Documents/Dev/ca-friend-foe-analysis/frames/jud_suess/frame_094245.png,59.65115288354013,48.319333932837765,0.810031852128169,0.8295769210288088,0.062170509611800415,0.0,0.0,0.0,0.0,0.020355183982107672,-3.538700143777625,0.8406278289578785,0.814608882053274,10.970058534783469,0.020706475693818508,3,12
/home/kevin/Documents/Dev/ca-friend-foe-analysis/frames/jud_suess/frame_094487.png,64.06163134352202,50.4208372826355,0.7870676432442638,0.7481761542148144,0.05348394483199318,0.0,0.0,0.0,0.0,0.012966611640662443,17.41625619042547,0.7663431409093804,0.8625806465085635,8.799050327380101,0.019639551119773422,2,11
/home/kevin/Documents/Dev/ca-friend-foe-analysis/frames/jud_suess/frame_094572.png,66.91257854518345,49.03034164603764,0.7327522364073019,0.7939886309175143,0.06563515096650514,0.0,0.0,0.0,0.0,0.009831460674157303,31.612555913520424,0.8942801930399935,0.8581845960600546,5.970435404257543,0.020121423781074014,5,5
/home/kevin/Documents/Dev/ca-friend-foe-analysis/frames/jud_suess/frame_094976.png,66.81913973055008,53.55078310087926,0.8014288007400471,0.7197268225145109,0.07128973853772831,0.0,0.0,0.0,0.0,0.010720086266574365,16.011295862399493,0.734438813067162,0.8470274994283351,9.04118594954947,0.018492728176531317,3,10
/home/kevin/Documents/Dev/ca-friend-foe-analysis/frames/jud_suess/frame_095337.png,63.456167793812234,52.433707620684665,0.8262980473139728,0.769409979232121,0.07565299004206827,0.0,0.0,0.0,0.0,0.006782842536876298,46.7591924490122,0.8542060958788968,0.8738515801442788,6.155068045732132,0.01880794551082174,1,3
/home/kevin/Documents/Dev/ca-friend-foe-analysis/frames/jud_suess/frame_096624.png,62.80576708024921,47.72160347611333,0.7598283663848077,0.7218069386016295,0.03766174982693434,0.0,0.0,0.0,0.0,0.012989908940838171,12.358325789445658,0.8388536318728993,0.7961697933340225,7.852402360738046,0.020692508815490434,3,4
/home/kevin/Documents/Dev/ca-friend-foe-analysis/frames/jud_suess/frame_097253.png,72.69332432504393,58.19003829384232,0.8004866850441495,0.6997277544065179,0.10474133340433463,0.0,0.0,0.0,0.0,0.016967090899408913,25.084259678364134,0.8417413746477344,0.754307351035627,7.699720250162739,0.017010436811193526,5,8
/home/kevin/Documents/Dev/ca-friend-foe-analysis/frames/jud_suess/frame_097281.png,72.02182957026466,57.63285026038332,0.800213636952047,0.6980270514936897,0.09870400447308163,0.0,0.0,0.0,0.0,0.014740534639757176,7.594510490441451,0.8398902246877771,0.7376747232254636,6.861751315666192,0.01715442506751377,3,4
/home/kevin/Documents/Dev/ca-friend-foe-analysis/frames/jud_suess/frame_097364.png,78.17955894882581,43.50283076380052,0.5564476353292235,0.6731255657915757,0.0548085627562703,0.0,0.0,0.0,0.0,0.010121012833484211,-6.111144762766912,0.840145777145727,0.8376504470471292,9.89558194197988,0.02278044363217236,3,3
/home/kevin/Documents/Dev/ca-friend-foe-analysis/frames/jud_suess/frame_097500.png,90.50348793865489,50.490143269928055,0.5578806338200274,0.5238231535225518,0.08757122317482294,0.0,0.0,0.0,0.0,0.005564726556259652,32.81276958304488,0.8214049590228552,0.8212086091159398,7.834266172886729,0.019515071320907577,5,13
/home/kevin/Documents/Dev/ca-friend-foe-analysis/frames/jud_suess/frame_097656.png,87.41250865328293,46.391048705035736,0.5307140747552729,0.5778529208158049,0.06719939826401831,0.0,0.0,0.0,0.0,0.014314526865115288,-6.702593322328141,0.8260595116154987,0.8219280193039993,11.33201746301771,0.021444934921939107,7,4
/home/kevin/Documents/Dev/ca-friend-foe-analysis/frames/jud_suess/frame_097830.png,99.29073699345012,63.86169784635013,0.6431788071655163,0.5329057724053464,0.19711180041535759,0.0,0.0,0.0,0.0,0.030466212258373714,33.419351403163105,0.7030665250817298,0.7287483724519149,13.2239998168153,0.015589393771833998,9,14
/home/kevin/Documents/Dev/ca-friend-foe-analysis/frames/jud_suess/frame_097939.png,80.62839142126843,51.230371181295205,0.6353887286438238,0.6273097609031365,0.07852521433516162,0.0,0.0,0.0,0.0,0.02977062143884126,19.20649062782897,0.7992091969649034,0.7663008272695094,12.001311238203533,0.019452716984370504,6,14
/home/kevin/Documents/Dev/ca-friend-foe-analysis/frames/jud_suess/frame_098081.png,82.26584882049097,58.465418591634965,0.7106888138739217,0.6037162521966026,0.10364636029607541,0.0,0.0,0.0,0.0,0.024851562916023216,40.077087438095745,0.8177474525674799,0.760324632542191,12.49652554234036,0.017000664772536093,13,14
/home/kevin/Documents/Dev/ca-friend-foe-analysis/frames/jud_suess/frame_098263.png,67.26686058895575,55.84700632080762,0.8302306031352656,0.7223128228340168,0.06573499653868684,0.0,0.0,0.0,0.0,0.012177831620427073,50.76984264337824,0.8272661681958049,0.8829007997043005,9.19621171476458,0.017728110016858197,6,12
/home/kevin/Documents/Dev/ca-friend-foe-analysis/frames/jud_suess/frame_098446.png,69.32270421747697,59.103701813135466,0.8525879420753472,0.7201395175461952,0.0918379572927206,0.0,0.0,0.0,0.0,0.0193400873315938,2.845715293679106,0.8038873470470248,0.7849786056389647,10.85858215900967,0.01679289402890592,6,8
/home/kevin/Documents/Dev/ca-friend-foe-analysis/frames/jud_suess/frame_098903.png,71.95761555460888,52.96734392986629,0.7360908702715435,0.7102714468289046,0.074378294903882,0.0,0.0,0.0,0.0,0.07211512860109696,21.992554848500973,0.8185555360650038,0.820738251634857,23.231997937782104,0.019655269615904494,1,38
/home/kevin/Documents/Dev/ca-friend-foe-analysis/frames/jud_suess/frame_098944.png,69.84856422067203,53.24745350265772,0.7623271003567195,0.7270621438841259,0.07248788540390862,0.0,0.0,0.0,0.0,0.07516707492411737,23.80067162788221,0.8219594217153287,0.824189593298313,23.687230408938873,0.019651646374655104,1,36
/home/kevin/Documents/Dev/ca-friend-foe-analysis/frames/jud_suess/frame_099043.png,89.20296607913095,64.78644556693123,0.7262812924497576,0.5569718834868737,0.12568893444805368,0.0,0.0,0.0,0.0,0.035385270781191754,42.51508333777092,0.7660881105197817,0.7422654007553284,15.982785098068598,0.015433325705266367,15,11
/home/kevin/Documents/Dev/ca-friend-foe-analysis/frames/jud_suess/frame_099109.png,66.02690505351723,56.008726788791606,0.8482712715152613,0.7323373182810586,0.07226489695936951,0.0,0.0,0.0,0.0,0.043419511156078595,36.392220033015604,0.8293270330124701,0.7914767120970546,15.418119684254856,0.017979099370041017,2,20
/home/kevin/Documents/Dev/ca-friend-foe-analysis/frames/jud_suess/frame_099154.png,60.51981268970659,54.40620711041418,0.8989817483319738,0.7563302092763193,0.06366486500878642,0.0,0.0,0.0,0.0,0.03979178870014378,36.012697028595774,0.8344700588579859,0.8055723226507707,14.49462122186897,0.01846137151779226,1,13
/home/kevin/Documents/Dev/ca-friend-foe-analysis/frames/jud_suess/frame_099319.png,57.25400047925875,50.546030145850146,0.8828383979190673,0.7700989136801747,0.04425488577666543,0.0,0.0,0.0,0.0,0.040327626604185526,27.51984264337824,0.8510272216879723,0.7957028554006405,14.538801301089784,0.019943875883543603,2,16
/home/kevin/Documents/Dev/ca-friend-foe-analysis/frames/jud_suess/frame_099398.png,66.22653961872304,64.0664226176893,0.9673829085709721,0.7387640449438202,0.10294078491932478,0.0,0.0,0.0,0.0,0.03792800468608552,1.3381203738218233,0.7755227992469687,0.7915177205660474,16.61355549122741,0.015633362741552005,3,21
/home/kevin/Documents/Dev/ca-friend-foe-analysis/frames/jud_suess/frame_099685.png,56.563368656477984,50.81966925857261,0.8984554911742669,0.7794943820224719,0.04453112519303477,0.0,0.0,0.0,0.0,0.0349825603067256,33.49914798445071,0.8395739817839911,0.7919014669076534,13.338799501957538,0.019746974929994096,1,16
/home/kevin/Documents/Dev/ca-friend-foe-analysis/frames/jud_suess/frame_099751.png,29.027011555460888,49.43151499886745,1.702948811458786,0.9031531231694978,0.04569266201608179,0.0,0.0,0.0,0.0,0.01597861973481016,20.836013632248786,0.8548422361649277,0.8796824049391843,7.916947032110283,0.02014367560030806,2,5
/home/kevin/Documents/Dev/ca-friend-foe-analysis/frames/jud_suess/frame_099794.png,28.503657676127588,49.30634787339826,1.7298252827990854,0.9033594706853401,0.04561611374407583,0.0,0.0,0.0,0.0,0.016877229884445392,20.00928231002716,0.8577626082117176,0.8817946151781976,7.685492886436589,0.02017818795819442,2,4
/home/kevin/Documents/Dev/ca-friend-foe-analysis/frames/jud_suess/frame_099911.png,55.635487113264816,52.215303480281484,0.9385251409793014,0.7710674157303371,0.04722029927046169,0.0,0.0,0.0,0.0,0.03937576548272006,36.817212711006974,0.8448183933033249,0.7985051877932066,14.16620441934072,0.019297078997046548,2,17
/home/kevin/Documents/Dev/ca-friend-foe-analysis/frames/jud_suess/frame_099964.png,50.17499933436285,57.74010318385663,1.1507743664131014,0.8097808722509185,0.07098021726396507,0.0,0.0,0.0,0.0,0.03290910059108579,18.264254619521807,0.8038427624098258,0.822548784677085,14.377987073062691,0.01731127874525363,1,8
/home/kevin/Documents/Dev/ca-friend-foe-analysis/frames/jud_suess/frame_100240.png,76.65191836626019,59.21089561727938,0.7724646271357473,0.6813062463389957,0.10081407423185473,0.0,0.0,0.0,0.0,0.061202007561638,37.88877868896107,0.8078806217625236,0.7896256665507675,21.68446973960793,0.017293511828027613,1,31
/home/kevin/Documents/Dev/ca-friend-foe-analysis/frames/jud_suess/frame_100373.png,87.10442848394483,67.29244122583293,0.7725490232793553,0.6037362213110389,0.13766707492411737,0.0,0.0,0.0,0.0,0.03369788061132116,39.395491639597424,0.7540986281087865,0.7491444604893451,12.883769606180532,0.014785004746613331,15,14
/home/kevin/Documents/Dev/ca-friend-foe-analysis/frames/jud_suess/frame_100465.png,74.35117684647744,62.99165825417964,0.8472180379810924,0.6743503381436711,0.12312955961446297,0.0,0.0,0.0,0.0,0.04881782842536876,35.19609670376485,0.7385662332455214,0.7531126759239827,18.43157831742022,0.015942634097181937,6,18
/home/kevin/Documents/Dev/ca-friend-foe-analysis/frames/jud_suess/frame_100588.png,83.57966345385803,60.18429014677695,0.7200829434781668,0.6367118856169125,0.11178377442888333,0.0,0.0,0.0,0.0,0.06915969966451888,37.91879226795889,0.8295139334822272,0.7870786516853933,22.899306517337074,0.01712726351247047,14,29
/home/kevin/Documents/Dev/ca-friend-foe-analysis/frames/jud_suess/frame_100815.png,91.4530892220033,75.15509707430904,0.8217884997814611,0.5730736460940412,0.1832199531391448,0.0,0.0,0.0,0.0,0.058822354757974336,52.23935979019116,0.7994064343880158,0.7216887814820268,21.172379364087565,0.013368245909666959,13,31
/home/kevin/Documents/Dev/ca-friend-foe-analysis/frames/jud_suess/frame_100817.png,91.54396866180308,74.9722251659575,0.8189750365863516,0.5723913680174664,0.18299696469460566,0.0,0.0,0.0,0.0,0.057873821822248254,51.492361813728095,0.7988179067356215,0.720317882198409,21.04501398284087,0.013393559855605227,14,30
/home/kevin/Documents/Dev/ca-friend-foe-analysis/frames/jud_suess/frame_101045.png,90.8199351669418,70.39415861942209,0.7750958907041344,0.5750006656371479,0.1692016348048352,0.0,0.0,0.0,0.0,0.07684115235103041,49.06214055594015,0.7306322822009148,0.7224845702698781,22.74983096912635,0.014446212861153955,13,23
/home/kevin/Documents/Dev/ca-friend-foe-analysis/frames/jud_suess/frame_101459.png,77.92227687842804,65.08931716288245,0.8353107697417742,0.6280319772085841,0.11401033068853507,0.0,0.0,0.0,0.0,0.09644083817029661,34.23398809840779,0.8136871442756771,0.7501029779822893,24.35850207873621,0.015872425927292093,13,25
/home/kevin/Documents/Dev/ca-friend-foe-analysis/frames/jud_suess/frame_101626.png,102.04883114116832,73.102239923683,0.7163456850468294,0.48411124128015337,0.2006729591565046,0.0,0.0,0.0,0.0,0.042550854678097876,44.15225784120561,0.6799718396331321,0.7835307795837863,18.191253564371983,0.013697759646561907,16,21
/home/kevin/Documents/Dev/ca-friend-foe-analysis/frames/jud_suess/frame_101799.png,80.3079370573513,64.13251110486526,0.7985824736004272,0.6288873209436072,0.11222975131796155,0.0,0.0,0.0,0.0,0.03315871452154002,38.13507109004739,0.7888241350110522,0.8056817220737807,14.517002669459867,0.01556375487340485,8,16
/home/kevin/Documents/Dev/ca-friend-foe-analysis/frames/jud_suess/frame_101801.png,79.9192748548911,64.15993184927102,0.8028092332604977,0.6311538154321317,0.11187030725810745,0.0,0.0,0.0,0.0,0.03377775706906651,38.25862332925077,0.7875258815385145,0.8056371635399993,14.690379699295448,0.015573441347306332,10,15
/home/kevin/Documents/Dev/ca-friend-foe-analysis/frames/jud_suess/frame_102001.png,90.05053517226689,68.87040508816861,0.7647972872114489,0.5699085414558815,0.15876444432610895,0.0,0.0,0.0,0.0,0.08188668193194526,39.086319825336815,0.7222857405382943,0.7206825208383583,23.535514154366076,0.014800628150277162,15,28
/home/kevin/Documents/Dev/ca-friend-foe-analysis/frames/jud_suess/frame_102278.png,92.78454656797487,70.8173878103739,0.7632455010400664,0.5692695297939188,0.17287928004686084,0.0,0.0,0.0,0.0,0.04873462378188402,43.75447308163373,0.8323556559318972,0.7763947317038535,17.363918951701713,0.01417500022113019,12,19
/home/kevin/Documents/Dev/ca-friend-foe-analysis/frames/jud_suess/frame_102387.png,77.04180534107248,63.8434520319992,0.8286858240988603,0.6278189733212631,0.1064686618030779,0.0,0.0,0.0,0.0,0.08937509984557218,30.536779780605997,0.810602503422158,0.745676725879659,23.824319568988102,0.016100651491140212,4,29
/home/kevin/Documents/Dev/ca-friend-foe-analysis/frames/jud_suess/frame_102631.png,79.96287075989137,60.38686363151468,0.7551862881126766,0.6001018424836253,0.09819146386921561,0.0,0.0,0.0,0.0,0.056998508972788756,23.218115980616645,0.8327583794580722,0.7070211406358167,17.224467173227822,0.01674892553140291,10,30
/home/kevin/Documents/Dev/ca-friend-foe-analysis/frames/jud_suess/frame_102855.png,78.8524914798445,63.60288645101898,0.80660591918793,0.6526738644230258,0.12242398423771234,0.0,0.0,0.0,0.0,0.04668113318068055,6.326059028702275,0.7299316664735014,0.7683101117330685,18.283920807170666,0.01600153444347475,4,22
/home/kevin/Documents/Dev/ca-friend-foe-analysis/frames/jud_suess/frame_103022.png,69.28021327014218,47.71706067462943,0.688754528218502,0.6102195271313702,0.030995393790936684,0.0,0.0,0.0,0.0,0.018571276425794772,14.179036423664726,0.7798715503028518,0.7786410874057275,9.40504390022044,0.02078706684684397,3,10
/home/kevin/Documents/Dev/ca-friend-foe-analysis/frames/jud_suess/frame_103479.png,92.3810073752596,68.01640523422542,0.7362596175673964,0.5115055381010704,0.13566350710900474,0.0,0.0,0.0,0.0,0.03753195058309814,29.574860881836088,0.7691564889441584,0.773427425712284,13.39914203102984,0.014686298761149396,8,11
/home/kevin/Documents/Dev/ca-friend-foe-analysis/frames/jud_suess/frame_103481.png,92.290776931679,67.8160903017581,0.7348089644806012,0.5118317003035305,0.1351609510623569,0.0,0.0,0.0,0.0,0.0364735875179722,29.139837052026195,0.7689873649017624,0.7742077351735198,13.310429468308083,0.014724393422185893,8,12
/home/kevin/Documents/Dev/ca-friend-foe-analysis/frames/jud_suess/frame_103736.png,70.73854105649929,57.9116391685789,0.8186716635908192,0.6349612599179935,0.06634405452899515,0.0,0.0,0.0,0.0,0.018687762926673412,21.511632009159158,0.8001829066468699,0.817373938765559,10.716252210031838,0.017173921462711808,3,7
/home/kevin/Documents/Dev/ca-friend-foe-analysis/frames/jud_suess/frame_104091.png,116.18997284200437,67.23704979322204,0.5786820333178241,0.37421787635124343,0.2664179402524096,0.0,0.0,0.0,0.0,0.06729258746472123,15.277570690665115,0.6954943935079756,0.7598537268893393,21.401371708171588,0.014994144622535701,14,55
/home/kevin/Documents/Dev/ca-friend-foe-analysis/frames/jud_suess/frame_104181.png,71.70553211033601,58.19343790041736,0.811561341316271,0.6372410671494755,0.06889011661962831,0.0,0.0,0.0,0.0,0.015283028915277703,34.04689080888227,0.7738577666542414,0.8298906841079261,8.968632650105333,0.017033557327268353,4,6
/home/kevin/Documents/Dev/ca-friend-foe-analysis/frames/jud_suess/frame_104288.png,105.85713097076521,64.33982472279862,0.6077986817892091,0.45090926034400125,0.19916529101656105,0.0,0.0,0.0,0.0,0.07636854997603706,7.433233265882109,0.7703360501770333,0.7610821276164761,24.043272972077563,0.015770107477729695,24,51
/home/kevin/Documents/Dev/ca-friend-foe-analysis/frames/jud_suess/frame_104350.png,70.63662868097343,57.67675300277825,0.816527543827431,0.6415743649821609,0.06592470312583204,0.0,0.0,0.0,0.0,0.01598527610628894,31.870866393311672,0.7767478065298221,0.8253828066185738,9.224805618206213,0.017193271751851733,2,7
/home/kevin/Documents/Dev/ca-friend-foe-analysis/frames/jud_suess/frame_104542.png,86.79998269343416,66.71177376265598,0.7685689745056296,0.5352954097662282,0.12122583737153203,0.0,0.0,0.0,0.0,0.05095452367005698,12.847629000479259,0.7363002477736396,0.7227209889227537,18.423990221819487,0.015055092399142385,7,32
/home/kevin/Documents/Dev/ca-friend-foe-analysis/frames/jud_suess/frame_105186.png,123.89670309920656,68.82551400787575,0.5555072268324611,0.3102568028116513,0.29550628361467596,0.0,0.0,0.0,0.0,0.05369029234783535,9.437832818573938,0.7286542696315972,0.6943879479476971,19.83399958435934,0.014575757144224995,15,45
/home/kevin/Documents/Dev/ca-friend-foe-analysis/frames/jud_suess/frame_105269.png,68.96572301507003,56.147245817005626,0.8141326340234752,0.6505571382927738,0.056156477980723145,0.0,0.0,0.0,0.0,0.015286357101017094,27.74959728952554,0.8106009894239393,0.8227248261251356,9.341537838090307,0.01765026725491789,3,9
/home/kevin/Documents/Dev/ca-friend-foe-analysis/frames/jud_suess/frame_105557.png,102.85278436018957,60.9683195359857,0.5927726687806322,0.43445471004845837,0.16759744927844933,0.0,0.0,0.0,0.0,0.07234477341711486,6.416732120986211,0.7607911267174743,0.7583059247448913,23.57266657762572,0.016625883924243235,22,47
/home/kevin/Documents/Dev/ca-friend-foe-analysis/frames/jud_suess/frame_105735.png,80.00432331327546,63.16854481988781,0.7895641400975336,0.5638113051813196,0.11088849246498748,0.0,0.0,0.0,0.0,0.02545729272059215,16.71139637360882,0.70966695693667,0.7785432779001158,11.816145241031814,0.015734650479548366,6,10
/home/kevin/Documents/Dev/ca-friend-foe-analysis/frames/jud_suess/frame_106228.png,118.36962830821662,68.95880977765323,0.5825718193508028,0.3947893924064114,0.2574984024708451,0.0,0.0,0.0,0.0,0.10315711699238511,0.3877070131529905,0.6983946920266588,0.7370074937691142,26.63238042511376,0.014828769553476577,27,47
/home/kevin/Documents/Dev/ca-friend-foe-analysis/frames/jud_suess/frame_106403.png,95.81404760636882,64.41026925512688,0.6722424404041276,0.4944618989296555,0.1524874860216199,0.0,0.0,0.0,0.0,0.039079556951914375,17.77404281378135,0.7446077648270022,0.7234134081770522,15.420694149215128,0.015507735683653228,9,21
/home/kevin/Documents/Dev/ca-friend-foe-analysis/frames/jud_suess/frame_106515.png,98.74970711965493,60.073766241875276,0.6083437402831947,0.4951175515203152,0.1609876724000213,0.0,0.0,0.0,0.0,0.08074178603759519,10.871092709941962,0.7274624658958849,0.7842566634194015,20.463538161397704,0.01686595011655248,24,30
/home/kevin/Documents/Dev/ca-friend-foe-analysis/frames/jud_suess/frame_106628.png,70.7743257095692,52.66481407156886,0.7441231473299066,0.6473753927259173,0.05405639277916822,0.0,0.0,0.0,0.0,0.03707931732254113,18.809824138665533,0.7959389608125054,0.7745645427882,13.509363402597385,0.018947594833655084,2,17
/home/kevin/Documents/Dev/ca-friend-foe-analysis/frames/jud_suess/frame_106700.png,86.69182331327546,54.234514918736195,0.6256012710701739,0.5570684008733159,0.09435406571169924,0.0,0.0,0.0,0.0,0.07140955322434635,9.514231322221633,0.7511657786284012,0.8052916326017068,18.493690475949684,0.0186436724712023,11,25
/home/kevin/Documents/Dev/ca-friend-foe-analysis/frames/jud_suess/frame_107192.png,64.90427472176367,48.81515557493532,0.7521100221670861,0.6813628254965653,0.035674822940518665,0.0,0.0,0.0,0.0,0.026968289046275094,19.01552931466,0.8193525517134805,0.7996702094224984,12.192676653731437,0.020366321473337903,2,16
/home/kevin/Documents/Dev/ca-friend-foe-analysis/frames/jud_suess/frame_107632.png,89.58355410298738,57.00907262388267,0.6363787765632274,0.5470505617977528,0.11902257841205602,0.0,0.0,0.0,0.0,0.0738258160711433,3.5824291762074694,0.7250528855239844,0.7957351453281669,19.373687619618504,0.017736152065244502,13,32
/home/kevin/Documents/Dev/ca-friend-foe-analysis/frames/jud_suess/frame_107761.png,78.91445231375472,48.25395834665011,0.6114717503664701,0.6005378348154854,0.04235781990521327,0.0,0.0,0.0,0.0,0.020448373182810585,26.46959369508494,0.8340110302601258,0.8203689143797462,10.600187138288222,0.020563785389580858,6,4
/home/kevin/Documents/Dev/ca-friend-foe-analysis/frames/jud_suess/frame_108608.png,83.93209835454498,43.65476438405622,0.5201200159161788,0.5647731508600032,0.03638039831726929,0.0,0.0,0.0,0.0,0.022961153416049842,13.983525480590018,0.7972550168158217,0.8072893271478675,11.68363857740065,0.02274712175915363,9,7
/home/kevin/Documents/Dev/ca-friend-foe-analysis/frames/jud_suess/frame_108726.png,112.76211792427712,29.60024411122132,0.2625016683781031,0.17858379040417488,0.009388811970818468,0.0,0.0,0.0,0.0,0.004582911763139678,8.399951408488207,0.866709554581724,0.8869437231200058,6.153014981142906,0.0330724335179603,9,2
/home/kevin/Documents/Dev/ca-friend-foe-analysis/frames/jud_suess/frame_108788.png,85.30677552052825,52.66987299410519,0.617417228713433,0.5438188934448054,0.08228606422067203,0.0,0.0,0.0,0.0,0.07329663453858033,28.246741706161146,0.7877393552873516,0.8118652301433913,17.593915558484554,0.019209787637233137,16,30
/home/kevin/Documents/Dev/ca-friend-foe-analysis/frames/jud_suess/frame_109005.png,74.59482333990096,53.30997386514578,0.7146605006458149,0.6662129240108632,0.08437949305074817,0.0,0.0,0.0,0.0,0.02945777197933862,17.98973920336546,0.8242945812437548,0.7585745289116232,11.654575506240661,0.018642789472543594,4,10
/home/kevin/Documents/Dev/ca-friend-foe-analysis/frames/jud_suess/frame_109127.png,80.18860495766548,49.8480055358058,0.6216345265011026,0.5820397784759572,0.05677219234251025,0.0,0.0,0.0,0.0,0.06612106608445605,29.852984051333934,0.8386229037650526,0.8196563171836709,15.795917145371206,0.02026078824446765,13,19
/home/kevin/Documents/Dev/ca-friend-foe-analysis/frames/jud_suess/frame_109604.png,62.656544544437935,46.004466670397875,0.7342324242657023,0.7309527930134725,0.014071569306139836,0.0,0.0,0.0,0.0,0.012563901166196283,20.902138026518983,0.7882764853105628,0.8145920714523628,8.629709773278412,0.02144499735554181,5,5
/home/kevin/Documents/Dev/ca-friend-foe-analysis/frames/jud_suess/frame_109688.png,66.28646360296075,46.7013289942419,0.7045379461411205,0.6966724798977582,0.030629293359603814,0.0,0.0,0.0,0.0,0.020857740028755525,29.464588103732893,0.8466719186742805,0.8294162544937034,10.002663883015734,0.021199654766526962,2,2
/home/kevin/Documents/Dev/ca-friend-foe-analysis/frames/jud_suess/frame_110054.png,63.263762048032376,52.29386282921915,0.8266005854481986,0.7077919484530593,0.04271393577932797,0.0,0.0,0.0,0.0,0.010360642206720273,20.468571942062937,0.786705033469802,0.8054472350738048,8.461594072925317,0.018883601242381108,3,3
/home/kevin/Documents/Dev/ca-friend-foe-analysis/frames/jud_suess/frame_110226.png,71.03215693061398,49.096146048929825,0.6911819674541207,0.6423132222163055,0.03190398849779009,0.0,0.0,0.0,0.0,0.018498056339528196,32.65655120080942,0.8443585293961027,0.7950380013552895,10.141571760865908,0.020158700555988715,5,4
/home/kevin/Documents/Dev/ca-friend-foe-analysis/frames/jud_suess/frame_110823.png,120.78331846743703,39.35729181107125,0.32585039290087786,0.1974279780605996,0.09278649022844666,0.0,0.0,0.0,0.0,0.016065152564034294,4.457069732147616,0.8794686440527539,0.8262169413268263,9.203043125643482,0.025122599535041017,16,6
/home/kevin/Documents/Dev/ca-friend-foe-analysis/frames/jud_suess/frame_111717.png,66.48034373502317,43.06739889664245,0.6478215426129263,0.6905319772085841,0.020857740028755525,0.0,0.0,0.0,0.0,0.020375153096544012,7.687583204643474,0.8347016222751947,0.8339006650106658,8.742259242307112,0.023038224736874606,6,9
/home/kevin/Documents/Dev/ca-friend-foe-analysis/frames/jud_suess/frame_111720.png,70.22266893870813,44.19995917313137,0.6294257933825825,0.6421168592576815,0.025540497364076896,0.0,0.0,0.0,0.0,0.024788327386974812,10.33241919165026,0.830059703736652,0.8306197264570667,9.186719773636561,0.02246690672906744,7,7
/home/kevin/Documents/Dev/ca-friend-foe-analysis/frames/jud_suess/frame_112451.png,68.89966851270036,55.278399937984254,0.8023028419587308,0.660967703285585,0.06362159859417435,0.0,0.0,0.0,0.0,0.047729511688588314,34.48191463869216,0.7975861647710365,0.8323274120340931,13.582410236896802,0.01815536980681727,7,22
/home/kevin/Documents/Dev/ca-friend-foe-analysis/frames/jud_suess/frame_112771.png,61.00475930560733,41.56078730562235,0.6812712272053029,0.7193573938974386,0.014091538420576175,0.0,0.0,0.0,0.0,0.014966851270035678,6.982460461153416,0.8324359500443236,0.8344562501500947,11.441615636791777,0.023869056791239254,1,6
/home/kevin/Documents/Dev/ca-friend-foe-analysis/frames/jud_suess/frame_115146.png,98.7398357207519,54.70790989884793,0.5540611795037046,0.42242997497204327,0.1069545769210288,0.0,0.0,0.0,0.0,0.0680813674849566,-5.389657329996268,0.7724534288927244,0.7468632567250235,19.442289007698697,0.01851507355250054,18,23
/home/kevin/Documents/Dev/ca-friend-foe-analysis/frames/jud_suess/frame_115915.png,45.14303543852175,45.14752002167313,1.0000993394240747,0.8743210501091645,0.04467756536556792,0.0,0.0,0.0,0.0,0.03581460674157303,19.08932517705948,0.8495833111454284,0.8747671575153305,11.029310124789648,0.02238913815121276,1,9
/home/kevin/Documents/Dev/ca-friend-foe-analysis/frames/jud_suess/frame_116030.png,36.936937536610046,26.723467365589197,0.7234889808272095,0.9426553597103147,0.0041202939453645025,0.0,0.0,0.0,0.0,0.011914904947015283,4.9898024388945075,0.8995405798508764,0.935813053588228,6.005010507666695,0.037229951463856256,1,2
/home/kevin/Documents/Dev/ca-friend-foe-analysis/frames/jud_suess/frame_116591.png,86.63253168432824,84.1310766363579,0.9711256834303572,0.6668486074870866,0.23018398210767346,0.0,0.0,0.0,0.0,0.03208371052771713,31.84733944831993,0.708267396100567,0.638761669532822,15.119924486104946,0.01188170454338556,2,11
/home/kevin/Documents/Dev/ca-friend-foe-analysis/frames/jud_suess/frame_116790.png,51.43258426966292,48.4220572898218,0.9414665407788286,0.8227275147771447,0.0478959209755578,0.0,0.0,0.0,0.0,0.0599372969806699,13.474972043239795,0.8476635875075309,0.83243856038608,18.417660426304582,0.021477376919630854,2,28
/home/kevin/Documents/Dev/ca-friend-foe-analysis/frames/jud_suess/frame_119888.png,64.55774069439268,65.99552924434253,1.022271356343293,0.7447314819745461,0.11117138825283561,0.0,0.0,0.0,0.0,0.029830528782150274,32.56629413174289,0.7621327379665855,0.7578183129047987,12.345679323839223,0.015162903882264035,4,16
/home/kevin/Documents/Dev/ca-friend-foe-analysis/frames/jud_suess/frame_120580.png,60.358219287501996,55.252339413298735,0.9154070476893408,0.7641813994355396,0.06911310506416742,0.0,0.0,0.0,0.0,0.03817429043080036,23.410072421321686,0.7974589889206655,0.8294503977638769,13.700661843610508,0.018242754110449164,1,15
/home/kevin/Documents/Dev/ca-friend-foe-analysis/frames/jud_suess/frame_120814.png,64.46310040470739,63.25700232288101,0.9812900997255274,0.767795809148517,0.10142646040790244,0.0,0.0,0.0,0.0,0.07141620959582512,35.60098713989029,0.7967438335896688,0.7806329608897715,22.4441110023356,0.016345197772007707,2,24
/home/kevin/Documents/Dev/ca-friend-foe-analysis/frames/jud_suess/frame_121038.png,60.306805474199905,62.99640079301337,1.0445985356578746,0.7834382821236487,0.0965074018850844,0.0,0.0,0.0,0.0,0.027081447361414344,35.98040364236647,0.7886029868574513,0.8068706805369786,11.697832483356866,0.01587886475611238,2,6
/home/kevin/Documents/Dev/ca-friend-foe-analysis/frames/jud_suess/frame_122042.png,68.5683642632728,55.732448675854876,0.8128011976570757,0.7138159646413547,0.08487206454017786,0.0,0.0,0.0,0.0,0.027454204164225997,16.934338223547584,0.7896837988616822,0.7719393742906396,12.542399972865619,0.017914080357490803,7,17
/home/kevin/Documents/Dev/ca-friend-foe-analysis/frames/jud_suess/frame_123106.png,69.60054781937271,58.04197028942741,0.8339297897002896,0.6880092124181266,0.08832672133766441,0.0,0.0,0.0,0.0,0.03713256829437137,13.058153389424348,0.7957363460853749,0.7375592417061612,14.143144761728848,0.01725904428468332,4,19
/home/kevin/Documents/Dev/ca-friend-foe-analysis/frames/jud_suess/frame_125072.png,49.94787395494968,49.708619984864846,0.9952099248544268,0.8415650460620906,0.05522125778795463,0.0,0.0,0.0,0.0,0.022841338729431813,19.882801267373132,0.8598773765856521,0.8301177055304789,8.964093252962446,0.020025028844241788,1,7
/home/kevin/Documents/Dev/ca-friend-foe-analysis/frames/jud_suess/frame_125519.png,42.426490361574096,40.324098795746785,0.9504462508457667,0.8746106022684914,0.024891501144895894,0.0,0.0,0.0,0.0,0.03144802705149369,11.910215533308488,0.8720602331139602,0.8719372860172345,10.06081025064298,0.02523344218491102,1,9
/home/kevin/Documents/Dev/ca-friend-foe-analysis/frames/jud_suess/frame_126151.png,55.78240987273018,54.68553735320692,0.9803365860302651,0.7843435486447627,0.07276412482027797,0.0,0.0,0.0,0.0,0.02805327759731615,3.985482453804785,0.8063758119468033,0.8365507361685821,10.842583149655058,0.0182817506592324,3,19
/home/kevin/Documents/Dev/ca-friend-foe-analysis/frames/jud_suess/frame_126604.png,58.58164705255871,54.13318792540863,0.9240639441979948,0.8135750039938229,0.07234810160285425,0.0,0.0,0.0,0.0,0.033118776292667344,24.073379839182067,0.8423527427904971,0.8551753157730423,10.625237831652203,0.018497861261760347,4,8
/home/kevin/Documents/Dev/ca-friend-foe-analysis/frames/jud_suess/frame_126700.png,57.4122956493956,54.72301649990867,0.953158479130923,0.7859410777996698,0.07215839501570903,0.0,0.0,0.0,0.0,0.01769596357633527,33.55492837744289,0.8214461502157708,0.8554606783338502,8.38504679677152,0.01812818943901357,5,3
/home/kevin/Documents/Dev/ca-friend-foe-analysis/frames/jud_suess/frame_126931.png,58.94648277331061,50.8608895676021,0.862831624355158,0.7944013259491985,0.06160804622184355,0.0,0.0,0.0,0.0,0.02637587198466372,27.608844986420998,0.8613220441273053,0.8667795378442127,9.622625257189078,0.01957697575495939,7,4
/home/kevin/Documents/Dev/ca-friend-foe-analysis/frames/jud_suess/frame_127032.png,56.52393964002343,56.56473582333146,1.0007217487580602,0.7969507162255711,0.0796634538580329,0.0,0.0,0.0,0.0,0.017073592843069387,38.51088649555355,0.8256038242550868,0.8682997747797132,8.599125814982207,0.017534372317501924,4,1
/home/kevin/Documents/Dev/ca-friend-foe-analysis/frames/jud_suess/frame_127148.png,59.33422972469248,53.10992089865194,0.8950975019911654,0.8073978912615155,0.06841418605889557,0.0,0.0,0.0,0.0,0.022804728686298525,32.60647531817456,0.8333068122610885,0.8439952742372843,9.340591933534123,0.01874041524106908,3,9
/home/kevin/Documents/Dev/ca-friend-foe-analysis/frames/jud_suess/frame_128199.png,81.11478912615155,55.42247903676875,0.6832598539120712,0.6139138133020927,0.08563421907449811,0.0,0.0,0.0,0.0,0.03567149475477927,1.9983159380158781,0.7952191068663473,0.7725173822657557,15.483565865982996,0.018063501769923856,5,16
/home/kevin/Documents/Dev/ca-friend-foe-analysis/frames/jud_suess/frame_128448.png,74.23330914851697,57.426428963048586,0.7735938158273047,0.7089401725331488,0.0985176260716758,0.0,0.0,0.0,0.0,0.028156451355237234,0.4525766813994352,0.7722662934922092,0.840468415386816,12.314629154608392,0.017357238633890718,5,9
/home/kevin/Documents/Dev/ca-friend-foe-analysis/frames/jud_suess/frame_128993.png,53.27485156291603,46.43330195105749,0.8715801264891957,0.8224978699611268,0.03769835987006763,0.0,0.0,0.0,0.0,0.034110575643005486,20.522368736354437,0.8853071954592583,0.8530648805664233,12.349692205430093,0.021702629083893994,1,16
/home/kevin/Documents/Dev/ca-friend-foe-analysis/frames/jud_suess/frame_129040.png,55.71470459023377,47.57955497452833,0.8539855903224153,0.8090153895308589,0.04082685446509399,0.0,0.0,0.0,0.0,0.03126164865008786,19.82665810213536,0.8815858922513571,0.8517538103158618,12.009994499882668,0.02117876950279108,1,13
/home/kevin/Documents/Dev/ca-friend-foe-analysis/frames/jud_suess/frame_129093.png,72.24247830022898,63.48859446247317,0.8788263618357803,0.6751224772352096,0.09785531710953725,0.0,0.0,0.0,0.0,0.014005005591352043,20.07823899036157,0.7431039991479844,0.8350118352895235,10.435692640753539,0.015616483655746695,9,11
/home/kevin/Documents/Dev/ca-friend-foe-analysis/frames/jud_suess/frame_129127.png,85.752822301507,69.34163882864041,0.8086222340761327,0.6024515416156345,0.16954776612173172,0.0,0.0,0.0,0.0,0.010507082379253421,71.79791256190427,0.7749915685961268,0.8321900558508722,9.562719199721437,0.01427847550142863,5,10
/home/kevin/Documents/Dev/ca-friend-foe-analysis/frames/jud_suess/frame_129275.png,63.53749534053996,64.55657322188239,1.0160389982997693,0.7423118909420097,0.10145641407955695,0.0,0.0,0.0,0.0,0.018381569838649556,33.6467397092497,0.8178672150472629,0.8364362465791472,9.272559170937209,0.015380449525229165,4,8
/home/kevin/Documents/Dev/ca-friend-foe-analysis/frames/jud_suess/frame_129360.png,67.52878880664572,62.57926692283615,0.9267050088718166,0.7477601309973907,0.10531378135150966,0.0,0.0,0.0,0.0,0.021074072101815857,42.297187017413066,0.7743741705639069,0.7778115730023838,12.34021061018437,0.015906684282848926,4,18
/home/kevin/Documents/Dev/ca-friend-foe-analysis/frames/jud_suess/frame_129463.png,59.06891008573407,61.24622675945192,1.0368606186718459,0.7676460407902445,0.09019383353746206,0.0,0.0,0.0,0.0,0.01752622610362639,49.61418006816124,0.8684004295578394,0.8801213339055203,8.486493822899988,0.016215936652850114,1,9
/home/kevin/Documents/Dev/ca-friend-foe-analysis/frames/jud_suess/frame_129622.png,70.3310879173545,63.1815693275587,0.8983448302686343,0.726772591724799,0.1109151179509026,0.0,0.0,0.0,0.0,0.028785478459981896,53.20260663507109,0.8243236865543384,0.8195422713523346,13.776102518064906,0.01581426199760605,13,10
/home/kevin/Documents/Dev/ca-friend-foe-analysis/frames/jud_suess/frame_130427.png,59.83580062836147,44.14640962810243,0.7377925771983118,0.8118243782949038,0.04118962671068747,0.0,0.0,0.0,0.0,0.030199957399222536,23.351429788593634,0.8305439743392964,0.8454576921028809,12.696792652838349,0.022850534903464316,1,10
/home/kevin/Documents/Dev/ca-friend-foe-analysis/frames/jud_suess/frame_131026.png,121.18427498801853,72.47189486528357,0.5980305185028818,0.37592190744981097,0.2382481761542148,0.0,0.0,0.0,0.0,0.018654481069279513,26.913839927578692,0.7211310297589402,0.6409472303751896,12.037076842685753,0.013713990755529966,19,9
/home/kevin/Documents/Dev/ca-friend-foe-analysis/frames/jud_suess/frame_131198.png,96.3969260876511,74.43907357224123,0.7722141827150628,0.555480856275627,0.19508160711432984,0.0,0.0,0.0,0.0,0.04526332605570051,59.683096810266804,0.7380054796294151,0.7623644580042997,17.13531587827495,0.013458902249583883,7,22
/home/kevin/Documents/Dev/ca-friend-foe-analysis/frames/jud_suess/frame_131283.png,99.45002396293732,74.38175265078375,0.7479309668513603,0.5229544970445711,0.20915650460620908,0.0,0.0,0.0,0.0,0.03772831354172214,39.24896160604932,0.7631919885479086,0.6635690263112007,16.818938011061938,0.013460949601799096,12,15
/home/kevin/Documents/Dev/ca-friend-foe-analysis/frames/jud_suess/frame_131366.png,69.21738710793971,61.98734097114234,0.8955458082363439,0.7283601363224879,0.10306059960594281,0.0,0.0,0.0,0.0,0.05238231535225518,47.00082206187763,0.7939620967935606,0.7994816644374348,18.010479062469845,0.016373356745558315,6,23
/home/kevin/Documents/Dev/ca-friend-foe-analysis/frames/jud_suess/frame_131502.png,98.56508932850525,75.00016683173669,0.7609201926016462,0.5430134724958731,0.21246139304542308,0.0,0.0,0.0,0.0,0.03944565738324724,38.68573606155812,0.7547617593285784,0.6803113145785499,16.919750509948695,0.01334990743372346,10,12
/home/kevin/Documents/Dev/ca-friend-foe-analysis/frames/jud_suess/frame_131808.png,89.1414345811811,67.72198848655279,0.7597139167522258,0.5845459023377176,0.1444399329037755,0.0,0.0,0.0,0.0,0.0562363544384685,37.380584695670706,0.7545308746002262,0.7808218713226811,17.14229161952378,0.014855325213067863,13,20
/home/kevin/Documents/Dev/ca-friend-foe-analysis/frames/jud_suess/frame_131955.png,98.94279181532563,70.30759272711106,0.7105883244863322,0.5406704297353426,0.18492398423771234,0.0,0.0,0.0,0.0,0.018741013898503647,31.848570877043514,0.7719316476790408,0.7218181500194731,12.146770182373185,0.014134854671099522,5,11
/home/kevin/Documents/Dev/ca-friend-foe-analysis/frames/jud_suess/frame_132028.png,109.78343162575217,76.54453470912601,0.6972321187803676,0.4909872730177326,0.25160751371212525,0.0,0.0,0.0,0.0,0.02249187922679589,34.3088922466585,0.6689879130735312,0.7417069181365501,12.237828460815281,0.012978794197549662,8,4
/home/kevin/Documents/Dev/ca-friend-foe-analysis/frames/jud_suess/frame_132189.png,97.7362612492678,67.3283321711652,0.6888777127514875,0.5171102028862027,0.16235555673891047,0.0,0.0,0.0,0.0,0.0157057085041802,27.145494967783165,0.7676992656586571,0.7284101765739578,11.714554468478134,0.014748319473477033,7,7
/home/kevin/Documents/Dev/ca-friend-foe-analysis/frames/jud_suess/frame_132350.png,97.96420536237287,69.55004326086627,0.7099536298243116,0.5817668672453272,0.2009392140156558,0.0,0.0,0.0,0.0,0.015652457532349964,22.73334243037435,0.7534348704069731,0.7886942705086721,11.57927248356092,0.014282565467754969,7,5
/home/kevin/Documents/Dev/ca-friend-foe-analysis/frames/jud_suess/frame_132472.png,97.41822314819746,67.84130034028414,0.6963922978500783,0.5196962032057085,0.16145029021779647,0.0,0.0,0.0,0.0,0.018428164439001013,32.47736500878642,0.7687026549263936,0.7189572154544761,12.167207379668064,0.014661794185483381,10,8
/home/kevin/Documents/Dev/ca-friend-foe-analysis/frames/jud_suess/frame_132751.png,86.34111906917302,70.14391579606784,0.8124045237198156,0.622463922466585,0.1586479578252303,0.0,0.0,0.0,0.0,0.04645148836466265,62.81113877203258,0.7542897312287714,0.780377016880558,16.46795526786989,0.014303142713535008,14,21
/home/kevin/Documents/Dev/ca-friend-foe-analysis/frames/jud_suess/frame_133543.png,76.23214428350818,46.56606103209719,0.6108454826855316,0.6556492624740402,0.055577373662069336,0.0,0.0,0.0,0.0,0.03231335534373502,0.7855749773683272,0.8149416223169602,0.8539132416372481,13.024515618263987,0.02159282274400643,1,10
/home/kevin/Documents/Dev/ca-friend-foe-analysis/frames/jud_suess/frame_135144.png,78.49407582938389,63.7970376710324,0.8127624526521788,0.7162155865594547,0.12345572181692316,0.0,0.0,0.0,0.0,0.04096663826614836,1.6054369242238664,0.7892632989081463,0.7301850001409584,14.12704452627125,0.0157057584857645,10,5
/home/kevin/Documents/Dev/ca-friend-foe-analysis/frames/jud_suess/frame_135205.png,82.05610322700889,61.530300219966115,0.7498564728909486,0.5980683209968581,0.0967337185153629,0.0,0.0,0.0,0.0,0.04245766547739496,46.62898383833004,0.8411427710761603,0.8179268613563963,13.877554237899545,0.01628231695402579,6,10
/home/kevin/Documents/Dev/ca-friend-foe-analysis/frames/jud_suess/frame_135276.png,75.98965267053623,58.577965465423055,0.7708676553939423,0.7034886042920283,0.09908674583311146,0.0,0.0,0.0,0.0,0.041861920230044196,19.369458570743916,0.7752851537334674,0.808500812860423,13.71071065323902,0.0170984951917403,9,14
/home/kevin/Documents/Dev/ca-friend-foe-analysis/frames/jud_suess/frame_135644.png,121.61793426167527,83.14236237274254,0.6836357056146704,0.43641501144895894,0.33351416475850687,0.0,0.0,0.0,0.0,0.0392958890249747,-11.294248229405184,0.6564019936746199,0.6137035372219073,15.113731046599627,0.012010311590156853,8,14
/home/kevin/Documents/Dev/ca-friend-foe-analysis/frames/jud_suess/frame_135765.png,74.47872290856809,58.226023128339556,0.7817806317871642,0.6632574950742851,0.08165038074444858,0.0,0.0,0.0,0.0,0.04032097023270675,29.570960248149518,0.8380323922529234,0.787284007271368,12.87854639544988,0.017256484144343102,6,8
/home/kevin/Documents/Dev/ca-friend-foe-analysis/frames/jud_suess/frame_135809.png,73.33469899888173,57.80097461571357,0.7881804292641459,0.6706660365301667,0.07987978593109324,0.0,0.0,0.0,0.0,0.037771579956334206,32.499890169870596,0.841217896711909,0.7890020820085849,12.46818840059228,0.01737021056759164,3,6
/home/kevin/Documents/Dev/ca-friend-foe-analysis/frames/jud_suess/frame_136292.png,74.13041828638373,57.62733504474091,0.7773777121339693,0.6562250386069546,0.07563967729911071,0.0,0.0,0.0,0.0,0.03590446775653656,34.38477155333085,0.8635829655361799,0.771568053175794,11.925083713441822,0.017383709598884863,3,7
/home/kevin/Documents/Dev/ca-friend-foe-analysis/frames/jud_suess/frame_136602.png,88.05152031524575,64.89177731739971,0.736975091530208,0.6186531497949838,0.14389411044251557,0.0,0.0,0.0,0.0,0.0828119175674956,28.603466638266156,0.7689926377921104,0.7739330750139131,21.490522147020183,0.015800528722892365,13,17
/home/kevin/Documents/Dev/ca-friend-foe-analysis/frames/jud_suess/frame_136709.png,78.44959462697695,58.90057542780739,0.7508078994263164,0.6099299749720433,0.07758000958517493,0.0,0.0,0.0,0.0,0.03822088503115182,36.21384591831301,0.8474123421134789,0.7538875558743653,12.116676707427173,0.01702231531680629,6,11
/home/kevin/Documents/Dev/ca-friend-foe-analysis/frames/jud_suess/frame_136995.png,82.75302864902284,65.86813012732554,0.7959603548420375,0.6483971457479099,0.13364329836519517,0.0,0.0,0.0,0.0,0.04619854624846904,31.998888385963056,0.7471060707152024,0.8105369577406553,15.906832094555822,0.015219808751159077,1,16
/home/kevin/Documents/Dev/ca-friend-foe-analysis/frames/jud_suess/frame_137197.png,82.30188974386283,46.312861447627654,0.5627192952128931,0.48472362745620107,0.02195271313701475,0.0,0.0,0.0,0.0,0.013925129133606688,-0.5288720112892094,0.8356486281609934,0.8414339285956675,7.575892632653663,0.021356844545172764,2,2
/home/kevin/Documents/Dev/ca-friend-foe-analysis/frames/jud_suess/frame_137282.png,52.75002995367166,45.90301900240296,0.8701989165825675,0.8225910591618297,0.03443673784546568,0.0,0.0,0.0,0.0,0.028675648330582032,32.518434820810484,0.8667448986091055,0.8653190777349333,11.053353789823735,0.021819878955457644,1,6
/home/kevin/Documents/Dev/ca-friend-foe-analysis/frames/jud_suess/frame_137707.png,66.15574245167474,59.52271914521808,0.8997362413206148,0.7257208850311518,0.0885596943394217,0.0,0.0,0.0,0.0,0.032286729857819906,23.749098061664625,0.7932547985912508,0.7799932183321169,11.29042923144236,0.01677731396187863,4,12
/home/kevin/Documents/Dev/ca-friend-foe-analysis/frames/jud_suess/frame_137909.png,70.5930194632302,62.347518777726066,0.8831966554693325,0.7006995846424198,0.09834788859896693,0.0,0.0,0.0,0.0,0.03431026678736887,23.403758852974065,0.7618610535965811,0.7540138442085391,11.637486555389799,0.016022176634202967,4,5
/home/kevin/Documents/Dev/ca-friend-foe-analysis/frames/jud_suess/frame_138036.png,83.37419125086532,66.11125135299692,0.7929462377005803,0.5562796208530806,0.14125153096544013,0.0,0.0,0.0,0.0,0.051347249587304966,50.388695484317594,0.7694637783757201,0.7662300348010763,14.805458476575703,0.01513822957984224,10,12
/home/kevin/Documents/Dev/ca-friend-foe-analysis/frames/jud_suess/frame_138090.png,64.47133433622663,63.961715221740064,0.9920954138929656,0.6983166036530166,0.09818813568347623,0.0,0.0,0.0,0.0,0.06579490388199585,53.97190012780234,0.8023575823641135,0.7880826674351513,15.607828736797986,0.015728921855215686,8,8
/home/kevin/Documents/Dev/ca-friend-foe-analysis/frames/jud_suess/frame_138356.png,80.04415836839023,60.725801848145835,0.7586537607504077,0.5936285212205122,0.09825802758400341,0.0,0.0,0.0,0.0,0.06841085787315619,30.354012460727404,0.7926296478440144,0.7848225333053505,20.022854234548742,0.01664600861160227,9,20
/home/kevin/Documents/Dev/ca-friend-foe-analysis/frames/jud_suess/frame_138535.png,86.33557763991693,71.93393087853013,0.8331898941503435,0.63105396985995,0.19182331327546728,0.0,0.0,0.0,0.0,0.01647784759571862,42.99139663986368,0.8028731248609993,0.6729438860053314,10.327748305410028,0.013786668030834401,5,2
/home/kevin/Documents/Dev/ca-friend-foe-analysis/frames/jud_suess/frame_138922.png,69.20246019489856,55.62131500616483,0.8037476524554301,0.6259318920070291,0.05462551254060387,0.0,0.0,0.0,0.0,0.046235156291602325,27.335001863784,0.8120135758654066,0.7979027470192508,14.604486206325811,0.01814194694297232,4,16
/home/kevin/Documents/Dev/ca-friend-foe-analysis/frames/jud_suess/frame_138963.png,75.27366340060706,56.874333686091475,0.7555674991909063,0.5743882794611002,0.06320557537675063,0.0,0.0,0.0,0.0,0.04677432238138346,27.290543958677247,0.7950009345023488,0.795200573439877,14.860445031638683,0.01772740266394444,6,18
/home/kevin/Documents/Dev/ca-friend-foe-analysis/frames/jud_suess/frame_139102.png,84.7218801586879,67.03714794958194,0.791261333493688,0.5592250652324405,0.1589108844986421,0.0,0.0,0.0,0.0,0.022322141754087012,52.054079690079334,0.8057857963996078,0.7852282065177101,11.944543894347051,0.014823009811808709,7,6
/home/kevin/Documents/Dev/ca-friend-foe-analysis/frames/jud_suess/frame_140075.png,93.98230403642367,71.34538599346551,0.7591363783750327,0.5038141008573407,0.22030592683316472,0.0,0.0,0.0,0.0,0.0808982107673465,38.25464947547792,0.7842453606395964,0.7079464284782021,20.368409485153677,0.014195671909240166,12,24
/home/kevin/Documents/Dev/ca-friend-foe-analysis/frames/jud_suess/frame_140210.png,102.70252010224186,75.1149442831721,0.7313836518836705,0.463519756110549,0.25002662548591514,0.0,0.0,0.0,0.0,0.04587238404600884,37.03173092283936,0.7588278103722452,0.6025361036368326,16.17148306191541,0.01328993912714948,13,12
/home/kevin/Documents/Dev/ca-friend-foe-analysis/frames/jud_suess/frame_140536.png,70.84455375685606,65.22460915674314,0.9206721703482217,0.6646753021992652,0.11794424623249375,0.0,0.0,0.0,0.0,0.031101895734597155,28.01144230257202,0.7565321192111756,0.7524381114072979,15.044152262435889,0.015318828270278707,7,11
/home/kevin/Documents/Dev/ca-friend-foe-analysis/frames/jud_suess/frame_140853.png,133.8750266254859,78.39301914670193,0.585568653573073,0.33374048138878537,0.3609550561797753,0.0,0.0,0.0,0.0,0.023563555034879387,33.86056898663401,0.7435230634135543,0.618443369679732,15.153568335339811,0.012695152413205214,16,12
/home/kevin/Documents/Dev/ca-friend-foe-analysis/frames/jud_suess/frame_140980.png,82.90103639703925,60.9058611633972,0.7346815400260094,0.5623901698706001,0.07783295170136854,0.0,0.0,0.0,0.0,0.05223254699398264,43.875362772245595,0.7924492993320658,0.787970892601143,15.921158797908868,0.016504919492884653,10,12
/home/kevin/Documents/Dev/ca-friend-foe-analysis/frames/jud_suess/frame_141100.png,70.42459662388839,56.730301599692446,0.8055467015610078,0.6433116779381224,0.06481308908887587,0.0,0.0,0.0,0.0,0.062390169870600136,31.430733798391813,0.7868120835852312,0.8258314199528259,18.155452164435953,0.01791833782637325,14,9
/home/kevin/Documents/Dev/ca-friend-foe-analysis/frames/jud_suess/frame_141192.png,71.55094786729858,58.503727793168984,0.8176513303486539,0.6473487672400021,0.08169697534480004,0.0,0.0,0.0,0.0,0.060073752595984874,43.3194792054955,0.7938640262537733,0.7992961474488086,15.885745158687527,0.017210839715708016,13,8
/home/kevin/Documents/Dev/ca-friend-foe-analysis/frames/jud_suess/frame_141352.png,69.9087211779115,60.21992374596123,0.8614078850987144,0.6611041589008999,0.09239709249693807,0.0,0.0,0.0,0.0,0.04346943394216944,33.782037115927366,0.8127728720755036,0.8444293218645358,16.044652515910418,0.016702473534227876,9,15
/home/kevin/Documents/Dev/ca-friend-foe-analysis/frames/jud_suess/frame_141849.png,76.593239123489,70.19929963969535,0.9165208359299577,0.6231295596144629,0.1637500665637148,0.0,0.0,0.0,0.0,0.0236567442355823,43.52622943181214,0.8022130216376449,0.7263683933555316,13.617384991815237,0.0141787016128723,3,11
/home/kevin/Documents/Dev/ca-friend-foe-analysis/frames/jud_suess/frame_141874.png,78.0199824271793,65.56537491424469,0.8403664393465369,0.5996492092230683,0.11629013792001704,0.0,0.0,0.0,0.0,0.02105410298737952,23.673465040736986,0.7573581357565657,0.7123484305059156,12.84361340168166,0.015158829238173403,10,15
/home/kevin/Documents/Dev/ca-friend-foe-analysis/frames/jud_suess/frame_141980.png,63.89514218009479,54.63839462063796,0.8551259559157351,0.7043406198413121,0.046241812663081104,0.0,0.0,0.0,0.0,0.023793199850897277,26.807224825603065,0.7676951935255172,0.7851721624802006,10.577873325079228,0.018157163664663356,3,4
/home/kevin/Documents/Dev/ca-friend-foe-analysis/frames/jud_suess/frame_142341.png,123.80715160551681,71.61754667966387,0.5784604983887423,0.3375778795463017,0.3355976090313648,0.0,0.0,0.0,0.0,0.055657250119814684,20.537621811598044,0.7209336879221575,0.6499617323898514,19.45286445357332,0.014022289473977267,14,19
/home/kevin/Documents/Dev/ca-friend-foe-analysis/frames/jud_suess/frame_142456.png,68.9189786463603,76.95918440667582,1.116661706348052,0.7031557857180893,0.1781910644869269,0.0,0.0,0.0,0.0,0.0701581553863358,47.31612439427019,0.7178229958579097,0.8028404172787919,22.511453477516874,0.01330747195288422,1,34
/home/kevin/Documents/Dev/ca-friend-foe-analysis/frames/jud_suess/frame_142722.png,30.6362292986847,38.22285860282963,1.2476358661967273,0.9074265136588743,0.01285678151126258,0.0,0.0,0.0,0.0,0.018914079556951915,24.205508813035838,0.8866245566334527,0.9092064143405911,8.589727232760891,0.026050119812053168,1,3
/home/kevin/Documents/Dev/ca-friend-foe-analysis/frames/jud_suess/frame_143445.png,112.59783867618084,75.56299729700953,0.6710874570799868,0.44163693487406147,0.27804994941157674,0.0,0.0,0.0,0.0,0.022235608924862878,15.067332525693587,0.7311362869872375,0.6664228346432028,14.783378363228499,0.013164731587186796,7,5
/home/kevin/Documents/Dev/ca-friend-foe-analysis/frames/jud_suess/frame_144741.png,58.73260690132595,57.7772140007719,0.98373317566965,0.7776139570797167,0.08248575536503541,0.0,0.0,0.0,0.0,0.03611414345811811,59.92934261675275,0.882852769415983,0.8554009015076289,10.938527115271743,0.01729960814781225,1,8
/home/kevin/Documents/Dev/ca-friend-foe-analysis/frames/jud_suess/frame_145085.png,32.51160538367325,25.976252376162254,0.7989839932453371,0.9490787581873369,0.007262101283348421,0.0,0.0,0.0,0.0,0.009282310027157995,3.2711572767453063,0.9289857308278229,0.9384108918075991,4.121782369594982,0.03785500510156943,1,1
/home/kevin/Documents/Dev/ca-friend-foe-analysis/frames/jud_suess/frame_145306.png,81.34342217370467,67.76268685436925,0.8330444547361322,0.6340093987965281,0.15791575696256457,0.0,0.0,0.0,0.0,0.017869029234783534,60.20595478992492,0.800902812799863,0.7772406390534274,9.595379494317063,0.01463100203645812,8,13
/home/kevin/Documents/Dev/ca-friend-foe-analysis/frames/jud_suess/frame_146036.png,66.88197587730976,53.9537401795198,0.8067007499572686,0.7329596890143245,0.07133966132381916,0.0,0.0,0.0,0.0,0.00948865754300016,18.527031524575335,0.7887439453122961,0.8594984071694602,8.551353319439462,0.01830817754607854,1,6
/home/kevin/Documents/Dev/ca-friend-foe-analysis/frames/jud_suess/frame_146384.png,63.1961100165078,59.10328598730251,0.9352361384006105,0.7537508653282923,0.0820031684328239,0.0,0.0,0.0,0.0,0.007242132168912082,6.120001065019437,0.8585100795736581,0.7016095367269864,7.406967496920775,0.01671652069331096,4,6
/home/kevin/Documents/Dev/ca-friend-foe-analysis/frames/jud_suess/frame_146654.png,109.75274242504926,62.60059232122543,0.5703783876465581,0.3979678097875286,0.1927851589541509,0.0,0.0,0.0,0.0,0.08845319239576123,12.218262420789173,0.704184899903835,0.7683576460564523,23.718247312664904,0.016425732013832014,24,30
/home/kevin/Documents/Dev/ca-friend-foe-analysis/frames/jud_suess/frame_147965.png,48.69639291229565,36.64863100539673,0.7525943655856213,0.8504646147292189,0.010620240694392673,0.0,0.0,0.0,0.0,0.007262101283348421,8.754216811331808,0.8757798657031373,0.8348532570278231,6.484734144918664,0.026847655535073955,1,5
/home/kevin/Documents/Dev/ca-friend-foe-analysis/frames/jud_suess/frame_148064.png,47.921275094520475,28.44617642863472,0.5936022427025769,0.90886761808403,0.010829916395974226,0.0,0.0,0.0,0.0,0.019852627935459822,7.751191490494705,0.8937660862310737,0.9200984307669497,8.090282547564476,0.035264620673144176,1,4
/home/kevin/Documents/Dev/ca-friend-foe-analysis/frames/jud_suess/frame_149202.png,54.77913493796262,44.92625661211784,0.8201344650838935,0.8301260716758081,0.04067375792108206,0.0,0.0,0.0,0.0,0.0408534799510091,30.654474412908037,0.8733213675267221,0.8771501646081512,14.046050992052324,0.022585301244272372,1,14
/home/kevin/Documents/Dev/ca-friend-foe-analysis/frames/jud_suess/frame_149551.png,60.56296927418926,44.70697721135013,0.738189980995274,0.7722256243676447,0.03175089195377816,0.0,0.0,0.0,0.0,0.03133819692209383,15.71203205708504,0.8383198691905539,0.8309237268580152,12.388953714819827,0.022515245968840494,3,16
/home/kevin/Documents/Dev/ca-friend-foe-analysis/frames/jud_suess/frame_149798.png,71.53355144043879,58.4194816233236,0.8166724615972459,0.7083677245859737,0.09614462963949091,0.0,0.0,0.0,0.0,0.06234690345598807,5.93544318121306,0.8008476040717155,0.7572497282634232,19.853376187301187,0.01742356409480815,11,27
/home/kevin/Documents/Dev/ca-friend-foe-analysis/frames/jud_suess/frame_149919.png,60.078555168006815,32.48017880120269,0.5406284930839393,0.7895388465839501,0.0031817455668565952,0.0,0.0,0.0,0.0,0.006486634006070611,-4.166845279301349,0.8884515087253284,0.8966710050546658,7.624736242863963,0.030308200237040495,1,3
/home/kevin/Documents/Dev/ca-friend-foe-analysis/frames/jud_suess/frame_150601.png,48.97518504712711,37.879804858606335,0.7734489363299194,0.8698313275467278,0.021283747803397413,0.0,0.0,0.0,0.0,0.01872770115554609,3.0708237925342132,0.8581057376355943,0.8651211877263819,8.89040252082885,0.02630735753543086,3,6
/home/kevin/Documents/Dev/ca-friend-foe-analysis/frames/jud_suess/frame_150706.png,60.905665903402735,46.272910060891725,0.7597472139670307,0.7909499973374514,0.04167554182863837,0.0,0.0,0.0,0.0,0.034856089248628784,-2.482134298950953,0.8338417234938067,0.8335942630953015,14.744804768293543,0.02184063070422076,1,16
/home/kevin/Documents/Dev/ca-friend-foe-analysis/frames/jud_suess/frame_151091.png,54.426553597103144,40.2917084722053,0.7402950533380883,0.7719560413227542,0.00896613238191597,0.0,0.0,0.0,0.0,0.008240587890729005,3.5750705575376784,0.8067696081041714,0.853273890630857,6.647448927770585,0.024426402757998407,7,4
/home/kevin/Documents/Dev/ca-friend-foe-analysis/frames/jud_suess/frame_151224.png,81.0944638958411,58.48027731227076,0.7211377254465842,0.6565678417381117,0.10982014484264338,0.0,0.0,0.0,0.0,0.04966318760317376,10.686807737366209,0.7799424210815377,0.7827954202075953,20.195027067934426,0.01721498257477313,6,33
/home/kevin/Documents/Dev/ca-friend-foe-analysis/frames/jud_suess/frame_151287.png,72.18525014644017,53.89837911680526,0.7466674830771717,0.7160059108578731,0.07800268917407743,0.0,0.0,0.0,0.0,0.041159673039032965,2.366203605090803,0.8372448521450222,0.7948018437365894,17.18673796922072,0.018785356462753856,5,22
/home/kevin/Documents/Dev/ca-friend-foe-analysis/frames/jud_suess/frame_151824.png,76.92053290910059,35.9756184023224,0.4676985064321651,0.635700117152138,0.017822434634432078,0.0,0.0,0.0,0.0,0.03351483039565472,2.140159886042923,0.8445356410842733,0.8878700812025113,11.20696984956997,0.028330645103237,7,9
/home/kevin/Documents/Dev/ca-friend-foe-analysis/frames/jud_suess/frame_152072.png,54.6855396985995,32.5815088224454,0.5957975169018962,0.8476456414079557,0.010676819851962298,0.0,0.0,0.0,0.0,0.01156211725863997,-10.11676606848075,0.8642581043280511,0.8728878419678218,9.025008174657597,0.030515807779153227,1,5
/home/kevin/Documents/Dev/ca-friend-foe-analysis/frames/jud_suess/frame_152151.png,83.4708417647372,62.02655947499263,0.7430925349417874,0.6443733691889877,0.12354558283188669,0.0,0.0,0.0,0.0,0.022182357953032642,14.826538287448756,0.7670814760751736,0.7814353277388488,13.535096934545182,0.016073024577300286,2,20
/home/kevin/Documents/Dev/ca-friend-foe-analysis/frames/jud_suess/frame_152178.png,79.20088596304383,59.13383604507682,0.7466309909463178,0.6624953405399648,0.1032270088929123,0.0,0.0,0.0,0.0,0.02141021886149422,11.51036064220672,0.791990192423953,0.7817760295448921,12.48884658602412,0.01684995782793457,2,14
/home/kevin/Documents/Dev/ca-friend-foe-analysis/frames/jud_suess/frame_152220.png,68.72221963363332,39.3294095336007,0.572295389846852,0.7032622876617498,0.020065631822780764,0.0,0.0,0.0,0.0,0.019449917460993664,9.605273843122632,0.8353967301815023,0.8432658142334627,10.220705536329621,0.02526680010342644,5,6
/home/kevin/Documents/Dev/ca-friend-foe-analysis/frames/jud_suess/frame_152393.png,47.27549723094946,18.504461584529125,0.3914175974710468,0.9567868363597636,0.002689174077426913,0.0,0.0,0.0,0.0,0.005850950529847169,2.519180334416106,0.9446022570058963,0.936554155716283,4.857346134030964,0.05292116049435465,1,1
/home/kevin/Documents/Dev/ca-friend-foe-analysis/frames/jud_suess/frame_152634.png,62.748216092443684,41.36069567144972,0.6591533302651955,0.7519736141434581,0.02896852867564833,0.0,0.0,0.0,0.0,0.028615740987273017,22.34513286117472,0.8574794122345674,0.844126835461806,12.034769956850349,0.024234393077529455,3,8
/home/kevin/Documents/Dev/ca-friend-foe-analysis/frames/jud_suess/frame_152683.png,63.433832339315195,44.4556878072968,0.7008198322216447,0.7294051866446563,0.03324191916502476,0.0,0.0,0.0,0.0,0.03846384259012727,21.280343069386014,0.8435171379377674,0.8372545104095208,13.95096610323948,0.022732275825342096,4,14
/home/kevin/Documents/Dev/ca-friend-foe-analysis/frames/jud_suess/frame_152754.png,69.36984464028968,54.00573126357444,0.7785188429607104,0.7443920070291283,0.0778495926300655,0.0,0.0,0.0,0.0,0.030622636988125035,19.45493303690293,0.816877556177165,0.7989106782816433,13.562666106703132,0.018558244519717982,9,7
/home/kevin/Documents/Dev/ca-friend-foe-analysis/frames/jud_suess/frame_152795.png,72.25673291975079,53.87414643728124,0.7455934441784848,0.6628248309281645,0.06714281910644869,0.0,0.0,0.0,0.0,0.013549044145055648,27.56230696522711,0.8290481179958005,0.7938561169182514,9.569884769577367,0.0183935586228924,1,9
/home/kevin/Documents/Dev/ca-friend-foe-analysis/frames/jud_suess/frame_152869.png,31.27273816497151,25.456928463380812,0.814029403107787,0.9654268065392193,0.009811491559720964,0.0,0.0,0.0,0.0,0.014051600191703498,5.048258693221154,0.938060662254145,0.9457319346078066,5.692778107344495,0.039788889302216066,1,3
/home/kevin/Documents/Dev/ca-friend-foe-analysis/frames/jud_suess/frame_152942.png,35.54012793545982,28.63873298157884,0.8058140070008982,0.946585947068534,0.013795329889770488,0.0,0.0,0.0,0.0,0.009268997284200437,14.614339821076733,0.9237601398725527,0.9298916760377935,4.475006314935356,0.03454290874445999,1,5
/home/kevin/Documents/Dev/ca-friend-foe-analysis/frames/jud_suess/frame_153090.png,44.01739642685979,32.24702292009872,0.7325972334693015,0.9169750785451835,0.015173198785877843,0.0,0.0,0.0,0.0,0.01847808722509186,-1.633017599446191,0.9107470119417914,0.8757475496721933,9.058720460941574,0.031210626491400155,1,10
/home/kevin/Documents/Dev/ca-friend-foe-analysis/frames/jud_suess/frame_153483.png,34.47437962617818,21.23243556463235,0.6158902852865389,0.9641221577293786,0.0032383247244262207,0.0,0.0,0.0,0.0,0.007821236487565898,13.105936152084773,0.9404424946931752,0.9473325439659862,4.820427784697665,0.04612406625460366,1,1
/home/kevin/Documents/Dev/ca-friend-foe-analysis/frames/jud_suess/frame_153910.png,61.47268225145109,59.7999451020497,0.9727889334674216,0.7943014803770169,0.08735156291602322,0.0,0.0,0.0,0.0,0.04508360402577347,29.047619681559183,0.7968162183665735,0.7829602110826758,15.243009255122466,0.016810145617664665,6,12
/home/kevin/Documents/Dev/ca-friend-foe-analysis/frames/jud_suess/frame_154154.png,45.27426247404015,55.72026017932612,1.2307270623834656,0.8173025720219395,0.05621305713829278,0.0,0.0,0.0,0.0,0.05274508759784866,34.32643511369083,0.8858352936999924,0.7642676059720444,14.31427912314568,0.018242026528540886,1,10
/home/kevin/Documents/Dev/ca-friend-foe-analysis/frames/jud_suess/frame_154353.png,59.528123169497846,62.45664496483662,1.0491955992309832,0.7954031098567549,0.0931659034027371,0.0,0.0,0.0,0.0,0.03805447574418233,56.85858538793333,0.8221990249851472,0.7971695542267176,13.977425837495902,0.01607671049131645,4,10
/home/kevin/Documents/Dev/ca-friend-foe-analysis/frames/jud_suess/frame_154602.png,83.60795636082858,65.53537374276937,0.7838413533462398,0.5781058629319985,0.12888732094360722,0.0,0.0,0.0,0.0,0.10489442994834655,21.40807218169232,0.7562864599484823,0.7492603596633285,26.317005041859954,0.01570151002471251,16,33
/home/kevin/Documents/Dev/ca-friend-foe-analysis/frames/jud_suess/frame_154858.png,113.63469500505884,71.27621352179963,0.6272398888024695,0.4344780073486341,0.2509618456786836,0.0,0.0,0.0,0.0,0.05808016933809042,26.162618483412317,0.7048951999991647,0.7254858890145334,21.24165328899098,0.014114163878243572,16,15
/home/kevin/Documents/Dev/ca-friend-foe-analysis/frames/jud_suess/frame_155374.png,90.09355530113424,68.84007980587573,0.7640954949482331,0.5858671920762554,0.15376218115980617,0.0,0.0,0.0,0.0,0.08412322274881516,16.260337344906546,0.7547354209802564,0.6952048544003575,22.066821539509373,0.014808289417791392,12,20
/home/kevin/Documents/Dev/ca-friend-foe-analysis/frames/jud_suess/frame_155454.png,77.24869202300442,82.10858302235339,1.0629122741859562,0.6725065232440492,0.1761109483998083,0.0,0.0,0.0,0.0,0.03194392672666276,23.372693567282596,0.8352417280880082,0.6741760195211798,11.125522253890754,0.012127930000429613,9,10
/home/kevin/Documents/Dev/ca-friend-foe-analysis/frames/jud_suess/frame_155493.png,79.85744049203898,82.33017680632099,1.0309643809762734,0.6659200436657969,0.1848773896373609,0.0,0.0,0.0,0.0,0.033375046594600354,28.579710048458395,0.8339836738785189,0.6892413198305575,11.293706854059534,0.012099347037780022,7,10
/home/kevin/Documents/Dev/ca-friend-foe-analysis/frames/jud_suess/frame_155594.png,75.03706933276533,76.81519820262598,1.0236966713026272,0.6793392885670163,0.16395974226529633,0.0,0.0,0.0,0.0,0.020984211086852333,28.091478513232857,0.83599379365144,0.7155445329524323,9.559776945623176,0.012910725344470384,8,6
/home/kevin/Documents/Dev/ca-friend-foe-analysis/frames/jud_suess/frame_155710.png,79.79144589701262,65.30879164448412,0.8184936471376802,0.6184401459076628,0.12715666435912457,0.0,0.0,0.0,0.0,0.03711592736567442,25.68954350604399,0.7118366730045764,0.7402520180552119,12.562443328071899,0.015252254367556065,7,12
/home/kevin/Documents/Dev/ca-friend-foe-analysis/frames/jud_suess/frame_155799.png,72.1375472602375,75.23713035204611,1.042967679180026,0.6958703871345652,0.15409167154800574,0.0,0.0,0.0,0.0,0.03259957931732254,20.695471004845842,0.8375389593507141,0.7055025482156225,10.657790173945632,0.013237023222312834,6,8
/home/kevin/Documents/Dev/ca-friend-foe-analysis/frames/jud_suess/frame_155887.png,86.6847708876937,72.17451396023124,0.8326089247034819,0.5722615687736301,0.16406291602321743,0.0,0.0,0.0,0.0,0.039785132328665,16.355140715693054,0.6548578199052133,0.760340372902982,13.630949880840099,0.013799079833927932,14,6
/home/kevin/Documents/Dev/ca-friend-foe-analysis/frames/jud_suess/frame_156625.png,94.7315551946323,63.76331038182002,0.6730947273430122,0.5473401139570797,0.15728340167208052,0.0,0.0,0.0,0.0,0.07472109803503914,31.4541708823686,0.8043921088324568,0.7133698050283535,18.432526780423302,0.015791163836381066,12,24
/home/kevin/Documents/Dev/ca-friend-foe-analysis/frames/jud_suess/frame_156735.png,21.032852521433515,17.874368049004207,0.8498308988667255,0.9963855902870228,0.00019303477288460513,0.0,0.0,0.0,0.0,0.0018371585281431386,13.176210793971993,0.9675254952079346,0.9336407532819827,2.350582970380127,0.05362434340115865,1,0
/home/kevin/Documents/Dev/ca-friend-foe-analysis/frames/jud_suess/frame_159408.png,76.75063901166196,62.410198462128065,0.8131554236483887,0.6178477288460514,0.10800295542893658,0.0,0.0,0.0,0.0,0.09304941690185846,16.640316310772675,0.7728195032206396,0.7243822626233517,22.8003300059051,0.016350359838193655,20,25
/home/kevin/Documents/Dev/ca-friend-foe-analysis/frames/jud_suess/frame_159475.png,62.9619022578412,59.60629509435625,0.9467041633460579,0.7210481122530487,0.07135297406677672,0.0,0.0,0.0,0.0,0.04251424463496459,27.769499840247093,0.7376547802144449,0.8472931539088824,13.931669385554814,0.01682889712047359,5,10
/home/kevin/Documents/Dev/ca-friend-foe-analysis/frames/jud_suess/frame_159853.png,89.6413913147665,63.69077966029309,0.7105063704957328,0.5619608339102189,0.1393777623941637,0.0,0.0,0.0,0.0,0.0670396453485276,37.106225704244096,0.764195743263491,0.7307220257504994,19.434151048501775,0.01584070552961531,12,15
/home/kevin/Documents/Dev/ca-friend-foe-analysis/frames/jud_suess/frame_160403.png,46.9993243782949,54.70870209072968,1.1640316684975993,0.7891760743383567,0.0462085308056872,0.0,0.0,0.0,0.0,0.0650660312050695,39.018301693380906,0.8559350557412378,0.8562001620500163,15.846878913430091,0.018704271488588668,1,17
/home/kevin/Documents/Dev/ca-friend-foe-analysis/frames/jud_suess/frame_160892.png,76.92634392140157,65.80554331905232,0.8554357308433201,0.6119901219447255,0.11214321848873741,0.0,0.0,0.0,0.0,0.09100923904361255,54.57196536024283,0.7885771183706456,0.7926891375326424,20.40685850857959,0.015432248870570662,15,23
/home/kevin/Documents/Dev/ca-friend-foe-analysis/frames/jud_suess/frame_160945.png,76.66131383460248,67.6206816249054,0.8820704753715887,0.6659167154800575,0.12129572927205921,0.0,0.0,0.0,0.0,0.04131609776878428,17.881579823206778,0.8359463637417265,0.7348840068537134,15.024941803613297,0.01479084222374765,7,3
/home/kevin/Documents/Dev/ca-friend-foe-analysis/frames/jud_suess/frame_161190.png,71.92259971244475,51.12291663465235,0.7108046256387769,0.6109251025081208,0.03826747963150327,0.0,0.0,0.0,0.0,0.029065046062090632,1.401845146173926,0.7576275230258247,0.8011192623383023,12.227244785357563,0.019539017576857904,5,16
/home/kevin/Documents/Dev/ca-friend-foe-analysis/frames/jud_suess/frame_161192.png,72.77067468981309,51.658178870813714,0.7098763206472996,0.6019223600830715,0.04035425209010064,0.0,0.0,0.0,0.0,0.029411177378987168,1.2337052026199444,0.7549680546375854,0.7990451369855147,12.496054783528072,0.019370162824015956,5,15
/home/kevin/Documents/Dev/ca-friend-foe-analysis/frames/jud_suess/frame_161299.png,79.66122730177325,70.0014047576154,0.8787387169489832,0.6185632887800202,0.14730882901112946,0.0,0.0,0.0,0.0,0.04811225304861814,7.178287581873377,0.7799864836503854,0.6913795290734643,16.27681918760308,0.014286311619476449,15,17
/home/kevin/Documents/Dev/ca-friend-foe-analysis/frames/jud_suess/frame_161347.png,86.545323233399,71.59350581427317,0.8272371406883898,0.5817801799882848,0.16744768092017678,0.0,0.0,0.0,0.0,0.04434807497736834,9.28135816603654,0.7795916172528972,0.6753901677823267,16.18598178475749,0.01394809299551579,16,17
/home/kevin/Documents/Dev/ca-friend-foe-analysis/frames/jud_suess/frame_161383.png,35.17460660844561,49.2322582032866,1.3996534093859725,0.8590746312370201,0.037708344427285795,0.0,0.0,0.0,0.0,0.027953432025134457,15.79291029873795,0.8903841535549201,0.8700195201356542,10.473984012713862,0.020243310535959885,3,9
/home/kevin/Documents/Dev/ca-friend-foe-analysis/frames/jud_suess/frame_161439.png,36.9008466904521,49.816967564114876,1.350022340869553,0.8526412482027798,0.03855370360509079,0.0,0.0,0.0,0.0,0.02652896852867565,17.38133020927632,0.8864407363669681,0.8641396992259814,10.80710332220395,0.019989810230819683,4,12
/home/kevin/Documents/Dev/ca-friend-foe-analysis/frames/jud_suess/frame_161498.png,56.353749534053996,54.825564668824356,0.972882284228587,0.788487139890303,0.06330542094893232,0.0,0.0,0.0,0.0,0.03486940199158635,16.13156651046382,0.8333610290593686,0.801809515008943,13.048098069079604,0.018249582569981472,3,7
/home/kevin/Documents/Dev/ca-friend-foe-analysis/frames/jud_suess/frame_161725.png,55.282642845731935,54.102674878540185,0.978655722586381,0.7380385004526333,0.04525334149848235,0.0,0.0,0.0,0.0,0.051876431119867936,34.89710580968103,0.8544201439029203,0.8094857731153594,15.655755007692692,0.01861686574039741,2,12
/home/kevin/Documents/Dev/ca-friend-foe-analysis/frames/jud_suess/frame_161793.png,85.64458637307631,64.62227549060329,0.7545401075749054,0.5887227754406518,0.16323419777410939,0.0,0.0,0.0,0.0,0.06510929761968155,32.3956580488844,0.7329794493014203,0.7693010496706271,19.738069520475115,0.015650458891616648,11,16
/home/kevin/Documents/Dev/ca-friend-foe-analysis/frames/jud_suess/frame_161995.png,63.60564327173971,63.86220217387887,1.0040335855207017,0.6965759625113158,0.09891368017466319,0.0,0.0,0.0,0.0,0.0738291442568827,55.35838569678897,0.8387202956159833,0.803036349531026,17.95992583654242,0.01584562326470743,12,21
/home/kevin/Documents/Dev/ca-friend-foe-analysis/frames/jud_suess/frame_162054.png,86.66355703179083,66.00558804741635,0.7616302657302708,0.5803157782629533,0.16562050694925182,0.0,0.0,0.0,0.0,0.06762873422439959,30.116556392779174,0.7063856529352248,0.757923927332262,20.422102533112433,0.015331015264896917,12,17
/home/kevin/Documents/Dev/ca-friend-foe-analysis/frames/jud_suess/frame_162742.png,43.15027757069066,47.0236211917676,1.089764046262624,0.8287149209223068,0.026578891314766494,0.0,0.0,0.0,0.0,0.06040657116992385,13.648553570477667,0.8466814464216913,0.8346995601052072,17.14075832175498,0.021745340583884627,1,12
/home/kevin/Documents/Dev/ca-friend-foe-analysis/frames/jud_suess/frame_162797.png,71.84445391128388,61.84316686954065,0.8607924956855763,0.6144496512061345,0.0817468981308909,0.0,0.0,0.0,0.0,0.032120320570850416,28.934208424303748,0.7400569994225924,0.7649469735175608,15.548941419905011,0.01610786999148752,10,19
/home/kevin/Documents/Dev/ca-friend-foe-analysis/frames/jud_suess/frame_162840.png,56.7457499068108,55.34100075710487,0.9752448553497429,0.7360715426806539,0.0555241226902391,0.0,0.0,0.0,0.0,0.04080355716491826,32.13884192449012,0.8314254084401747,0.8010192601456153,15.237210137627912,0.01810371887394254,1,18
/home/kevin/Documents/Dev/ca-friend-foe-analysis/frames/jud_suess/frame_163184.png,76.22655958783747,66.06676187286794,0.8667157765406721,0.6444765429469088,0.1112745620107567,0.0,0.0,0.0,0.0,0.027197933862292988,3.2928370786516865,0.7738565658970336,0.7542081580488844,14.272202593292535,0.01509421205041365,5,15
/home/kevin/Documents/Dev/ca-friend-foe-analysis/frames/jud_suess/frame_163549.png,65.42109204430481,59.49520411960217,0.9094193045320704,0.6825376750625699,0.07705082805261196,0.0,0.0,0.0,0.0,0.07065072687576548,36.2901944991746,0.7759512607428615,0.7593028142616544,22.722883263197147,0.017086307445670353,9,18
/home/kevin/Documents/Dev/ca-friend-foe-analysis/frames/jud_suess/frame_163677.png,57.15886761808403,59.04458091974289,1.032990737517046,0.7409040683742478,0.0721018158581394,0.0,0.0,0.0,0.0,0.036976143564620055,3.944319452580011,0.8099103713054528,0.7618448433742739,15.78104561735371,0.017086583383151773,2,16
/home/kevin/Documents/Dev/ca-friend-foe-analysis/frames/jud_suess/frame_164195.png,62.30840965972629,57.104768160543216,0.9164857260962147,0.7090732999627243,0.0661343788274136,0.0,0.0,0.0,0.0,0.060559667713935776,34.232260770009056,0.7825403115077438,0.7729952836345145,21.140722339016392,0.017730375934721238,7,15
/home/kevin/Documents/Dev/ca-friend-foe-analysis/frames/jud_suess/frame_164450.png,60.351889078225675,61.07058775505005,1.011908468593286,0.6896832898450397,0.08087824165291016,0.0,0.0,0.0,0.0,0.03600431332871825,12.723221417540877,0.7159555051585573,0.7195008713320783,14.895160936494506,0.016442604159806112,5,12
/home/kevin/Documents/Dev/ca-friend-foe-analysis/frames/jud_suess/frame_164656.png,80.60159952606635,56.01325888727428,0.6949397921025843,0.5976955641940466,0.09268331647052559,0.0,0.0,0.0,0.0,0.0992664678630385,24.343205841631615,0.7881189511855651,0.7826282539215164,25.158345788419528,0.018505332674557687,20,36
/home/kevin/Documents/Dev/ca-friend-foe-analysis/frames/jud_suess/frame_164813.png,95.50442648703338,60.48720581944836,0.6333445263327795,0.5195630757761329,0.1483006283614676,0.0,0.0,0.0,0.0,0.0927132701421801,36.17176766600991,0.7668112795999703,0.7489136279678281,24.394425224291226,0.017039026081412022,26,32
/home/kevin/Documents/Dev/ca-friend-foe-analysis/frames/jud_suess/frame_164865.png,104.22355423611481,68.81926831242612,0.6603043693030085,0.4504765961978806,0.22622344107779968,0.0,0.0,0.0,0.0,0.06566510463815965,60.351183502848926,0.7779699685401611,0.7735612579341338,22.74193350294964,0.014621650378595303,25,29
/home/kevin/Documents/Dev/ca-friend-foe-analysis/frames/jud_suess/frame_165047.png,111.67858046221843,63.58840980525655,0.5693876971316818,0.3657210181585814,0.22817375792108205,0.0,0.0,0.0,0.0,0.06289938228872677,27.128970525587107,0.6976414779128542,0.7439712329897079,21.003304368156687,0.01584824716746585,25,30
/home/kevin/Documents/Dev/ca-friend-foe-analysis/frames/jud_suess/frame_165100.png,97.08732160924437,70.7421113352868,0.7286441740265963,0.48579863145002394,0.19962125246285745,0.0,0.0,0.0,0.0,0.07543000159752916,54.217473640768944,0.7663012449241905,0.7656250097887816,23.867865022322142,0.014279707835046652,23,28
/home/kevin/Documents/Dev/ca-friend-foe-analysis/frames/jud_suess/frame_165416.png,102.38826282017146,64.32555666317727,0.6282512743997781,0.43820557537675064,0.1815591884551893,0.0,0.0,0.0,0.0,0.04985289419031897,32.306968555301154,0.8226643706100577,0.7624151247377912,16.823608464086952,0.015628353639409554,8,21
/home/kevin/Documents/Dev/ca-friend-foe-analysis/frames/jud_suess/frame_165741.png,78.38035837904042,68.10172965920651,0.8688621866588874,0.5982646839554822,0.1506969220938282,0.0,0.0,0.0,0.0,0.029118297033920867,20.238244847968474,0.6800816828142409,0.7372058797425994,16.179548921817076,0.01467247318846823,11,14
/home/kevin/Documents/Dev/ca-friend-foe-analysis/frames/jud_suess/frame_166001.png,75.26851469726823,57.866593290875535,0.7688021139614107,0.6039392406411417,0.09109577187283668,0.0,0.0,0.0,0.0,0.02582006496618563,11.179232786623345,0.7575905344831366,0.7745187051869579,12.972552629722035,0.017250231194116408,16,9
/home/kevin/Documents/Dev/ca-friend-foe-analysis/frames/jud_suess/frame_166126.png,79.18683769103787,69.44702476694434,0.8770021218703615,0.5867591458544118,0.14940225784120562,0.0,0.0,0.0,0.0,0.030948799190585227,20.395208743809576,0.7256615389113205,0.7546669778194041,16.008211606238007,0.014384579918593536,11,15
/home/kevin/Documents/Dev/ca-friend-foe-analysis/frames/jud_suess/frame_167286.png,66.86954510357315,60.841409073221,0.9098522935665184,0.7307930400979817,0.10183915543958677,0.0,0.0,0.0,0.0,0.07873489003674317,13.926277357686772,0.7759673404480808,0.7695644853606813,21.093764065301354,0.016852233289977262,2,15
/home/kevin/Documents/Dev/ca-friend-foe-analysis/frames/jud_suess/frame_167372.png,71.91217916289472,56.723070572341776,0.7887825282693077,0.6974246498748602,0.07642512913360669,0.0,0.0,0.0,0.0,0.088007215506683,26.53654015123277,0.7974411602864693,0.7871041025175181,24.50719948002588,0.018327736606786105,9,27
/home/kevin/Documents/Dev/ca-friend-foe-analysis/frames/jud_suess/frame_167518.png,70.51167860375952,59.52484369191578,0.844184180353971,0.6809268331647053,0.08248575536503541,0.0,0.0,0.0,0.0,0.11158741147025933,22.661147425315505,0.765718407816825,0.7579772305109274,25.835573875366304,0.01760634410511478,12,36
/home/kevin/Documents/Dev/ca-friend-foe-analysis/frames/jud_suess/frame_168054.png,62.35514071569306,52.73664954117487,0.8457466193052444,0.7313987699025507,0.05781058629319985,0.0,0.0,0.0,0.0,0.09388479152244529,14.969530459555891,0.802063396848169,0.8062112821058984,23.22054728519939,0.019635500741778587,6,18
/home/kevin/Documents/Dev/ca-friend-foe-analysis/frames/jud_suess/frame_168427.png,64.56454017785825,54.516802074350345,0.844376833471334,0.7438162308962138,0.08441610309388146,0.0,0.0,0.0,0.0,0.059993876138239526,11.688322061877628,0.8797153474521499,0.7310361281740451,14.891576254651387,0.01851797546227889,4,17
/home/kevin/Documents/Dev/ca-friend-foe-analysis/frames/jud_suess/frame_168634.png,77.15376550934555,59.23892236571624,0.7678033845510802,0.588955748442409,0.06522245593482082,0.0,0.0,0.0,0.0,0.04930707172905906,21.797576415144576,0.8052988110415368,0.7430722312888092,13.374672415263047,0.0169340011117606,4,9
/home/kevin/Documents/Dev/ca-friend-foe-analysis/frames/jud_suess/frame_168698.png,56.43635510410565,51.48499289546088,0.9122664408298895,0.784985888492465,0.058669258213962405,0.0,0.0,0.0,0.0,0.0789545502955429,19.709845439054256,0.8242165320252388,0.8209792905926415,18.83540097882051,0.020050027740922755,1,19
/home/kevin/Documents/Dev/ca-friend-foe-analysis/frames/jud_suess/frame_168773.png,80.59354531657702,78.84021501391682,0.9782447788641451,0.6703432025134459,0.19949478140476062,0.0,0.0,0.0,0.0,0.05336413014537515,-14.657406544544429,0.7212777048622314,0.6404568776762529,17.1622238656649,0.01275321691710132,1,8
/home/kevin/Documents/Dev/ca-friend-foe-analysis/frames/jud_suess/frame_169219.png,78.93889783801055,71.31499040874367,0.9034201423073602,0.6485369295489642,0.1608578731561851,0.0,0.0,0.0,0.0,0.04636828372117791,17.730959449384954,0.6907858329443923,0.7231330835758341,18.58569479672681,0.014034627209095067,4,9
/home/kevin/Documents/Dev/ca-friend-foe-analysis/frames/jud_suess/frame_170271.png,81.93947361414345,70.49272268241121,0.8603023608417877,0.6439307204856488,0.15697720858405667,0.0,0.0,0.0,0.0,0.044191650247617016,27.02499467490283,0.7675721420151211,0.7957937475005977,17.17086538585516,0.014239513600264013,14,9
/home/kevin/Documents/Dev/ca-friend-foe-analysis/frames/jud_suess/frame_170294.png,85.13017532882475,70.8641243850612,0.8324207489071718,0.6236620693327654,0.16392646040790246,0.0,0.0,0.0,0.0,0.042218036104158904,28.58469234251025,0.7607428876018164,0.7890496946422214,17.148837437379402,0.014153847736072476,12,6
