frame_path,mean_brightness,brightness_std,contrast,low_key_ratio,high_key_ratio,saturation_mean,saturation_std,hue_mean,hue_std,color_temperature,edge_density,center_brightness,vertical_symmetry,horizontal_symmetry,texture_contrast,texture_homogeneity,dark_regions_count,bright_regions_count,face_count,face_area_ratio,largest_face_y_position,dof_variance
/Users/kevin.kunkel/Documents/Dev/Uni/ca-friend-foe-analysis/frames/triumph_des_willens/frame_008177.png,127.36697677140015,52.16731747831563,0.4095827565334138,0.2953637879585747,0.19179502369668247,0.0,0.0,0.0,0.0,0.4999999998037168,0.05187854718857878,6.225286179842243,0.8682618187992533,0.7165888310903358,14.567199835225802,0.01956716090926525,16,37,0,0.0,0.5,119.05398053048478
/Users/kevin.kunkel/Documents/Dev/Uni/ca-friend-foe-analysis/frames/triumph_des_willens/frame_008297.png,102.47068449768884,63.274674085608225,0.6174904982242634,0.5146019835000878,0.26181360072552806,0.0,0.0,0.0,0.0,0.4999999997560278,0.043290328242934877,-6.788151094032017,0.7213924511352725,0.7427096547714257,18.412240466872497,0.015858768581368008,28,42,3,0.0247590105903692,0.4423380726698262,79.34174429521666
/Users/kevin.kunkel/Documents/Dev/Uni/ca-friend-foe-analysis/frames/triumph_des_willens/frame_008373.png,136.29518094318647,64.91938517931881,0.47631460395322756,0.23702899186706453,0.30317857351822597,0.0,0.0,0.0,0.0,0.49999999981657456,0.06522073020888186,-1.946713409196775,0.8334160221926229,0.6539124191050072,17.483697287928923,0.015586572142574074,15,36,0,0.0,0.5,110.98527076918033
/Users/kevin.kunkel/Documents/Dev/Uni/ca-friend-foe-analysis/frames/triumph_des_willens/frame_008848.png,113.27883827745598,63.51680330126055,0.5607119936171703,0.43798271019835,0.308643803756363,0.0,0.0,0.0,0.0,0.49999999977930565,0.027412088233573224,20.381938797086917,0.7162667313722049,0.7475833195444141,13.354988338345844,0.015660372516776086,14,24,1,0.014483134398221286,0.10347551342812006,80.25994274255481
/Users/kevin.kunkel/Documents/Dev/Uni/ca-friend-foe-analysis/frames/triumph_des_willens/frame_008905.png,71.94170725820608,46.69358599312223,0.6490475095431009,0.7137290825580715,0.057707638523199344,0.0,0.0,0.0,0.0,0.4999999996524965,0.03827306769644842,19.150123496599363,0.8187424782680025,0.8187467251316842,15.558419924934945,0.021566641702125983,6,45,2,0.010305131355684278,0.18799368088467613,30.935288066886155
/Users/kevin.kunkel/Documents/Dev/Uni/ca-friend-foe-analysis/frames/triumph_des_willens/frame_009075.png,140.19643745246037,69.44127443974266,0.4953141153373337,0.2878762945409865,0.4218027763150196,0.0,0.0,0.0,0.0,0.49999999982167875,0.08254710081329354,-28.302508713594932,0.8377120855948722,0.6540602909002327,21.40870164583609,0.014689383413135049,21,42,0,0.0,0.5,165.52225290273026
/Users/kevin.kunkel/Documents/Dev/Uni/ca-friend-foe-analysis/frames/triumph_des_willens/frame_009123.png,134.17006575098006,71.06990555285095,0.5297001615232629,0.30826897197355335,0.3567411210578667,0.0,0.0,0.0,0.0,0.49999999981366927,0.0807607073898543,-28.994528069311045,0.8421653381380637,0.6422152501999393,21.119325262948188,0.014329747551203772,19,54,0,0.0,0.5,161.3395771435305
/Users/kevin.kunkel/Documents/Dev/Uni/ca-friend-foe-analysis/frames/triumph_des_willens/frame_009218.png,124.38210351939617,72.20731119305042,0.5805281394339628,0.3720013457375227,0.3865119068515593,0.0,0.0,0.0,0.0,0.49999999979900644,0.055222778070329416,5.884774117734622,0.6314411982685533,0.6602728310030059,20.82401480153473,0.013950353421608419,29,19,0,0.0,0.5,89.98699780698342
/Users/kevin.kunkel/Documents/Dev/Uni/ca-friend-foe-analysis/frames/triumph_des_willens/frame_009278.png,97.3441321455737,64.58006844376314,0.663420248904624,0.5278490872388977,0.1998328798782985,0.0,0.0,0.0,0.0,0.4999999997431792,0.08567191796852144,-16.702379039619643,0.7127826995288198,0.6877470227425242,19.01716499230769,0.015726441172352782,20,45,3,0.07225111169621438,0.14139020537124802,153.22477802192194
/Users/kevin.kunkel/Documents/Dev/Uni/ca-friend-foe-analysis/frames/triumph_des_willens/frame_009332.png,95.24179575507577,61.339547132610925,0.6440402197575943,0.564904408753145,0.1940312152594933,0.0,0.0,0.0,0.0,0.4999999997375102,0.026998859048622082,0.960589383227088,0.7332255911550742,0.7344917749096826,13.18010176103777,0.016245675748089737,15,14,1,0.06257862325200397,0.48894154818325436,32.11564312809818
/Users/kevin.kunkel/Documents/Dev/Uni/ca-friend-foe-analysis/frames/triumph_des_willens/frame_009426.png,100.67414501784565,63.93165953474791,0.6350355342964347,0.5340310689836756,0.22335037446609327,0.0,0.0,0.0,0.0,0.4999999997516741,0.05653194663858171,3.7419722465706684,0.7628301387842014,0.7061330814557422,18.487205151597554,0.015792054373986276,23,31,3,0.06629585746884326,0.20616113744075829,112.83075944288602
/Users/kevin.kunkel/Documents/Dev/Uni/ca-friend-foe-analysis/frames/triumph_des_willens/frame_009846.png,62.9166520390849,29.41611012956575,0.4675409312074944,0.8489135363641683,0.020639517874904922,0.0,0.0,0.0,0.0,0.49999999960264896,0.00914041015739278,-0.6383834619634783,0.8822183100611376,0.902639759314415,6.808439817892095,0.03346199511635072,4,7,0,0.0,0.5,12.740137950472235
/Users/kevin.kunkel/Documents/Dev/Uni/ca-friend-foe-analysis/frames/triumph_des_willens/frame_009904.png,66.08149391492599,27.977593000928426,0.4233801523102529,0.8384730998771283,0.015534491837809373,0.0,0.0,0.0,0.0,0.4999999996216793,0.010670820899888831,1.6281433330815105,0.8903393426881021,0.8878913611271981,6.94449246960325,0.03525684105340614,5,7,0,0.0,0.5,20.671363037250472
/Users/kevin.kunkel/Documents/Dev/Uni/ca-friend-foe-analysis/frames/triumph_des_willens/frame_009939.png,56.76789136095021,24.4642214696934,0.4309517376829466,0.903763311099409,0.0069023901468609206,0.0,0.0,0.0,0.0,0.4999999995596102,0.008569934468433679,6.067800739377965,0.9070391508660102,0.9093263222424459,6.062353758344695,0.04011325724352673,1,5,0,0.0,0.5,15.955374028434278
/Users/kevin.kunkel/Documents/Dev/Uni/ca-friend-foe-analysis/frames/triumph_des_willens/frame_010197.png,63.06206300099468,33.85146746022636,0.5367960671697787,0.8427114416944591,0.023618059212450998,0.0,0.0,0.0,0.0,0.49999999960356517,0.013837692352700251,-4.868138657347231,0.875769138326444,0.86894689427576,8.830797582955833,0.029178775265716668,10,23,1,0.007028553039611491,0.4913112164296998,35.84226444194309
/Users/kevin.kunkel/Documents/Dev/Uni/ca-friend-foe-analysis/frames/triumph_des_willens/frame_010353.png,82.03029006494646,40.9304579631944,0.4989676116089735,0.6141390205371248,0.045572230998771286,0.0,0.0,0.0,0.0,0.49999999969523456,0.033171698554794925,-12.563459310141013,0.8674105795849438,0.8173550066416627,12.82622242650108,0.0244434649087847,17,14,0,0.0,0.5,21.681045723328186
/Users/kevin.kunkel/Documents/Dev/Uni/ca-friend-foe-analysis/frames/triumph_des_willens/frame_010537.png,114.5275967614534,36.69725308550637,0.3204227984448138,0.25716385817096715,0.019344976888420806,0.0,0.0,0.0,0.0,0.499999999781712,0.010268562401263823,7.408350261518947,0.8301038931165468,0.8586485537721886,7.683382943890651,0.026885279414901382,15,6,0,0.0,0.5,52.200175475863894
/Users/kevin.kunkel/Documents/Dev/Uni/ca-friend-foe-analysis/frames/triumph_des_willens/frame_010618.png,86.1977283365514,67.04373550787807,0.7777900499689822,0.6444089725586566,0.23791396056403954,0.0,0.0,0.0,0.0,0.49999999970996917,0.025329486279328302,27.95049306523012,0.7962891259130767,0.6752708660820165,11.678943381138115,0.014847190919558637,8,19,0,0.0,0.5,24.595281124800852
/Users/kevin.kunkel/Documents/Dev/Uni/ca-friend-foe-analysis/frames/triumph_des_willens/frame_010815.png,37.8145003218068,28.904364572667937,0.7643725092292749,0.9497871686852729,0.008202416476508104,0.0,0.0,0.0,0.0,0.499999999338878,0.010506260604996782,-1.213827853452365,0.926301424554375,0.8702061098701084,5.020506948448071,0.03412030390138559,1,2,0,0.0,0.5,8.2608696143955
/Users/kevin.kunkel/Documents/Dev/Uni/ca-friend-foe-analysis/frames/triumph_des_willens/frame_011079.png,77.7980442923176,44.592669980269754,0.5731849730746342,0.6750848399742555,0.036024076999590426,0.0,0.0,0.0,0.0,0.49999999967865516,0.016196389912819614,-27.728914838496692,0.8805048466054258,0.8268716016059494,9.571087688268426,0.02220399575544371,6,9,1,0.00553105435609385,0.9502369668246445,24.80083417298471
/Users/kevin.kunkel/Documents/Dev/Uni/ca-friend-foe-analysis/frames/triumph_des_willens/frame_011284.png,87.11284630799837,53.724340098093776,0.616721210629171,0.5977159031068984,0.13054751038558304,0.0,0.0,0.0,0.0,0.49999999971301595,0.0773049411971213,9.77980049228293,0.7843533490278681,0.747336813886361,17.81804003758412,0.018985445462141246,12,17,1,0.008454742262009245,0.8641390205371248,100.70297353725192
/Users/kevin.kunkel/Documents/Dev/Uni/ca-friend-foe-analysis/frames/triumph_des_willens/frame_011389.png,79.2738228453572,37.043956757179146,0.4672911609512417,0.561532751155579,0.029639137557778947,0.0,0.0,0.0,0.0,0.49999999968463743,0.06620077818735007,-0.9380281899422869,0.8497582003370654,0.8308152181407021,17.182313558902287,0.028306585335853257,11,18,1,0.008207901819671171,0.10979462875197472,77.35685327057676
/Users/kevin.kunkel/Documents/Dev/Uni/ca-friend-foe-analysis/frames/triumph_des_willens/frame_011469.png,88.00249948803464,47.929302536429994,0.5446356951314001,0.6024460973611843,0.0907129483353812,0.0,0.0,0.0,0.0,0.4999999997159172,0.06561567491662279,-5.854483196426585,0.8111167183507889,0.7937327782144269,17.777237124084998,0.021326288936984367,19,35,0,0.0,0.5,40.0899320900269
/Users/kevin.kunkel/Documents/Dev/Uni/ca-friend-foe-analysis/frames/triumph_des_willens/frame_011621.png,65.87991669592184,35.574561523173436,0.5399909904770192,0.7999257650225264,0.026695336726932303,0.0,0.0,0.0,0.0,0.4999999996205217,0.02510275876192148,3.6167868905760514,0.8861202174978001,0.8365601702471893,9.393492345397915,0.02811806953888401,1,11,0,0.0,0.5,29.88734532357973
/Users/kevin.kunkel/Documents/Dev/Uni/ca-friend-foe-analysis/frames/triumph_des_willens/frame_011883.png,102.57320921830203,48.86644415983953,0.47640553010483166,0.48159484524018487,0.08923556257679481,0.0,0.0,0.0,0.0,0.49999999975627163,0.015179772979930959,23.98969367668157,0.8011978125168504,0.8170733248761295,10.439781341759913,0.020266453270501996,19,30,0,0.0,0.5,76.6829291390189
/Users/kevin.kunkel/Documents/Dev/Uni/ca-friend-foe-analysis/frames/triumph_des_willens/frame_011908.png,109.61457419109473,53.62160385644547,0.4891831602068428,0.4505697443098707,0.22269761862968815,0.0,0.0,0.0,0.0,0.49999999977192816,0.014411824937101398,27.606783638253603,0.7754953874358824,0.7976261226478402,10.526934526974037,0.01847735915786662,20,24,2,0.02401848926335498,0.5703001579778831,96.73801301118212
/Users/kevin.kunkel/Documents/Dev/Uni/ca-friend-foe-analysis/frames/triumph_des_willens/frame_011956.png,82.79890731964191,47.5022226057205,0.5737059109363539,0.6321894564390615,0.08892472646422094,0.0,0.0,0.0,0.0,0.4999999996980637,0.0259639576385232,-16.621245282604875,0.813308202574225,0.8034084771977239,12.5892262646095,0.02103504589877576,11,15,2,0.2412911035047686,0.5892575039494471,96.89913386271266
/Users/kevin.kunkel/Documents/Dev/Uni/ca-friend-foe-analysis/frames/triumph_des_willens/frame_012173.png,103.70973392428763,51.53471443234806,0.4969129939170341,0.46369068515593004,0.10040006436135979,0.0,0.0,0.0,0.0,0.4999999997589426,0.01474460242232754,-13.59501873441421,0.7478592103859272,0.7649440859325446,10.195573151438607,0.01922621119722055,15,31,1,0.006803653969925692,0.2646129541864139,50.77637214199506
/Users/kevin.kunkel/Documents/Dev/Uni/ca-friend-foe-analysis/frames/triumph_des_willens/frame_012240.png,76.9839005178164,55.133610690092574,0.7161706570806442,0.6753883622959452,0.11280242525305717,0.0,0.0,0.0,0.0,0.4999999996752568,0.03332345971563981,-7.14144710712722,0.8108255434290035,0.733800332427861,14.311088342396861,0.01812434133380867,19,29,1,0.049177929904628166,0.14218009478672985,37.394389583378114
/Users/kevin.kunkel/Documents/Dev/Uni/ca-friend-foe-analysis/frames/triumph_des_willens/frame_012278.png,82.61384646890176,60.222820032550246,0.728967631138239,0.6081197706395178,0.13930577496928206,0.0,0.0,0.0,0.0,0.4999999996973873,0.04008505938798198,13.515607352007763,0.8080661361730346,0.6959897082954138,14.85737541672057,0.01659090330580554,32,25,1,0.05924170616113744,0.3080568720379147,53.816460291734394
/Users/kevin.kunkel/Documents/Dev/Uni/ca-friend-foe-analysis/frames/triumph_des_willens/frame_012563.png,96.28496906266456,55.96904845778423,0.5812854170751169,0.5034228541337546,0.1434033263120941,0.0,0.0,0.0,0.0,0.4999999997403541,0.08239716810016968,9.516411035788323,0.7739825943249572,0.7541047601647316,22.76238370904848,0.018274919377525706,16,40,0,0.0,0.5,81.37575647366272
/Users/kevin.kunkel/Documents/Dev/Uni/ca-friend-foe-analysis/frames/triumph_des_willens/frame_012627.png,105.67549075536833,52.30753301639988,0.4949826359263384,0.4201407173366099,0.14290964542741794,0.0,0.0,0.0,0.0,0.4999999997634267,0.004945951085366568,-0.8072227642759771,0.7728685032025799,0.7524436263019038,10.998919581668805,0.01887936438417963,23,35,0,0.0,0.5,34.85691332993045
/Users/kevin.kunkel/Documents/Dev/Uni/ca-friend-foe-analysis/frames/triumph_des_willens/frame_012943.png,102.88016719325961,62.52092427221453,0.6077062850607428,0.5240514013223334,0.27990426247732725,0.0,0.0,0.0,0.0,0.4999999997569989,0.03647753203440407,-14.406062352659518,0.7646871246304384,0.6989648399795925,13.44213605231886,0.015956211887768464,17,33,1,0.011702065414545668,0.325434439178515,61.926298624854496
/Users/kevin.kunkel/Documents/Dev/Uni/ca-friend-foe-analysis/frames/triumph_des_willens/frame_013377.png,97.5006692118659,55.967304368889586,0.5740196940584318,0.6012667485811246,0.2453886548475806,0.0,0.0,0.0,0.0,0.4999999997435915,0.006355684278275116,-22.033721251247044,0.7812481572115125,0.7472438392257982,6.437757430593598,0.017622654287716498,6,5,0,0.0,0.5,38.51937541006953
/Users/kevin.kunkel/Documents/Dev/Uni/ca-friend-foe-analysis/frames/triumph_des_willens/frame_013792.png,99.72886680124041,68.90532369832725,0.6909265675961492,0.5616589140483296,0.2858192908548359,0.0,0.0,0.0,0.0,0.49999999974932036,0.03347887777192674,-15.155635143950207,0.7984572490279829,0.6687509479881967,13.49164216386585,0.01449471503044115,8,34,1,0.0027810689836756186,0.43838862559241704,75.1428535585195
/Users/kevin.kunkel/Documents/Dev/Uni/ca-friend-foe-analysis/frames/triumph_des_willens/frame_013859.png,119.17661525071675,74.8222413575847,0.6278265340679078,0.4548592826633901,0.38454449710373884,0.0,0.0,0.0,0.0,0.4999999997902273,0.022542931952489614,-25.59375074063705,0.8392068093400838,0.5835210062693619,9.407962004004771,0.013271324393627373,6,15,0,0.0,0.5,89.87688960479721
/Users/kevin.kunkel/Documents/Dev/Uni/ca-friend-foe-analysis/frames/triumph_des_willens/frame_014063.png,105.97550062898601,64.34387920268111,0.6071580578536678,0.4318116991398982,0.20854177637352994,0.0,0.0,0.0,0.0,0.4999999997640964,0.04108156339593938,12.201677934070716,0.8100747182613025,0.658894628526516,15.81265533888357,0.015571588770810864,10,30,0,0.0,0.5,56.98819333720206
/Users/kevin.kunkel/Documents/Dev/Uni/ca-friend-foe-analysis/frames/triumph_des_willens/frame_014140.png,65.64760509917501,48.77616596521088,0.7429999284394894,0.7285596220232871,0.05808795564917208,0.0,0.0,0.0,0.0,0.4999999996191788,0.06458260195424492,9.567137927079088,0.8160842164377307,0.7962597700238089,18.23150785146609,0.021129356550767826,21,36,3,0.01183005675501726,0.29936808846761453,118.3743091638672
/Users/kevin.kunkel/Documents/Dev/Uni/ca-friend-foe-analysis/frames/triumph_des_willens/frame_014217.png,76.4274545082207,48.97516405162147,0.6408059028352567,0.6512254256626294,0.03977422327540811,0.0,0.0,0.0,0.0,0.49999999967289244,0.06051247732724826,-14.509059055806269,0.8369455716286867,0.8166473047259222,17.146880594983568,0.020931840983210086,10,24,1,0.01685097419694576,0.15323854660347552,107.95233412751543
/Users/kevin.kunkel/Documents/Dev/Uni/ca-friend-foe-analysis/frames/triumph_des_willens/frame_014286.png,78.05419884734656,51.61594671536387,0.661283408342743,0.6386987303259025,0.07537410040372125,0.0,0.0,0.0,0.0,0.49999999967970976,0.06428456497571822,16.804553496769714,0.7934482487629655,0.7662195178704393,20.27631243837645,0.01989151434275339,38,59,9,0.08397146158797028,0.1674565560821485,66.60847090217861
/Users/kevin.kunkel/Documents/Dev/Uni/ca-friend-foe-analysis/frames/triumph_des_willens/frame_014332.png,96.34846190977707,51.93591573394208,0.5390424989728619,0.511168158680007,0.10444276227254111,0.0,0.0,0.0,0.0,0.49999999974052517,0.06326794804282956,8.454031643903193,0.7867249532777829,0.756439296006729,21.40527577515722,0.019692646566850467,45,56,10,0.07661195951085367,0.8696682464454977,46.53484659175401
/Users/kevin.kunkel/Documents/Dev/Uni/ca-friend-foe-analysis/frames/triumph_des_willens/frame_014388.png,90.58444137265228,50.602650384959844,0.5586240811589808,0.5455228629103037,0.09252859692235679,0.0,0.0,0.0,0.0,0.49999999972401443,0.06605633081738926,17.279438725800603,0.7943113047688211,0.7929527131996728,21.762791558613053,0.02024125669099563,14,45,7,0.05363202855303961,0.8933649289099526,44.615206217413366
/Users/kevin.kunkel/Documents/Dev/Uni/ca-friend-foe-analysis/frames/triumph_des_willens/frame_014477.png,84.47493198174477,34.522501391978984,0.4086715495500159,0.6028483558598092,0.03005785208589316,0.0,0.0,0.0,0.0,0.49999999970405423,0.010771385524545082,-3.5073906666955423,0.8635203025098636,0.8747556632240332,6.9644308896803615,0.028594117478534863,13,7,1,0.007725191621321163,0.22195892575039494,26.04231108679805
/Users/kevin.kunkel/Documents/Dev/Uni/ca-friend-foe-analysis/frames/triumph_des_willens/frame_014529.png,82.6094307676555,54.82570732035771,0.6636737082499852,0.6426628049850799,0.10729879761277865,0.0,0.0,0.0,0.0,0.49999999969737113,0.05893452694400562,5.253445756020085,0.7948402926204711,0.7797990466111433,20.73071017917109,0.01854659123281029,13,51,7,0.0483935258323094,0.28751974723538704,46.57821953154813
/Users/kevin.kunkel/Documents/Dev/Uni/ca-friend-foe-analysis/frames/triumph_des_willens/frame_014579.png,74.99586405125504,52.45140499883572,0.6993906343028379,0.698991793926628,0.0892593323971681,0.0,0.0,0.0,0.0,0.4999999996666483,0.051333669767714,21.37235998765729,0.8146062140261874,0.8008654414062859,17.66113355735327,0.019301417685061793,3,50,3,0.016635217365865075,0.5513428120063191,71.3080538604223
/Users/kevin.kunkel/Documents/Dev/Uni/ca-friend-foe-analysis/frames/triumph_des_willens/frame_014885.png,69.84855698905857,40.181388645924336,0.5752644051714929,0.7084156134807793,0.024519483938915218,0.0,0.0,0.0,0.0,0.4999999996420828,0.051381209408460596,-16.90309431911014,0.852276539309188,0.8429282665949643,15.768558070399118,0.02542095584286582,21,22,0,0.0,0.5,38.53111479010444
/Users/kevin.kunkel/Documents/Dev/Uni/ca-friend-foe-analysis/frames/triumph_des_willens/frame_015124.png,112.44922217833948,58.17579142205159,0.517351656537492,0.3786495816511614,0.21580619916915336,0.0,0.0,0.0,0.0,0.49999999977767745,0.08880404891463343,-0.37863497721430406,0.7727337717018818,0.7409527884641902,26.2962034684174,0.017701650269763974,64,71,2,0.011065765607629747,0.4075829383886256,71.0292596392672
/Users/kevin.kunkel/Documents/Dev/Uni/ca-friend-foe-analysis/frames/triumph_des_willens/frame_015186.png,126.0682760663507,65.32966490015377,0.5182086000283641,0.3445801152653443,0.33583282136797143,0.0,0.0,0.0,0.0,0.4999999998016948,0.08524771809724416,13.616139955683991,0.7157074845033677,0.6875097384242023,25.446245381532997,0.015637489020351295,66,75,7,0.05798007723363174,0.9075829383886256,78.24075529897122
/Users/kevin.kunkel/Documents/Dev/Uni/ca-friend-foe-analysis/frames/triumph_des_willens/frame_015233.png,115.54141251243344,60.34947505489062,0.5223189996587977,0.39001155578959684,0.2520277485226142,0.0,0.0,0.0,0.0,0.49999999978362736,0.06957609268035808,6.634645270032564,0.7553504682547058,0.7072396853138818,23.23279384172894,0.016864256220397143,68,78,4,0.039909528406763796,0.7187993680884676,63.00194022608549
/Users/kevin.kunkel/Documents/Dev/Uni/ca-friend-foe-analysis/frames/triumph_des_willens/frame_015312.png,107.24186157919372,60.271985921668076,0.5620192057273993,0.4949809110057925,0.255944283541045,0.0,0.0,0.0,0.0,0.4999999997668821,0.032198964367210814,17.82783192760421,0.7222058020446491,0.730130239214767,14.021743073219309,0.016523487842178535,26,30,2,0.025305716458955005,0.7424960505529226,41.70791721040987
/Users/kevin.kunkel/Documents/Dev/Uni/ca-friend-foe-analysis/frames/triumph_des_willens/frame_015410.png,97.93294716517465,57.21737133891716,0.584250478891325,0.4934797554268328,0.16186333450353987,0.0,0.0,0.0,0.0,0.4999999997447233,0.01571185126674858,2.324839696053658,0.7200797403977096,0.7543061071123245,9.405890966478928,0.01729613792576469,19,16,1,0.1779884149552396,0.2717219589257504,26.950484900593402
/Users/kevin.kunkel/Documents/Dev/Uni/ca-friend-foe-analysis/frames/triumph_des_willens/frame_015626.png,106.07730128430168,59.82575490427927,0.5639826251569109,0.43071097361184246,0.22176693873968756,0.0,0.0,0.0,0.0,0.4999999997643228,0.048830524837633844,-2.706110473237459,0.6966030309496685,0.7319856101137125,19.00596439158298,0.016794510528561984,48,63,1,0.013523199344684336,0.17851500789889416,55.72127915087105
/Users/kevin.kunkel/Documents/Dev/Uni/ca-friend-foe-analysis/frames/triumph_des_willens/frame_015752.png,85.95789633432801,47.77023036001316,0.5557398719791812,0.5572633257269908,0.09537000468082617,0.0,0.0,0.0,0.0,0.49999999970916,0.036786539699256916,12.626294066515868,0.8380767569446596,0.8065326010268149,15.23628042116267,0.021141637867899032,25,15,1,0.007964718272775145,0.6919431279620853,25.421389127571466
/Users/kevin.kunkel/Documents/Dev/Uni/ca-friend-foe-analysis/frames/triumph_des_willens/frame_015807.png,117.4893547773682,62.390540038713574,0.5310314292204167,0.37077811421215845,0.2901837955649172,0.0,0.0,0.0,0.0,0.49999999978721477,0.025771970627815808,9.841839549870429,0.7325688270744493,0.7530435017420001,14.91173864829558,0.015981626316737774,20,22,0,0.0,0.5,41.38961755153342
/Users/kevin.kunkel/Documents/Dev/Uni/ca-friend-foe-analysis/frames/triumph_des_willens/frame_017491.png,27.374628825112634,27.606401360479413,1.0084666877494788,0.9422137382247967,0.002830437072143233,0.0,0.0,0.0,0.0,0.4999999990867456,0.027359063249663567,2.3050403614790227,0.9323317598644396,0.9079725520072071,7.986136519496962,0.036680614215846556,1,3,3,0.00827921128079106,0.8357030015797788,48.51598437795171
/Users/kevin.kunkel/Documents/Dev/Uni/ca-friend-foe-analysis/frames/triumph_des_willens/frame_017674.png,21.049214498859047,12.50270737038232,0.5939750061296831,0.9966831958340647,0.0,0.0,0.0,0.0,0.0,0.4999999988123072,0.003733690246328477,5.2360644509768655,0.9632278369190985,0.9649479640660765,3.0001587050365783,0.07644650229253275,1,0,0,0.0,0.5,6.625763620877716
/Users/kevin.kunkel/Documents/Dev/Uni/ca-friend-foe-analysis/frames/triumph_des_willens/frame_019116.png,22.410422517699374,15.411369198670336,0.6876875756237946,0.9989431572172488,0.0,0.0,0.0,0.0,0.0,0.4999999988844476,0.0012250599730852494,7.472899095052618,0.9535911430279209,0.9408406242243733,1.7752887711356686,0.06139830127158067,1,0,0,0.0,0.5,5.941314901412419
/Users/kevin.kunkel/Documents/Dev/Uni/ca-friend-foe-analysis/frames/triumph_des_willens/frame_022087.png,97.00521656134808,50.13775396827721,0.5168562649915167,0.46890724650400795,0.09765007898894155,0.0,0.0,0.0,0.0,0.49999999974228193,0.1309936516295126,7.313253609772403,0.7771089674533438,0.7857245330152689,24.606373143439683,0.020860121887003258,56,49,0,0.0,0.5,145.82127223332503
/Users/kevin.kunkel/Documents/Dev/Uni/ca-friend-foe-analysis/frames/triumph_des_willens/frame_023788.png,85.94163594874496,40.992680985163034,0.4769827858747363,0.5438864021999883,0.053893496577145865,0.0,0.0,0.0,0.0,0.4999999997091049,0.07036232520039787,0.7702282097173025,0.8457498844134225,0.8314794418705129,17.57969318164769,0.025374952563249824,37,42,0,0.0,0.5,66.44307014972335
/Users/kevin.kunkel/Documents/Dev/Uni/ca-friend-foe-analysis/frames/triumph_des_willens/frame_023868.png,69.66466634485987,49.790577132078674,0.7147177998977188,0.744534769761863,0.07730128430167925,0.0,0.0,0.0,0.0,0.49999999964113806,0.0280045052951846,17.13978308083165,0.8036346385725316,0.8114042692792072,13.92691553303488,0.020059471771242447,11,21,0,0.0,0.5,10.33697909704512
/Users/kevin.kunkel/Documents/Dev/Uni/ca-friend-foe-analysis/frames/triumph_des_willens/frame_023922.png,153.05541110818558,51.577302821085844,0.33698451047203115,0.1633114650985899,0.47763077058100756,0.0,0.0,0.0,0.0,0.49999999983666044,0.03349716224913697,14.453855476437013,0.8130053112462585,0.760400550867323,12.379804637586759,0.019466812803061846,28,19,1,0.008454742262009245,0.69826224328594,100.59206025662422
/Users/kevin.kunkel/Documents/Dev/Uni/ca-friend-foe-analysis/frames/triumph_des_willens/frame_024205.png,98.35968309344099,63.6833874721152,0.6474541743579127,0.5139492276636827,0.17974189631970042,0.0,0.0,0.0,0.0,0.4999999997458308,0.06631048505061143,-18.077480796207055,0.7661924605428152,0.7558042444591526,19.547627145748045,0.01588019916402039,39,39,0,0.0,0.5,67.78158779114585
/Users/kevin.kunkel/Documents/Dev/Uni/ca-friend-foe-analysis/frames/triumph_des_willens/frame_024313.png,148.83004578433093,45.55529913689518,0.3060893979183495,0.12358478146392839,0.3731989789947926,0.0,0.0,0.0,0.0,0.49999999983202315,0.008931967117196186,27.658914893118663,0.8730538432680427,0.8307266386981422,6.30522424818957,0.021658597526288143,10,5,1,0.006364826516880229,0.6627172195892576,78.87169320262689
/Users/kevin.kunkel/Documents/Dev/Uni/ca-friend-foe-analysis/frames/triumph_des_willens/frame_024375.png,144.2419219179685,62.16894831153582,0.43100471375992416,0.21688315487683577,0.42682735065239014,0.0,0.0,0.0,0.0,0.49999999982668003,0.02835556725762097,-24.764740424766444,0.7216998741454337,0.7166364603154904,13.9481279664032,0.016027012292519745,31,19,3,0.03863875724065297,0.37756714060031593,112.70032651242671
/Users/kevin.kunkel/Documents/Dev/Uni/ca-friend-foe-analysis/frames/triumph_des_willens/frame_024426.png,155.42564251652917,57.50931167501967,0.37001173491628003,0.15495180211807383,0.5540763413492481,0.0,0.0,0.0,0.0,0.49999999983915133,0.010515402843601895,16.854684487690236,0.7853842206825975,0.74692567427815,7.1870192669236905,0.017185011074244215,8,7,0,0.0,0.5,107.91780122639975
/Users/kevin.kunkel/Documents/Dev/Uni/ca-friend-foe-analysis/frames/triumph_des_willens/frame_024483.png,149.71057866713474,61.842700289987945,0.4130816993646142,0.23367196185126674,0.5177853109823884,0.0,0.0,0.0,0.0,0.4999999998330111,0.022424082850623136,5.184939675575066,0.7612027772901917,0.7109395539744261,13.458637967751358,0.01610602782708211,19,34,1,0.05924170616113744,0.353870458135861,93.6162463742706
/Users/kevin.kunkel/Documents/Dev/Uni/ca-friend-foe-analysis/frames/triumph_des_willens/frame_024520.png,145.7606726493476,64.29128562372166,0.44107429261305614,0.2581292785676672,0.4884880931484407,0.0,0.0,0.0,0.0,0.4999999998284859,0.02248807852085893,7.356159570530508,0.7327717345788003,0.7035089926734877,13.93127834565827,0.015489013025533623,17,30,1,0.06056550231115792,0.36492890995260663,88.04158170497887
/Users/kevin.kunkel/Documents/Dev/Uni/ca-friend-foe-analysis/frames/triumph_des_willens/frame_024801.png,114.43101266748582,56.06434445933511,0.48994012290403427,0.3402631501960096,0.19941782224562635,0.0,0.0,0.0,0.0,0.49999999978152776,0.03175099467556024,3.1070499204185467,0.7246000933870711,0.7501505433983251,14.606822100810616,0.017821373955741397,37,24,2,0.011681952489614417,0.7567140600315956,40.259897484503504
/Users/kevin.kunkel/Documents/Dev/Uni/ca-friend-foe-analysis/frames/triumph_des_willens/frame_024844.png,121.09398038441284,54.33390219917901,0.4486920157536059,0.28278955298110114,0.22478022058393307,0.0,0.0,0.0,0.0,0.4999999997935488,0.046316409221227546,1.148635649342424,0.77295094826884,0.7382100718862322,17.835872467584096,0.01852355731532756,46,43,1,0.018284477210227607,0.8704581358609794,53.19828958763479
/Users/kevin.kunkel/Documents/Dev/Uni/ca-friend-foe-analysis/frames/triumph_des_willens/frame_025005.png,112.98903662746474,63.96899770614666,0.5661522529875452,0.3987862764027851,0.26166183956468314,0.0,0.0,0.0,0.0,0.4999999997787396,0.05205042127435492,3.1916947368109305,0.7675331644564678,0.6839131430232666,18.1073885558338,0.015741899395857975,36,40,0,0.0,0.5,33.07908007964186
/Users/kevin.kunkel/Documents/Dev/Uni/ca-friend-foe-analysis/frames/triumph_des_willens/frame_025057.png,113.75107329881224,70.61859076199269,0.6208169176074788,0.4777276783102218,0.2983679275642151,0.0,0.0,0.0,0.0,0.49999999978022186,0.02320300157977883,-10.853254792014312,0.8345583933064186,0.602834139985108,10.554835742821087,0.014055201150950828,13,18,0,0.0,0.5,84.35349889702863
/Users/kevin.kunkel/Documents/Dev/Uni/ca-friend-foe-analysis/frames/triumph_des_willens/frame_025563.png,153.6288159703938,48.705644047995605,0.3170345596211478,0.14017794453220994,0.5570164852846528,0.0,0.0,0.0,0.0,0.49999999983727006,0.020304911941957757,1.121206005696223,0.8078126344446854,0.8209780308044455,9.427553929388301,0.020432700515053772,12,10,0,0.0,0.5,73.4867555743054
/Users/kevin.kunkel/Documents/Dev/Uni/ca-friend-foe-analysis/frames/triumph_des_willens/frame_025854.png,59.6931883008601,41.37057288249106,0.6930534955625685,0.801333669767714,0.02924419285003803,0.0,0.0,0.0,0.0,0.4999999995811918,0.021367240067871978,18.082120829472757,0.8569866636608421,0.8499665044170505,9.43931777328401,0.024112693803786507,4,17,0,0.0,0.5,42.764091569245934
/Users/kevin.kunkel/Documents/Dev/Uni/ca-friend-foe-analysis/frames/triumph_des_willens/frame_025956.png,73.61414267743257,55.93162731670813,0.7597945884639813,0.7367126704113276,0.09953155169387397,0.0,0.0,0.0,0.0,0.4999999996603914,0.025386168158680007,-4.017316024830592,0.7871165996092429,0.8102613546004431,13.590172813114185,0.01788198879431839,4,24,0,0.0,0.5,146.1953923972182
/Users/kevin.kunkel/Documents/Dev/Uni/ca-friend-foe-analysis/frames/triumph_des_willens/frame_026040.png,108.45918721841905,62.578816184037706,0.5769803161102083,0.4947468696975016,0.24808378678836815,0.0,0.0,0.0,0.0,0.49999999976949855,0.024475601193610672,24.364425357764745,0.7583212440672249,0.7475438487631338,12.324632805852447,0.015904760953528156,7,27,2,0.026748361710841963,0.47235387045813587,94.1957129361116
/Users/kevin.kunkel/Documents/Dev/Uni/ca-friend-foe-analysis/frames/triumph_des_willens/frame_026080.png,109.03720159733193,66.81458676807449,0.6127687223076398,0.48050691884617636,0.27165430636007254,0.0,0.0,0.0,0.0,0.49999999977072046,0.026435697150547072,14.362081982133617,0.7114829385033516,0.7451196131288896,13.0731552748147,0.014921266094521785,3,27,1,0.008454742262009245,0.41390205371248023,29.729411656873403
/Users/kevin.kunkel/Documents/Dev/Uni/ca-friend-foe-analysis/frames/triumph_des_willens/frame_026364.png,65.71572026212627,51.89705690846311,0.7897205816581564,0.7794361798607454,0.07710015505236674,0.0,0.0,0.0,0.0,0.49999999961957353,0.026810528933356736,28.54396386820659,0.8324627340843306,0.8209030104657897,12.575440660071605,0.019312703524385345,1,25,0,0.0,0.5,85.26279132209152
/Users/kevin.kunkel/Documents/Dev/Uni/ca-friend-foe-analysis/frames/triumph_des_willens/frame_026419.png,136.3016975308642,57.32910390287278,0.42060447448081645,0.22102641741267334,0.3611751067813469,0.0,0.0,0.0,0.0,0.49999999981658333,0.005368322508922825,15.515498027035477,0.7883760057179504,0.7016677985071197,6.234525710777893,0.017225797610903804,9,7,0,0.0,0.5,96.02901315013102
/Users/kevin.kunkel/Documents/Dev/Uni/ca-friend-foe-analysis/frames/triumph_des_willens/frame_026482.png,91.95543890059095,61.34382018936693,0.6671037717407092,0.5231444912527061,0.13964038090222924,0.0,0.0,0.0,0.0,0.4999999997281292,0.0171672956526827,22.698943131757858,0.8627832301371781,0.726443556208231,10.81804147485533,0.01619334697365369,15,12,1,0.00421274354923644,0.6777251184834123,78.04528038795434
/Users/kevin.kunkel/Documents/Dev/Uni/ca-friend-foe-analysis/frames/triumph_des_willens/frame_026660.png,116.07627186823474,58.754629266661816,0.5061726076345777,0.35366750043882744,0.1953495260663507,0.0,0.0,0.0,0.0,0.4999999997846244,0.0345357205546779,9.636881554175005,0.7650009006001324,0.7341556843670427,14.628347706275004,0.01701091461625156,30,32,1,0.1712085308056872,0.4913112164296998,58.90697733941963
/Users/kevin.kunkel/Documents/Dev/Uni/ca-friend-foe-analysis/frames/triumph_des_willens/frame_026913.png,103.03001579778831,63.23093937294376,0.6137137689629446,0.49762667485811246,0.21674602129775905,0.0,0.0,0.0,0.0,0.49999999975735226,0.01767011877596396,-10.747520486020846,0.8014302620000665,0.6985930562450016,10.967176777977802,0.015707919036564547,14,22,1,0.02132701421800948,0.1263823064770932,81.9306253234048
/Users/kevin.kunkel/Documents/Dev/Uni/ca-friend-foe-analysis/frames/triumph_des_willens/frame_026951.png,133.55770581007548,50.23723801218711,0.3761463082183509,0.22537995143642853,0.2118732081212334,0.0,0.0,0.0,0.0,0.49999999981281495,0.016536481188929846,25.19805925087155,0.8291842341055549,0.7737420483899139,8.882762748637823,0.01974058931026592,14,19,2,0.05799104791995787,0.36018957345971564,50.42089568903427
/Users/kevin.kunkel/Documents/Dev/Uni/ca-friend-foe-analysis/frames/triumph_des_willens/frame_027019.png,135.6458644169446,45.5250407870403,0.33561687228108167,0.19062116025978584,0.15895061728395063,0.0,0.0,0.0,0.0,0.49999999981569654,0.011177300918612135,-16.89329321441295,0.8334574239853334,0.8354119410891407,7.498381127569259,0.021693728366304458,8,13,3,0.138256245977415,0.5165876777251185,90.96745645588406
/Users/kevin.kunkel/Documents/Dev/Uni/ca-friend-foe-analysis/frames/triumph_des_willens/frame_027113.png,97.28886365631034,67.6473334670387,0.6953245300148855,0.5078513545140717,0.20681572172488444,0.0,0.0,0.0,0.0,0.4999999997430333,0.028260487976127787,7.844362726718259,0.8023457048257252,0.7213126419109603,13.416229424467886,0.014705797156777238,11,35,0,0.0,0.5,101.82202477707109
/Users/kevin.kunkel/Documents/Dev/Uni/ca-friend-foe-analysis/frames/triumph_des_willens/frame_027171.png,124.19440056169914,63.59712748706161,0.5120772526637315,0.3025642150839623,0.325030352232169,0.0,0.0,0.0,0.0,0.4999999997987027,0.05131172839506173,14.927376278432135,0.7401057316028044,0.692806881015416,18.46858070347333,0.01581505881903408,41,40,1,0.08609977473524077,0.6500789889415481,71.0966278854831
/Users/kevin.kunkel/Documents/Dev/Uni/ca-friend-foe-analysis/frames/triumph_des_willens/frame_027299.png,110.47876623661577,62.97212140137408,0.5699929813617348,0.4194952752910889,0.2667686940494997,0.0,0.0,0.0,0.0,0.4999999997737122,0.03224833245567843,2.514794769010109,0.7483142859273486,0.7094002365948724,14.283289150629257,0.01584802636227765,27,29,0,0.0,0.5,34.57472056151001
/Users/kevin.kunkel/Documents/Dev/Uni/ca-friend-foe-analysis/frames/triumph_des_willens/frame_027332.png,93.26359816570124,64.30946449895924,0.6895451783422106,0.5719512462699666,0.19893511204727635,0.0,0.0,0.0,0.0,0.4999999997319426,0.030758147563044878,2.4944011310638814,0.7550740069592872,0.6656614113648271,12.680179147555355,0.015500089362484053,9,24,1,0.014483134398221286,0.6105845181674565,28.993443891108157
/Users/kevin.kunkel/Documents/Dev/Uni/ca-friend-foe-analysis/frames/triumph_des_willens/frame_027536.png,117.72341619858405,70.60544805480838,0.5997570430315282,0.40226764086361244,0.35041286349540696,0.0,0.0,0.0,0.0,0.4999999997876378,0.05402331636533848,-20.63066244799802,0.6879983416337689,0.6907431825285201,20.11404660883322,0.014274526893764999,26,40,2,0.06658475220876485,0.47393364928909953,88.74723566852444
/Users/kevin.kunkel/Documents/Dev/Uni/ca-friend-foe-analysis/frames/triumph_des_willens/frame_027741.png,98.06383659528407,54.52937339866834,0.5560599629413713,0.4933170235796618,0.15802176584167105,0.0,0.0,0.0,0.0,0.49999999974506404,0.04512426130712071,-2.0153500153497106,0.7876545647806837,0.739832338232996,17.46467076844024,0.018449266149795463,35,49,16,0.13130265929436546,0.17377567140600317,56.31038253630663
/Users/kevin.kunkel/Documents/Dev/Uni/ca-friend-foe-analysis/frames/triumph_des_willens/frame_027839.png,104.26822413843543,52.43660241818493,0.5029010784558439,0.43859524018489265,0.15909689310163244,0.0,0.0,0.0,0.0,0.4999999997602338,0.05808612720145106,0.542041625746478,0.7952206957910424,0.755866050416885,19.834708566182545,0.019313858072653196,50,62,20,0.0578886548475806,0.2740916271721959,53.2372448953839
/Users/kevin.kunkel/Documents/Dev/Uni/ca-friend-foe-analysis/frames/triumph_des_willens/frame_028149.png,139.78415174653327,61.914088237594015,0.4429263791332259,0.2674726464220935,0.5046369434205137,0.0,0.0,0.0,0.0,0.4999999998211528,0.026755675501726056,10.382419690410018,0.7917521949977112,0.6604968578500316,11.433087539121356,0.01607652110729728,17,27,2,0.12217687671874086,0.7867298578199052,108.99321013460099
/Users/kevin.kunkel/Documents/Dev/Uni/ca-friend-foe-analysis/frames/triumph_des_willens/frame_028219.png,107.10049880053829,75.30306510201673,0.7031065763003487,0.5649757182142648,0.3034638113627055,0.0,0.0,0.0,0.0,0.4999999997665744,0.037004124978058626,-12.384078266079783,0.8352188859863178,0.5737712923894358,10.398919943005097,0.013223646451286167,4,3,0,0.0,0.5,76.50746012267939
/Users/kevin.kunkel/Documents/Dev/Uni/ca-friend-foe-analysis/frames/triumph_des_willens/frame_028267.png,105.49450368615061,73.61069777768641,0.6977680839838225,0.5809344099233514,0.29093528757825754,0.0,0.0,0.0,0.0,0.49999999976302084,0.03262864958165116,-18.472175978696313,0.8892523986365947,0.573954742468952,9.763455250007988,0.013513291553062292,6,2,0,0.0,0.5,48.46172443542131
/Users/kevin.kunkel/Documents/Dev/Uni/ca-friend-foe-analysis/frames/triumph_des_willens/frame_028318.png,102.85145325024867,53.750413818902715,0.5226023752514408,0.43867203498917556,0.12290825580714997,0.0,0.0,0.0,0.0,0.499999999756931,0.012471841905096249,38.686448179662264,0.8464274282646181,0.7651432783615086,7.971149534749242,0.018395819051674974,14,21,1,0.05346563981042654,0.5821484992101106,73.09352284071183
/Users/kevin.kunkel/Documents/Dev/Uni/ca-friend-foe-analysis/frames/triumph_des_willens/frame_028368.png,106.40414911356855,50.02907551769264,0.47017974287146486,0.38633089052717806,0.10246803873383652,0.0,0.0,0.0,0.0,0.4999999997650468,0.011464367210812709,32.167375734063896,0.8056490286712075,0.7858411499269187,8.431418718993672,0.019745445709245423,16,17,4,0.21084013515885555,0.5726698262243286,82.02052912317234
/Users/kevin.kunkel/Documents/Dev/Uni/ca-friend-foe-analysis/frames/triumph_des_willens/frame_028438.png,103.60689288221872,44.176130435088744,0.42638215627864035,0.37662731847171027,0.09880748639634895,0.0,0.0,0.0,0.0,0.49999999975870335,0.009752940143935405,28.31293834140999,0.8847845471931678,0.8292802672522361,7.389972033650834,0.022328171511075832,18,19,1,0.2051975454917793,0.5710900473933649,42.0789242172351
/Users/kevin.kunkel/Documents/Dev/Uni/ca-friend-foe-analysis/frames/triumph_des_willens/frame_028486.png,106.92645069042186,43.72142614626855,0.40889252213153027,0.31260056462465624,0.10124846410391435,0.0,0.0,0.0,0.0,0.4999999997661944,0.016017202036159382,29.61020542772161,0.8577165226280086,0.8156434139525477,7.580031332819632,0.02263536970926421,14,17,1,0.1443760604996782,0.3862559241706161,37.44935060718832
/Users/kevin.kunkel/Documents/Dev/Uni/ca-friend-foe-analysis/frames/triumph_des_willens/frame_028527.png,114.07604879761278,66.41739324668342,0.5822203160831363,0.43227612486103795,0.22288960564039553,0.0,0.0,0.0,0.0,0.49999999978084797,0.027669899362237436,-23.33822355148058,0.8030818020262929,0.6686527306656371,11.677566031928862,0.014970966016382866,16,21,2,0.017159981861798606,0.5268562401263823,54.41054931612339
/Users/kevin.kunkel/Documents/Dev/Uni/ca-friend-foe-analysis/frames/triumph_des_willens/frame_028563.png,109.06323686443157,40.34475881712773,0.36992079036023146,0.31898001872330467,0.04738605113802586,0.0,0.0,0.0,0.0,0.4999999997707752,0.010164340881165525,6.816033822394488,0.8127469193165535,0.8495245408289898,8.13111693153466,0.024476212232987453,19,11,1,0.3240759025217951,0.518957345971564,16.613175360886686
/Users/kevin.kunkel/Documents/Dev/Uni/ca-friend-foe-analysis/frames/triumph_des_willens/frame_028603.png,114.81921954537476,49.87128576756703,0.4343461479846069,0.34326728980165,0.16584569363992746,0.0,0.0,0.0,0.0,0.49999999978226645,0.010032692645251888,3.876103942670241,0.8025519824101894,0.7627037456449997,9.862183080709102,0.019813434129986623,23,30,1,0.38354250775261833,0.5118483412322274,45.05717289027268
/Users/kevin.kunkel/Documents/Dev/Uni/ca-friend-foe-analysis/frames/triumph_des_willens/frame_028745.png,64.19199066760284,44.159239189614006,0.6879244382603072,0.7604532356210871,0.035875972734187585,0.0,0.0,0.0,0.0,0.4999999996105433,0.027644301094143117,3.337772283639538,0.8295724386530693,0.8097413974380188,11.893780605605368,0.02257745082425974,3,22,1,0.00370260663507109,0.3341232227488152,31.966210054534407
/Users/kevin.kunkel/Documents/Dev/Uni/ca-friend-foe-analysis/frames/triumph_des_willens/frame_028828.png,77.53351727517406,44.6881442271961,0.5763719451931517,0.70316065473056,0.06612764027850916,0.0,0.0,0.0,0.0,0.4999999996775588,0.04463789421332865,-10.543157453326899,0.8349719810105307,0.8148870773696257,14.903500453392471,0.022589735243335782,17,36,0,0.0,0.5,124.93412621618161
/Users/kevin.kunkel/Documents/Dev/Uni/ca-friend-foe-analysis/frames/triumph_des_willens/frame_028909.png,123.18196163185303,64.77731396905533,0.5258668806563167,0.37651578316072787,0.3171753408226552,0.0,0.0,0.0,0.0,0.49999999979704823,0.03234889708033468,10.690584371428741,0.7452930879800285,0.6726527094077199,14.450126797915265,0.01538774027433932,18,32,0,0.0,0.5,60.83516556971581
/Users/kevin.kunkel/Documents/Dev/Uni/ca-friend-foe-analysis/frames/triumph_des_willens/frame_029059.png,104.0165511087707,54.18710224986445,0.5209469225825994,0.4510140571060792,0.16437013632906208,0.0,0.0,0.0,0.0,0.49999999975965365,0.0881823766894857,0.3006664252189921,0.7586505510869728,0.7569850212119541,24.199265788300007,0.01895864732863243,53,58,11,0.039481671640044465,0.466824644549763,54.68223124305862
/Users/kevin.kunkel/Documents/Dev/Uni/ca-friend-foe-analysis/frames/triumph_des_willens/frame_029154.png,124.39233551284302,75.09200060543449,0.6036706380299008,0.464489716810017,0.40531566321455736,0.0,0.0,0.0,0.0,0.499999999799023,0.024470115850447605,-4.175504758037576,0.8987662782039854,0.5308640969866616,9.033600730010875,0.013238784914638696,7,18,0,0.0,0.5,78.43240344369092
/Users/kevin.kunkel/Documents/Dev/Uni/ca-friend-foe-analysis/frames/triumph_des_willens/frame_029427.png,103.89061494353753,59.89529556158796,0.5765226775920769,0.4700664823591364,0.1933400620209467,0.0,0.0,0.0,0.0,0.4999999997593623,0.04391748581124569,7.081658556228064,0.7755270518481806,0.6899368467499518,15.780676046018057,0.0167545268759402,15,43,3,0.04240170265051782,0.2962085308056872,107.6067495049257
/Users/kevin.kunkel/Documents/Dev/Uni/ca-friend-foe-analysis/frames/triumph_des_willens/frame_029492.png,112.3303218799368,53.29823509609566,0.4744777203221691,0.31348187642618924,0.11297429933883331,0.0,0.0,0.0,0.0,0.49999999977744214,0.026225425662629455,-48.71872729484539,0.8289687354082701,0.8174406990292601,13.57422619500965,0.01874593073521446,15,23,0,0.0,0.5,108.00521842176109
/Users/kevin.kunkel/Documents/Dev/Uni/ca-friend-foe-analysis/frames/triumph_des_willens/frame_029540.png,104.58671779006495,50.02403621172546,0.4783019987710831,0.31345262126265283,0.08770698028201977,0.0,0.0,0.0,0.0,0.49999999976096393,0.018853124451465683,-34.642236718803815,0.7996355294209427,0.8264354839451017,12.172291886489809,0.019895174342913113,24,21,1,0.02632964718272775,0.15481832543443919,80.7063738395562
/Users/kevin.kunkel/Documents/Dev/Uni/ca-friend-foe-analysis/frames/triumph_des_willens/frame_029640.png,103.86609180270318,55.773346719117455,0.5369735752777074,0.47409638113627056,0.15986849803990405,0.0,0.0,0.0,0.0,0.4999999997593055,0.04460315370662922,-4.56438206290008,0.7626306013599635,0.7567877822132134,18.67633246571103,0.018097236340159976,27,44,7,0.0788316950441753,0.839652448657188,88.22983053877712
/Users/kevin.kunkel/Documents/Dev/Uni/ca-friend-foe-analysis/frames/triumph_des_willens/frame_029715.png,92.94980911005793,66.82242246805107,0.7189086565744166,0.5822490638347668,0.2064116347785384,0.0,0.0,0.0,0.0,0.49999999973103765,0.032277587619214794,-42.19849054465708,0.7596258952940488,0.7568095859417372,12.971327130391986,0.014924273513421672,14,22,0,0.0,0.5,132.9671439626522
/Users/kevin.kunkel/Documents/Dev/Uni/ca-friend-foe-analysis/frames/triumph_des_willens/frame_029782.png,111.9359604470189,62.66825259758886,0.5598580857423826,0.38383871628342403,0.21932596103212218,0.0,0.0,0.0,0.0,0.49999999977665804,0.07397716634485987,-19.915361525312377,0.7403774891268309,0.7103217960297106,22.653259051952922,0.01625874180744078,42,69,5,0.05512038499795214,0.669826224328594,114.54879398722153
/Users/kevin.kunkel/Documents/Dev/Uni/ca-friend-foe-analysis/frames/triumph_des_willens/frame_029826.png,106.56503788543678,61.164742679979895,0.573966319876306,0.4191661547013048,0.2002003978702241,0.0,0.0,0.0,0.0,0.4999999997654015,0.0759317769586332,-12.30547828628066,0.7381206253491976,0.7147915603770809,22.49341813279876,0.01666794624845949,43,76,2,0.031619346439646596,0.6540284360189573,80.11177315851484
/Users/kevin.kunkel/Documents/Dev/Uni/ca-friend-foe-analysis/frames/triumph_des_willens/frame_029877.png,81.24383995962788,49.43174909103409,0.6084368864735381,0.6496237054590135,0.08384895559066176,0.0,0.0,0.0,0.0,0.49999999969228437,0.03262133579076707,-5.072030887897924,0.7910507450888611,0.7815622615666051,13.974172863942863,0.02027211273097365,15,35,3,0.0446817769586332,0.3183254344391785,117.1299977641236
/Users/kevin.kunkel/Documents/Dev/Uni/ca-friend-foe-analysis/frames/triumph_des_willens/frame_029934.png,72.17833033467907,50.73381578794835,0.7028953909354018,0.7040218536071616,0.0790236820548827,0.0,0.0,0.0,0.0,0.4999999996536357,0.04248763969340589,4.035753408874612,0.8039551116801527,0.7976801148846786,14.935501436762303,0.019819186536006304,10,35,2,0.028291571587385173,0.46998420221169035,57.658859766803
/Users/kevin.kunkel/Documents/Dev/Uni/ca-friend-foe-analysis/frames/triumph_des_willens/frame_029962.png,70.4450752589082,49.74326159648535,0.7061283041156547,0.7166235153004505,0.06492269323035516,0.0,0.0,0.0,0.0,0.4999999996451136,0.04321901878181499,-5.17553118952236,0.8169653418092999,0.8107196925300828,15.270136435319506,0.0202488123305793,8,35,2,0.036934643964659765,0.44075829383886256,91.6669469340223
/Users/kevin.kunkel/Documents/Dev/Uni/ca-friend-foe-analysis/frames/triumph_des_willens/frame_030109.png,104.67767940729038,67.6501617962614,0.6462711259428505,0.48692477034696624,0.25543414662687963,0.0,0.0,0.0,0.0,0.49999999976117165,0.06872403604236148,21.99330922374571,0.7523047189152414,0.7095799378119743,24.061080329368878,0.015054078623117884,38,63,0,0.0,0.5,68.33617871008819
/Users/kevin.kunkel/Documents/Dev/Uni/ca-friend-foe-analysis/frames/triumph_des_willens/frame_030147.png,101.6185986045287,65.9563875752912,0.6490582276879184,0.5024994880346381,0.23618424901995203,0.0,0.0,0.0,0.0,0.49999999975398207,0.06906961266163478,21.323457771467545,0.7858975340765293,0.6842724305498102,23.44964351921533,0.015446145354391254,23,59,4,0.013278187350067286,0.5007898894154819,68.9368837347036
/Users/kevin.kunkel/Documents/Dev/Uni/ca-friend-foe-analysis/frames/triumph_des_willens/frame_030211.png,82.93605186940495,62.75283062787137,0.7566411607224908,0.6488118746708794,0.16860847814639285,0.0,0.0,0.0,0.0,0.49999999969856296,0.04405644783804342,-6.242552396831115,0.8418248453204932,0.6611171437632719,15.633040432365245,0.016051405809985115,15,34,6,0.026998859048622082,0.6137440758293838,102.4817347570881
/Users/kevin.kunkel/Documents/Dev/Uni/ca-friend-foe-analysis/frames/triumph_des_willens/frame_030247.png,85.50801225791352,63.091000361104925,0.7378372929196738,0.6342446316774911,0.18269483938915218,0.0,0.0,0.0,0.0,0.49999999970762976,0.05005924170616114,-5.274758038504231,0.8385175777642401,0.656900018270318,17.013023767645993,0.01601010443755387,20,43,5,0.01701736293955883,0.5355450236966824,119.03464660216375
/Users/kevin.kunkel/Documents/Dev/Uni/ca-friend-foe-analysis/frames/triumph_des_willens/frame_030343.png,91.72461383184132,60.93020919455092,0.6642732695482034,0.5913291352173659,0.19897533789713884,0.0,0.0,0.0,0.0,0.499999999727445,0.06890688081446375,13.716907792631247,0.7777137892779252,0.7262002823281211,21.428853628133076,0.016728067132639465,15,48,5,0.0269842314668539,0.8704581358609794,113.63591332354022
/Users/kevin.kunkel/Documents/Dev/Uni/ca-friend-foe-analysis/frames/triumph_des_willens/frame_030414.png,85.07153253174185,66.00134917983533,0.7758335501670384,0.5736535310982388,0.17195453747586448,0.0,0.0,0.0,0.0,0.4999999997061297,0.028191006962728922,2.0990605296739915,0.731179206806472,0.7300146133816865,10.728606606816486,0.015063076300127152,9,19,0,0.0,0.5,48.54004918544566
/Users/kevin.kunkel/Documents/Dev/Uni/ca-friend-foe-analysis/frames/triumph_des_willens/frame_030546.png,90.00574315429174,61.43903575168244,0.6826123926125442,0.5782813322801474,0.1581625563161898,0.0,0.0,0.0,0.0,0.49999999972223996,0.028434190509624948,-5.356796541539737,0.7104915756601629,0.7515198979849793,12.577363706803865,0.016203259000180093,5,11,0,0.0,0.5,31.25863537297021
/Users/kevin.kunkel/Documents/Dev/Uni/ca-friend-foe-analysis/frames/triumph_des_willens/frame_030575.png,82.73636892223978,56.559743797511196,0.6836140438107428,0.6189222397753203,0.10028487215493534,0.0,0.0,0.0,0.0,0.49999999969783543,0.0240038616815868,10.551898775838055,0.7636035219775114,0.7423519759521249,11.51697604082459,0.017581527426374973,2,12,0,0.0,0.5,31.661011575506926
/Users/kevin.kunkel/Documents/Dev/Uni/ca-friend-foe-analysis/frames/triumph_des_willens/frame_030622.png,159.55476932303552,55.64869150470952,0.34877485459030916,0.15819181147972616,0.641154335615236,0.0,0.0,0.0,0.0,0.49999999984331395,0.01730077233631736,-26.829463122847983,0.8486338412259176,0.789917010815109,8.572724635150488,0.017817460041638127,24,12,1,0.1700913492481423,0.48578199052132703,125.33876961030316
/Users/kevin.kunkel/Documents/Dev/Uni/ca-friend-foe-analysis/frames/triumph_des_willens/frame_030692.png,133.7409382130946,64.38703407440588,0.48143100300128316,0.29197750277924056,0.512448072084723,0.0,0.0,0.0,0.0,0.4999999998130714,0.04266134222690305,7.185317354181535,0.8280870507468098,0.616423593874962,13.18220671327624,0.015543787210137477,24,35,4,0.030569817447779535,0.3088467614533965,81.73509427466219
/Users/kevin.kunkel/Documents/Dev/Uni/ca-friend-foe-analysis/frames/triumph_des_willens/frame_030755.png,155.7712758176818,51.986384482448926,0.3337353705051592,0.14928361418290328,0.6151830641858288,0.0,0.0,0.0,0.0,0.49999999983950827,0.019524164765081037,-26.837563030527576,0.8423143817236683,0.7969111815495068,8.17177280025641,0.0190860538325036,24,13,1,0.16786795681937863,0.4399684044233807,128.20965749936533
/Users/kevin.kunkel/Documents/Dev/Uni/ca-friend-foe-analysis/frames/triumph_des_willens/frame_030788.png,158.4931890322392,53.15814634547508,0.33539703905587037,0.1467877830437072,0.6302622725411035,0.0,0.0,0.0,0.0,0.49999999984226445,0.019370575156515125,-25.984706261493784,0.836130657575768,0.7921733376308798,8.40089170745888,0.018668724936231534,22,13,1,0.1634650547071558,0.4510268562401264,130.2096555143418
/Users/kevin.kunkel/Documents/Dev/Uni/ca-friend-foe-analysis/frames/triumph_des_willens/frame_030875.png,93.79714835293429,64.83505925077932,0.6912263359830432,0.5485599145749225,0.20676635363641682,0.0,0.0,0.0,0.0,0.49999999973346737,0.06634339710958985,4.226095024937251,0.7619498738586183,0.6872752837070131,20.091300885982168,0.015596499211876978,23,59,1,0.01685097419694576,0.1627172195892575,133.04552401735924
/Users/kevin.kunkel/Documents/Dev/Uni/ca-friend-foe-analysis/frames/triumph_des_willens/frame_031079.png,102.78085688373999,62.495039667113005,0.6080416285787515,0.48799989760692764,0.209432230413668,0.0,0.0,0.0,0.0,0.49999999975676407,0.030350403721256802,6.353819921229544,0.7045579831604984,0.6904769702067419,12.437111249200827,0.015925270086342987,28,19,1,0.10011848341232228,0.40442338072669826,99.32939606005876
/Users/kevin.kunkel/Documents/Dev/Uni/ca-friend-foe-analysis/frames/triumph_des_willens/frame_031141.png,83.95742825171143,49.37557132970759,0.5881024740641796,0.6521817038207244,0.10738656310338775,0.0,0.0,0.0,0.0,0.4999999997022301,0.01843989526651454,19.851291860806143,0.8117636590064029,0.8249068960683195,10.865369931732296,0.02010433630122253,13,13,3,0.04132474694283541,0.6635071090047393,49.5507080615638
/Users/kevin.kunkel/Documents/Dev/Uni/ca-friend-foe-analysis/frames/triumph_des_willens/frame_031258.png,104.59307347434323,59.75022370183527,0.5712636760728299,0.44736264700719675,0.19808488385700077,0.0,0.0,0.0,0.0,0.4999999997609785,0.02493637001930841,-7.914583671248991,0.792938793035206,0.6983245457700192,15.15754502592164,0.01669368429518838,17,38,0,0.0,0.5,53.278867020765304
/Users/kevin.kunkel/Documents/Dev/Uni/ca-friend-foe-analysis/frames/triumph_des_willens/frame_031310.png,73.50770325024867,48.41593998157299,0.6586512402772438,0.7123614036627465,0.08331870575156515,0.0,0.0,0.0,0.0,0.4999999996598996,0.017163638757240654,12.300570015105293,0.8132857019116815,0.821929552411682,9.901749072602207,0.02047247790261283,7,24,3,0.04668575566087414,0.6824644549763034,45.02024146810442
/Users/kevin.kunkel/Documents/Dev/Uni/ca-friend-foe-analysis/frames/triumph_des_willens/frame_031358.png,84.72066438476391,46.50098993346009,0.5488742353032747,0.600178822187116,0.08667939266280499,0.0,0.0,0.0,0.0,0.4999999997049126,0.017514700719677024,3.6366082359580787,0.7844661965189796,0.8193459398527343,10.902859985007499,0.021341039871956794,8,23,1,0.041140073723012115,0.5971563981042654,13.664749720824162
/Users/kevin.kunkel/Documents/Dev/Uni/ca-friend-foe-analysis/frames/triumph_des_willens/frame_031455.png,104.90214879176175,68.74737596647024,0.6553476424720711,0.5330784477210228,0.2676426920601486,0.0,0.0,0.0,0.0,0.4999999997616827,0.03991318530220584,37.50216731231701,0.7682797160757697,0.6981415984115165,13.254661272673694,0.01452582284347391,13,14,1,0.16237347141770522,0.48657187993680884,48.832305096565825
/Users/kevin.kunkel/Documents/Dev/Uni/ca-friend-foe-analysis/frames/triumph_des_willens/frame_031489.png,104.54366150313031,70.78008307505453,0.6770384927184835,0.5274395149493886,0.29138325726990816,0.0,0.0,0.0,0.0,0.49999999976086545,0.0383754607688257,31.095791438735617,0.7450622303218871,0.6510806203634759,12.916198161466692,0.014099428997024828,15,10,1,0.16786795681937863,0.4368088467614534,39.57077354429151
/Users/kevin.kunkel/Documents/Dev/Uni/ca-friend-foe-analysis/frames/triumph_des_willens/frame_031540.png,74.03383908197297,48.33714343000925,0.652906075979634,0.7109973816628635,0.08390380902229244,0.0,0.0,0.0,0.0,0.4999999996623166,0.017331855947574748,12.197349384974984,0.8144138326444029,0.8230585919904765,9.92077061622396,0.020508864114859922,6,23,2,0.02605172312913229,0.6903633491311216,42.480544066718146
/Users/kevin.kunkel/Documents/Dev/Uni/ca-friend-foe-analysis/frames/triumph_des_willens/frame_031601.png,91.73935843426365,48.09174105067758,0.5242214663264279,0.48405227897723946,0.061530922707857934,0.0,0.0,0.0,0.0,0.4999999997274888,0.051170937920542975,12.051854059876064,0.767893490554024,0.7998126574234945,15.781844248841418,0.020970440265674378,24,35,4,0.03863692879293195,0.2938388625592417,41.47218840650074
/Users/kevin.kunkel/Documents/Dev/Uni/ca-friend-foe-analysis/frames/triumph_des_willens/frame_031644.png,84.918696243637,47.56882861974529,0.5601690872319857,0.5321642238605114,0.0482326224328594,0.0,0.0,0.0,0.0,0.4999999997056008,0.046111623076473,18.94508862509248,0.7707100744457868,0.819894465932177,14.95422356525576,0.021180731302543738,24,20,5,0.06837297407992511,0.13270142180094788,45.11876004278071
/Users/kevin.kunkel/Documents/Dev/Uni/ca-friend-foe-analysis/frames/triumph_des_willens/frame_031696.png,84.24758644900825,48.47209888792687,0.5753529670518197,0.5531383476683635,0.05018540459891171,0.0,0.0,0.0,0.0,0.4999999997032556,0.045473494821836054,20.897111453007682,0.7873432984451167,0.8071666184054493,14.366565428774408,0.02071356209098808,20,28,2,0.025702489614416943,0.3056872037914692,48.83565578493767
/Users/kevin.kunkel/Documents/Dev/Uni/ca-friend-foe-analysis/frames/triumph_des_willens/frame_031748.png,82.74810207126558,59.175044819739426,0.7151226827808513,0.6215972587911767,0.16053588145807735,0.0,0.0,0.0,0.0,0.4999999996978783,0.013109970159733192,19.977020994838497,0.7272407447561553,0.7439512751303052,8.260596865410218,0.01671345325284253,11,14,0,0.0,0.5,30.265790856285793
/Users/kevin.kunkel/Documents/Dev/Uni/ca-friend-foe-analysis/frames/triumph_des_willens/frame_031806.png,136.55089849921012,62.00753193814676,0.45409830747540353,0.2570102685624013,0.41424214498859047,0.0,0.0,0.0,0.0,0.49999999981691806,0.0073613305248376336,-17.443530648764735,0.6774058213186392,0.6537015779119899,7.350191980390859,0.015939984131294993,10,10,0,0.0,0.5,92.28597684749623
/Users/kevin.kunkel/Documents/Dev/Uni/ca-friend-foe-analysis/frames/triumph_des_willens/frame_032037.png,79.07127837750863,54.17229359984465,0.6851070912588526,0.6153293400035106,0.09226530045052952,0.0,0.0,0.0,0.0,0.4999999996838296,0.055177066877303844,-8.694718075117635,0.7680651925506028,0.767274442008402,17.659255466633688,0.018716198272495953,7,28,7,0.03798600140424785,0.19273301737756715,66.97874828260566
/Users/kevin.kunkel/Documents/Dev/Uni/ca-friend-foe-analysis/frames/triumph_des_willens/frame_032090.png,73.62708991574513,57.463063483160354,0.7804608802394866,0.6723330261541162,0.10179516997250014,0.0,0.0,0.0,0.0,0.4999999996604511,0.006401395471300685,34.848157681535696,0.8497326737728033,0.7876950988435694,6.6214712189459375,0.01717810067620806,1,7,1,0.414282370838453,0.4707740916271722,74.88314977663693
/Users/kevin.kunkel/Documents/Dev/Uni/ca-friend-foe-analysis/frames/triumph_des_willens/frame_032170.png,94.07965632496635,52.65334991616975,0.559667753019099,0.5020917441928501,0.0933166578901176,0.0,0.0,0.0,0.0,0.49999999973426773,0.06073189105377099,5.801416401240871,0.7649247941526385,0.7561901905628636,18.70241829821298,0.01926836804827588,26,27,8,0.07814785559651279,0.5671406003159558,64.35694410779179
/Users/kevin.kunkel/Documents/Dev/Uni/ca-friend-foe-analysis/frames/triumph_des_willens/frame_032219.png,88.23424426598795,53.25182751901121,0.6035278921653964,0.5391781493183547,0.08434263647533789,0.0,0.0,0.0,0.0,0.4999999997166633,0.06134807793575566,1.6998274639698536,0.7657226283527278,0.7464070529172757,18.880274943859625,0.01908175041562512,17,34,5,0.02493637001930841,0.41232227488151657,58.03171042261096
/Users/kevin.kunkel/Documents/Dev/Uni/ca-friend-foe-analysis/frames/triumph_des_willens/frame_032321.png,84.4862317886607,55.261532385272595,0.6540892066070414,0.574704888537827,0.09287417354163009,0.0,0.0,0.0,0.0,0.4999999997040938,0.08171515710022818,16.64511197599002,0.7429612076531508,0.7732397008264159,20.912196686842005,0.018560075972796953,21,33,6,0.03007796501082441,0.5355450236966824,69.03800129837094
/Users/kevin.kunkel/Documents/Dev/Uni/ca-friend-foe-analysis/frames/triumph_des_willens/frame_032430.png,74.0563509303142,49.84286026782837,0.6730396458154645,0.6952032502486689,0.0791699578725645,0.0,0.0,0.0,0.0,0.49999999966241926,0.05410011116962144,-8.309830477899752,0.8317728715147635,0.7497403374148535,17.03899763553003,0.020291665636920406,23,55,0,0.0,0.5,118.32022188624319
/Users/kevin.kunkel/Documents/Dev/Uni/ca-friend-foe-analysis/frames/triumph_des_willens/frame_032537.png,101.13413309636651,63.056826080607856,0.6234969746383641,0.4789673658650752,0.22125131648235913,0.0,0.0,0.0,0.0,0.49999999975280357,0.04922364109765374,-28.776633389381047,0.8066560229498154,0.7458631518711564,16.600860435927608,0.01599908783696907,27,41,0,0.0,0.5,435.5730986536869
/Users/kevin.kunkel/Documents/Dev/Uni/ca-friend-foe-analysis/frames/triumph_des_willens/frame_032660.png,115.3174313235036,49.51609264978372,0.4293894863816012,0.30295367444854016,0.19694210403136153,0.0,0.0,0.0,0.0,0.49999999978320714,0.024199505587736234,8.468953756196356,0.808796124207099,0.7605053322899717,12.441193718443104,0.0201003514083257,55,31,1,0.006803653969925692,0.6390205371248026,89.2373886085216
/Users/kevin.kunkel/Documents/Dev/Uni/ca-friend-foe-analysis/frames/triumph_des_willens/frame_032806.png,126.1708611257387,58.631279047733365,0.46469746245793764,0.3316365338482242,0.36408051021005206,0.0,0.0,0.0,0.0,0.499999999801856,0.005046515710022819,-14.344098643319569,0.7468232907814112,0.7326660358236121,7.566137389527939,0.016843392702850686,9,15,0,0.0,0.5,106.86976333202686
/Users/kevin.kunkel/Documents/Dev/Uni/ca-friend-foe-analysis/frames/triumph_des_willens/frame_032842.png,115.64808780937335,67.57971775590538,0.5843565507876244,0.4257156544380083,0.3804981422971154,0.0,0.0,0.0,0.0,0.499999999783827,0.009103841202972324,37.33122536456008,0.6642759318343217,0.7166187788992766,7.2384280386815725,0.014635065247914641,8,7,1,0.11065034228541337,0.5355450236966824,99.87893784833791
/Users/kevin.kunkel/Documents/Dev/Uni/ca-friend-foe-analysis/frames/triumph_des_willens/frame_032994.png,63.030057852085896,45.2752999948563,0.7183128409825296,0.7818881282546369,0.0485142033818969,0.0,0.0,0.0,0.0,0.4999999996033639,0.02850184307530279,9.74495826371345,0.8508214247608821,0.8203708156375537,13.323589449162299,0.022530451007445877,9,26,2,0.04107607805277631,0.5276461295418642,407.72472338978696
/Users/kevin.kunkel/Documents/Dev/Uni/ca-friend-foe-analysis/frames/triumph_des_willens/frame_033027.png,56.61840113217483,46.10255435031593,0.8142680356031846,0.8022917763735299,0.04372915569598034,0.0,0.0,0.0,0.0,0.4999999995584475,0.028293400035106196,14.907955525115376,0.8487101484441415,0.8197951138964727,12.768582152279848,0.02210451827219702,13,24,4,0.05847741501374993,0.5284360189573459,506.48781061365776
/Users/kevin.kunkel/Documents/Dev/Uni/ca-friend-foe-analysis/frames/triumph_des_willens/frame_033227.png,67.34196177812883,49.19827458780148,0.7305738237451022,0.745099760107659,0.06922868761336376,0.0,0.0,0.0,0.0,0.49999999962876046,0.011846512784506465,-1.1688780931780656,0.8232144741929304,0.8212364006784149,8.358635707748007,0.02008053324875139,1,6,2,0.015404672049616758,0.5766192733017378,11.380342038950737
/Users/kevin.kunkel/Documents/Dev/Uni/ca-friend-foe-analysis/frames/triumph_des_willens/frame_033674.png,91.53384273886842,49.70972994930007,0.5430748716276076,0.5412552659294365,0.09371343104557954,0.0,0.0,0.0,0.0,0.499999999726877,0.049958677081504886,11.516980631970782,0.8063366253996772,0.8041725125938796,19.448361824320287,0.02047889884248314,38,51,3,0.029094260136914164,0.3807266982622433,56.87875949869057
/Users/kevin.kunkel/Documents/Dev/Uni/ca-friend-foe-analysis/frames/triumph_des_willens/frame_033857.png,92.49476698262244,47.28089312489735,0.5111737086992493,0.5068658211924405,0.07029101573927798,0.0,0.0,0.0,0.0,0.49999999972971443,0.03207280147446024,-1.1996280937335513,0.761334482889171,0.813526699943925,14.575778911918537,0.0211479474136899,33,28,3,0.10369127025920075,0.296998420221169,44.123767529777275
/Users/kevin.kunkel/Documents/Dev/Uni/ca-friend-foe-analysis/frames/triumph_des_willens/frame_033889.png,89.9287069949096,45.968466339800024,0.511165653602531,0.518154657422035,0.057760663507109004,0.0,0.0,0.0,0.0,0.49999999972200204,0.027777777777777776,17.338698068381532,0.789821770086538,0.8150385831196051,14.05119666317851,0.0217343919914279,31,28,3,0.1042818588730911,0.28515007898894157,27.14170130658573
/Users/kevin.kunkel/Documents/Dev/Uni/ca-friend-foe-analysis/frames/triumph_des_willens/frame_034045.png,74.20995333801416,49.48188119773086,0.6667822698347591,0.6780432683868702,0.06184358726815283,0.0,0.0,0.0,0.0,0.499999999663118,0.027137821075419812,2.0770470722061845,0.8510855099748635,0.7532244669433643,12.922841255242721,0.02013365469366667,37,35,6,0.07288375460768826,0.1911532385466035,61.64345064758262
/Users/kevin.kunkel/Documents/Dev/Uni/ca-friend-foe-analysis/frames/triumph_des_willens/frame_034080.png,79.84479587209643,52.65753223671726,0.6594986134740658,0.602343704288807,0.07556608741442865,0.0,0.0,0.0,0.0,0.49999999968689257,0.02175121408928676,5.559036758002023,0.7437863036502413,0.7449209090574814,12.092848564026003,0.018871468820636055,21,30,4,0.03727473524077,0.12322274881516587,35.30396391152036
/Users/kevin.kunkel/Documents/Dev/Uni/ca-friend-foe-analysis/frames/triumph_des_willens/frame_034294.png,88.64493739395003,50.60023561594677,0.5708192373580298,0.5353219530747176,0.04349145749224738,0.0,0.0,0.0,0.0,0.49999999971797604,0.03201977649055058,31.381844134413782,0.8122120230691305,0.7945304528281073,13.151657393690549,0.01975616350014047,12,12,0,0.0,0.5,42.97045191153858
/Users/kevin.kunkel/Documents/Dev/Uni/ca-friend-foe-analysis/frames/triumph_des_willens/frame_034377.png,80.55753576443742,50.562866522604494,0.6276615338345493,0.5668754753964075,0.051655476566614004,0.0,0.0,0.0,0.0,0.4999999996896628,0.00976939617342461,16.836180538891227,0.815901945296286,0.8054229233887649,7.933307473485898,0.019528770628669388,15,7,2,0.22450778187350068,0.3546603475513428,83.03612866406664
/Users/kevin.kunkel/Documents/Dev/Uni/ca-friend-foe-analysis/frames/triumph_des_willens/frame_034786.png,90.57425326195073,55.14552973750829,0.6088433267800398,0.5639627581768182,0.12962048739102452,0.0,0.0,0.0,0.0,0.4999999997239834,0.024411605523374874,12.35791387353919,0.769947145671211,0.7695965390961823,14.6829042480455,0.018033869552981613,15,49,4,0.12827292142063074,0.5221169036334913,62.1914607918184
/Users/kevin.kunkel/Documents/Dev/Uni/ca-friend-foe-analysis/frames/triumph_des_willens/frame_035154.png,90.86407136797145,55.518429306359074,0.6110053006586733,0.5249455122579135,0.09447955064068808,0.0,0.0,0.0,0.0,0.49999999972486375,0.04651753847054005,1.2049115785826956,0.8290318060990706,0.7004900955342287,19.641720508659105,0.018424721882712065,22,61,0,0.0,0.5,533.4507746315094
/Users/kevin.kunkel/Documents/Dev/Uni/ca-friend-foe-analysis/frames/triumph_des_willens/frame_035230.png,83.73392794453221,51.81430211411209,0.6187969837812421,0.602499122345094,0.09145712655783746,0.0,0.0,0.0,0.0,0.49999999970143527,0.05729989468141127,5.629248919040222,0.7907670130248576,0.7862365615491391,22.056119392070013,0.020205004583687236,58,56,1,0.002239848458252882,0.35624012638230645,969.3073114581631
/Users/kevin.kunkel/Documents/Dev/Uni/ca-friend-foe-analysis/frames/triumph_des_willens/frame_035297.png,100.0738327189749,66.9326232277838,0.6688324144520301,0.506827423790299,0.24705437072143233,0.0,0.0,0.0,0.0,0.49999999975018444,0.051156310338774796,6.437492292745688,0.7464817224063577,0.6442601756478494,15.80611224165192,0.015181787059359944,13,47,2,0.006582411795681938,0.0679304897314376,737.0198921060504
/Users/kevin.kunkel/Documents/Dev/Uni/ca-friend-foe-analysis/frames/triumph_des_willens/frame_035936.png,46.39627216078638,27.5121667092511,0.5929822670797645,0.9172444561465098,0.008341378503305833,0.0,0.0,0.0,0.0,0.49999999946116364,0.028659089579310747,13.029126338979204,0.9170067722835433,0.8959299563121076,10.360185024299355,0.03690389859933275,1,10,0,0.0,0.5,35.528627281305745
/Users/kevin.kunkel/Documents/Dev/Uni/ca-friend-foe-analysis/frames/triumph_des_willens/frame_036010.png,97.68634990638348,66.39611911997956,0.6796867639710236,0.6102444268913463,0.24757182142648176,0.0,0.0,0.0,0.0,0.4999999997440789,0.0053116406295711195,1.7460003631898928,0.8016504071056777,0.6478869055826738,4.5414810868570195,0.014869568875625279,2,7,1,0.05038470540050319,0.660347551342812,50.60955757421028
/Users/kevin.kunkel/Documents/Dev/Uni/ca-friend-foe-analysis/frames/triumph_des_willens/frame_036149.png,104.6630426832836,58.78792960999251,0.5616875646518267,0.4944323766894857,0.21360474811304195,0.0,0.0,0.0,0.0,0.49999999976113824,0.010367298578199052,-11.739329017085765,0.7969574343106852,0.697101109548367,6.909125563643611,0.016807036853816758,5,13,0,0.0,0.5,126.17931612186398
/Users/kevin.kunkel/Documents/Dev/Uni/ca-friend-foe-analysis/frames/triumph_des_willens/frame_036283.png,71.21293553624714,47.33206885148251,0.664655493115083,0.6529953630565795,0.03575346673687906,0.0,0.0,0.0,0.0,0.4999999996489402,0.06940970393774501,18.66421079521089,0.8142076697860702,0.8089529298006122,18.997512626811652,0.02159779899915996,9,38,7,0.04500175530981218,0.45813586097946285,77.66787400152252
/Users/kevin.kunkel/Documents/Dev/Uni/ca-friend-foe-analysis/frames/triumph_des_willens/frame_036384.png,70.81962728921654,41.634246923085875,0.5878913580590991,0.6712652126850389,0.03523235913638757,0.0,0.0,0.0,0.0,0.49999999964699054,0.018478292668656016,10.170021972386834,0.8547311335744876,0.8016605162341542,10.987089524170166,0.023863138780614662,11,3,22,0.1150221607863788,0.5134281200631912,18.678269230971207
/Users/kevin.kunkel/Documents/Dev/Uni/ca-friend-foe-analysis/frames/triumph_des_willens/frame_036697.png,41.419511731320576,32.42902302693718,0.782940734767787,0.8971516441401908,0.009262916154701305,0.0,0.0,0.0,0.0,0.49999999939641976,0.0469636797144696,7.401280579978064,0.8922741988961052,0.8853515140233308,15.344802832937924,0.03227515053103798,1,3,1,0.006150898133520566,0.8973143759873617,49.76202531919918
/Users/kevin.kunkel/Documents/Dev/Uni/ca-friend-foe-analysis/frames/triumph_des_willens/frame_036792.png,44.716365704171785,30.642271476906267,0.6852585384755824,0.9160139108302615,0.01396934058861389,0.0,0.0,0.0,0.0,0.4999999994409206,0.0020003218067989,-3.990927647444174,0.8877020613991311,0.8902625956031733,2.8583336746072834,0.03172864682469908,2,3,1,0.04622498683517641,0.6848341232227488,3.130446683383514
/Users/kevin.kunkel/Documents/Dev/Uni/ca-friend-foe-analysis/frames/triumph_des_willens/frame_037099.png,61.482611462173075,38.53782650114011,0.6268085483351581,0.8138183108068574,0.02695131940787549,0.0,0.0,0.0,0.0,0.499999999593381,0.009873617693522907,14.93325673988975,0.8811759657932566,0.870094778710828,6.04449098891885,0.025553983258638197,6,10,0,0.0,0.5,17.84813866207224
/Users/kevin.kunkel/Documents/Dev/Uni/ca-friend-foe-analysis/frames/triumph_des_willens/frame_037142.png,61.81273404130829,36.96194255235885,0.5979664718901,0.8122275612895676,0.022469794043648704,0.0,0.0,0.0,0.0,0.49999999959555264,0.009699915160025744,10.666220189821573,0.8685765699410651,0.8672946801200555,5.905551922679124,0.02663559304060294,13,9,2,0.11192477034696624,0.330173775671406,22.192670089202686
/Users/kevin.kunkel/Documents/Dev/Uni/ca-friend-foe-analysis/frames/triumph_des_willens/frame_037185.png,80.13318961734247,53.36443872437214,0.6659467682817446,0.6003525247206132,0.06396824351998127,0.0,0.0,0.0,0.0,0.49999999968801945,0.010349014100988825,36.599493223726455,0.8251207062311203,0.836045211567984,8.544016667499621,0.018531280255220085,10,15,2,0.10818010941431162,0.34360189573459715,45.04981967455249
/Users/kevin.kunkel/Documents/Dev/Uni/ca-friend-foe-analysis/frames/triumph_des_willens/frame_037223.png,77.42340449651863,48.97326549048152,0.6325382582398557,0.5606989789947926,0.025669577555438534,0.0,0.0,0.0,0.0,0.49999999967710024,0.032052688549528995,38.52532528547856,0.8508281075580428,0.8113538679067501,9.725766123362648,0.020254659236966715,29,9,1,0.008454742262009245,0.9067930489731437,59.630270450633276
/Users/kevin.kunkel/Documents/Dev/Uni/ca-friend-foe-analysis/frames/triumph_des_willens/frame_037261.png,74.79001557837458,45.36678174343956,0.6065887449273165,0.6029269791118133,0.014298461178397988,0.0,0.0,0.0,0.0,0.4999999996657308,0.009056301562225732,22.25707185716223,0.8655098400603001,0.8058960556796558,7.838557697841647,0.021734845621817718,19,6,3,0.2861904657422035,0.3665086887835703,26.44518436488093
/Users/kevin.kunkel/Documents/Dev/Uni/ca-friend-foe-analysis/frames/triumph_des_willens/frame_037282.png,53.368894813059505,34.71441648345641,0.6504615945300697,0.884473187642619,0.023985577204376572,0.0,0.0,0.0,0.0,0.4999999995315624,0.006344713591948979,17.14327261544495,0.8696750869910892,0.894787687988932,5.2516500086516,0.02832432773407777,1,10,0,0.0,0.5,34.369544913711245
/Users/kevin.kunkel/Documents/Dev/Uni/ca-friend-foe-analysis/frames/triumph_des_willens/frame_037349.png,52.81125117020654,35.166406973627645,0.6658885394269529,0.8298647680065532,0.006017421449885905,0.0,0.0,0.0,0.0,0.49999999952661606,0.006072274881516588,8.99300047067485,0.8987481227936731,0.8306679783376079,6.067464740679597,0.02789259747549063,2,6,2,0.1550834503539875,0.2985781990521327,28.129181048834013
/Users/kevin.kunkel/Documents/Dev/Uni/ca-friend-foe-analysis/frames/triumph_des_willens/frame_037415.png,105.28438030249839,57.883139432795645,0.5497789815688756,0.49750416886080395,0.2352828242934878,0.0,0.0,0.0,0.0,0.4999999997625479,0.016680928558890643,-18.953361783979872,0.7835218140266463,0.7292502619894652,8.165190954113347,0.017108769132465868,10,15,1,0.07460798080861272,0.315955766192733,124.27994442281934
/Users/kevin.kunkel/Documents/Dev/Uni/ca-friend-foe-analysis/frames/triumph_des_willens/frame_037485.png,59.12920725820607,41.39178815351203,0.7000227130182829,0.8180273974606518,0.02560558188520274,0.0,0.0,0.0,0.0,0.49999999957719715,0.032650590954303435,2.4472109321361657,0.8645574123979941,0.8328134336247391,12.925181749204608,0.024272732430830068,1,18,1,0.005734012053127377,0.7677725118483413,21.592822621557215
/Users/kevin.kunkel/Documents/Dev/Uni/ca-friend-foe-analysis/frames/triumph_des_willens/frame_037561.png,53.881262433444505,39.54407230202827,0.7339113903925871,0.8512246942835411,0.028968097244163594,0.0,0.0,0.0,0.0,0.4999999995360168,0.02187737698203733,1.464033218219818,0.8609842957134876,0.8585071886232224,10.436579740311974,0.025339695911907364,7,21,1,0.007257109004739337,0.8175355450236966,38.35524220093346
/Users/kevin.kunkel/Documents/Dev/Uni/ca-friend-foe-analysis/frames/triumph_des_willens/frame_037895.png,112.57679663273068,57.59980638332378,0.5116490080995275,0.42471549353460886,0.23427169270376222,0.0,0.0,0.0,0.0,0.49999999977792936,0.015411985840500849,-18.31982288683288,0.8008006880126106,0.7314647624169217,9.223781834133913,0.0172073627299836,14,19,0,0.0,0.5,122.55656911271485
/Users/kevin.kunkel/Documents/Dev/Uni/ca-friend-foe-analysis/frames/triumph_des_willens/frame_037930.png,105.06818464396466,59.12391366518304,0.5627194741134922,0.4948181791586215,0.21235408987186238,0.0,0.0,0.0,0.0,0.4999999997620593,0.016190904569656543,-19.213505201864322,0.80140543813336,0.7255814471240911,9.416638599086058,0.016770177772845236,10,18,1,0.016156164062957112,0.14375987361769352,120.6613668075919
/Users/kevin.kunkel/Documents/Dev/Uni/ca-friend-foe-analysis/frames/triumph_des_willens/frame_038078.png,101.53513910830262,58.34245203021229,0.5746035558243622,0.523619887660172,0.19931360072552806,0.0,0.0,0.0,0.0,0.49999999975377984,0.015417471183663916,-17.52478836990599,0.8028050539155456,0.7230483939356334,9.058166505507991,0.01698254584299784,6,16,0,0.0,0.5,125.0786529847623
/Users/kevin.kunkel/Documents/Dev/Uni/ca-friend-foe-analysis/frames/triumph_des_willens/frame_038195.png,76.38887791820257,37.18905843886822,0.4868386524803586,0.657941314141946,0.014567242993388333,0.0,0.0,0.0,0.0,0.49999999967272724,0.018721476215552046,8.740290213536767,0.845768928951254,0.8320437677532335,10.811093539582574,0.026713653619749242,12,7,5,0.1804623047217834,0.3522906793048973,18.411502229737064
/Users/kevin.kunkel/Documents/Dev/Uni/ca-friend-foe-analysis/frames/triumph_des_willens/frame_038268.png,94.07884449417823,38.2182781003626,0.4062366865284358,0.3953707360599146,0.028300713825990288,0.0,0.0,0.0,0.0,0.49999999973426545,0.016832689719735533,15.146491007462657,0.8383565166163592,0.8539614846759145,9.56420123819335,0.025971062150354263,20,16,2,0.18800099467556022,0.3459715639810427,24.606822578739358
/Users/kevin.kunkel/Documents/Dev/Uni/ca-friend-foe-analysis/frames/triumph_des_willens/frame_038338.png,75.24585856591189,41.23393259716849,0.5479893954064001,0.7027766807091451,0.05255324439763618,0.0,0.0,0.0,0.0,0.4999999996677558,0.014932932537592885,-0.904379428546676,0.8197568867228595,0.8389867758519254,7.436801786105676,0.023927965546639878,14,7,1,0.03686881984670294,0.7424960505529226,20.290005175650116
/Users/kevin.kunkel/Documents/Dev/Uni/ca-friend-foe-analysis/frames/triumph_des_willens/frame_038450.png,92.81240857761395,42.0075504593079,0.4526070496157696,0.5046917968521444,0.058782765783160724,0.0,0.0,0.0,0.0,0.49999999973063947,0.007121803873383652,12.258471638044739,0.8131270213310297,0.8251401586185341,8.07386750060923,0.023442279728339368,16,13,1,0.06810784916037681,0.28199052132701424,32.66985193745221
/Users/kevin.kunkel/Documents/Dev/Uni/ca-friend-foe-analysis/frames/triumph_des_willens/frame_038652.png,111.16773630858347,56.43863029738829,0.5076889403410625,0.4228413346205605,0.23551138025861565,0.0,0.0,0.0,0.0,0.4999999997751146,0.01477751448130595,-18.409663758184976,0.7868940165733369,0.7318285169787558,9.198145549347565,0.017560968772029763,14,17,0,0.0,0.5,120.28313600985288
/Users/kevin.kunkel/Documents/Dev/Uni/ca-friend-foe-analysis/frames/triumph_des_willens/frame_038790.png,86.64299923936575,30.980069066339365,0.35755997948542567,0.44925691884617636,0.0007551489087824001,0.0,0.0,0.0,0.0,0.4999999997114597,0.008039684629337077,4.244893400109163,0.8780523174104935,0.8708504976650764,7.589926655226582,0.03168538029704276,22,0,1,0.030900766485284652,0.5639810426540285,15.811977165344647
/Users/kevin.kunkel/Documents/Dev/Uni/ca-friend-foe-analysis/frames/triumph_des_willens/frame_038863.png,107.01655476566614,56.95567457100237,0.5322136807944966,0.46858909660055,0.2347525744543912,0.0,0.0,0.0,0.0,0.4999999997663913,0.014964016148850273,-22.624303535005097,0.7924106943110754,0.7296061453765754,8.836469685502443,0.01740351969837627,10,14,0,0.0,0.5,151.6544544909951
/Users/kevin.kunkel/Documents/Dev/Uni/ca-friend-foe-analysis/frames/triumph_des_willens/frame_038945.png,72.2147749546545,49.12962134269898,0.6803264471227125,0.6044665320929145,0.020648660113510034,0.0,0.0,0.0,0.0,0.4999999996538105,0.013870604411678662,10.317441993306119,0.7784778796545826,0.7947786533741485,7.91645381829416,0.020115221081938004,14,10,6,0.39257321104674975,0.49921011058451814,43.153395648288985
/Users/kevin.kunkel/Documents/Dev/Uni/ca-friend-foe-analysis/frames/triumph_des_willens/frame_039152.png,112.42540298987771,56.52438847144084,0.5027723887834568,0.43574651863553915,0.271208165116143,0.0,0.0,0.0,0.0,0.4999999997776303,0.014746430870048564,-29.47517150839623,0.8017802627457864,0.738057230334703,7.6165922503980985,0.017516257535613738,10,9,0,0.0,0.5,134.03674567791737
/Users/kevin.kunkel/Documents/Dev/Uni/ca-friend-foe-analysis/frames/triumph_des_willens/frame_039199.png,108.78048570885261,56.15903900225066,0.5162602334846386,0.4570150225264759,0.24351632438125329,0.0,0.0,0.0,0.0,0.4999999997701794,0.011603329237610439,-20.116939646967936,0.7896345657214381,0.7367390671106699,6.373392071108232,0.017594742910576694,12,7,0,0.0,0.5,119.36146592743633
/Users/kevin.kunkel/Documents/Dev/Uni/ca-friend-foe-analysis/frames/triumph_des_willens/frame_039496.png,107.28148952665146,58.68262408192484,0.5469967306209607,0.47440173190568136,0.25092885144227955,0.0,0.0,0.0,0.0,0.4999999997669682,0.01295638055116728,-27.851754411789756,0.7712830167465734,0.7303911945110908,6.786172865404445,0.016844757931735895,9,5,0,0.0,0.5,137.57144972892613
/Users/kevin.kunkel/Documents/Dev/Uni/ca-friend-foe-analysis/frames/triumph_des_willens/frame_039565.png,58.96348224211573,40.44429640020179,0.6859210954593454,0.7797616435550875,0.022286949271546428,0.0,0.0,0.0,0.0,0.49999999957600877,0.024548739102451582,15.431054501906772,0.8609850557741088,0.854312024856825,10.12063071417872,0.024733863411704388,11,20,4,0.0525623866362413,0.6113744075829384,24.498256175032438
/Users/kevin.kunkel/Documents/Dev/Uni/ca-friend-foe-analysis/frames/triumph_des_willens/frame_039707.png,110.63252954771517,57.91316866414128,0.5234732392773894,0.4479843192323445,0.2451472997484056,0.0,0.0,0.0,0.0,0.4999999997740267,0.011270551752384296,-24.105726043261342,0.7810324147211982,0.7459728455962789,7.225083928582022,0.017068898154423005,10,9,0,0.0,0.5,131.168395828911
/Users/kevin.kunkel/Documents/Dev/Uni/ca-friend-foe-analysis/frames/triumph_des_willens/frame_039773.png,66.76304414604178,42.99374255286787,0.6439751667767437,0.7122005002632965,0.026060865367737406,0.0,0.0,0.0,0.0,0.49999999962554137,0.007235167632087063,14.401461538440174,0.8403628902265956,0.8399223683847661,6.259129199718004,0.022908728607301945,10,10,3,0.13814653911415364,0.3372827804107425,47.37145209472798
/Users/kevin.kunkel/Documents/Dev/Uni/ca-friend-foe-analysis/frames/triumph_des_willens/frame_040034.png,112.4196177812884,59.615093310196436,0.5302908374332682,0.4459474284711252,0.278759654203967,0.0,0.0,0.0,0.0,0.4999999997776189,0.012936267626236031,-24.3347900738341,0.7771235233312798,0.7151036783091107,7.584203981214172,0.016592549528041317,9,9,0,0.0,0.5,117.64962623241185
/Users/kevin.kunkel/Documents/Dev/Uni/ca-friend-foe-analysis/frames/triumph_des_willens/frame_040173.png,50.398325507577084,37.608968416371624,0.7462344822566356,0.8743783277748522,0.020259200748932185,0.0,0.0,0.0,0.0,0.4999999995039518,0.021365411620150956,17.383488545399942,0.8780740149901163,0.8603236776426464,8.882951436361271,0.02656006898745269,2,17,3,0.0699234977473524,0.8436018957345972,18.01023157600954
/Users/kevin.kunkel/Documents/Dev/Uni/ca-friend-foe-analysis/frames/triumph_des_willens/frame_040234.png,105.28320095371834,57.59189161303219,0.5470188124660766,0.4807098765432099,0.23191116669592182,0.0,0.0,0.0,0.0,0.4999999997625452,0.012307281610204201,-27.25745962694853,0.7874288554576941,0.7202771371675721,7.168574706343624,0.01716192133711863,13,10,1,0.07168246445497631,0.325434439178515,126.06943770443397
/Users/kevin.kunkel/Documents/Dev/Uni/ca-friend-foe-analysis/frames/triumph_des_willens/frame_040290.png,56.73456972968229,32.826760991728776,0.5786024480360918,0.795385729331227,0.001656573635246621,0.0,0.0,0.0,0.0,0.4999999995593516,0.004971549353460886,23.611202070599006,0.8833238827682498,0.8826645420240296,5.723883901915058,0.029797466085472735,9,1,2,0.16880960739570533,0.32385466034755134,9.760350977139096
/Users/kevin.kunkel/Documents/Dev/Uni/ca-friend-foe-analysis/frames/triumph_des_willens/frame_040427.png,112.63585366567199,57.59697341021156,0.5113555895801749,0.40670345503481364,0.2586814697794161,0.0,0.0,0.0,0.0,0.4999999997780458,0.012237800596805336,-26.75604822732224,0.7846898837939014,0.7260872131904801,7.33825953679294,0.017168445185681155,17,11,1,0.05346563981042654,0.3546603475513428,121.60673435807055
/Users/kevin.kunkel/Documents/Dev/Uni/ca-friend-foe-analysis/frames/triumph_des_willens/frame_040701.png,93.14399391492599,40.79598516116922,0.43798835977155776,0.45386095020771167,0.04438739687554853,0.0,0.0,0.0,0.0,0.49999999973159837,0.011912336902463285,2.4375300536628544,0.8101412737583478,0.8309124300212349,8.769343267642755,0.02421328203623069,15,16,0,0.0,0.5,34.16571249279766
/Users/kevin.kunkel/Documents/Dev/Uni/ca-friend-foe-analysis/frames/triumph_des_willens/frame_040997.png,123.38155498507987,67.94615465582056,0.550699451056255,0.41077175121408926,0.388815750980048,0.0,0.0,0.0,0.0,0.4999999997973765,0.012513896202679772,13.33137867642975,0.7460673746416242,0.6673493618028552,5.9331347823026945,0.01456191430038292,6,7,1,0.06325697735650342,0.6856240126382307,92.80221814247462
/Users/kevin.kunkel/Documents/Dev/Uni/ca-friend-foe-analysis/frames/triumph_des_willens/frame_041049.png,78.53998449476333,43.567389057689375,0.5547160377288162,0.6561220086595284,0.04572764905505822,0.0,0.0,0.0,0.0,0.4999999996816908,0.01630061143291791,-4.064619691669094,0.7864533965244865,0.8394646911741724,8.330198072380432,0.02268968332034187,5,4,3,0.07775656778421391,0.8009478672985783,36.42007505458066
/Users/kevin.kunkel/Documents/Dev/Uni/ca-friend-foe-analysis/frames/triumph_des_willens/frame_041077.png,66.70838087297408,43.918133751116464,0.6583600607682153,0.7503766602305307,0.04862025334971622,0.0,0.0,0.0,0.0,0.4999999996252345,0.010502603709554737,-9.448381752017674,0.7981313120883483,0.8543171238842466,7.279290175109568,0.022465472165461672,1,3,2,0.07866896319700427,0.4107424960505529,23.765794029255975
/Users/kevin.kunkel/Documents/Dev/Uni/ca-friend-foe-analysis/frames/triumph_des_willens/frame_041165.png,57.59086836639167,28.814408082326256,0.5003294593333228,0.8370743373705459,0.007695936457784799,0.0,0.0,0.0,0.0,0.4999999995659034,0.009133096366508688,11.168127179787426,0.885178717499521,0.8843788637700744,5.822757463205432,0.0340817306323967,2,7,1,0.03185887309110058,0.636650868878357,16.77914493348746
/Users/kevin.kunkel/Documents/Dev/Uni/ca-friend-foe-analysis/frames/triumph_des_willens/frame_041884.png,108.1859257065122,68.839241354126,0.6363049614904924,0.5301821865309227,0.28158460593294715,0.0,0.0,0.0,0.0,0.49999999976891635,0.014773857585863906,-33.58108510641843,0.7527882321965121,0.6576404401423017,7.393148246863947,0.014386333182528835,7,7,0,0.0,0.5,122.89602068704592
/Users/kevin.kunkel/Documents/Dev/Uni/ca-friend-foe-analysis/frames/triumph_des_willens/frame_043864.png,68.2788583903809,47.702160232320864,0.6986373423193818,0.7960329998244691,0.07837641156164063,0.0,0.0,0.0,0.0,0.4999999996338545,0.014492276636826399,19.7226652851934,0.8330416564847225,0.8438864815734076,7.659680539202958,0.020808586798510546,14,18,1,0.008207901819671171,0.6927330173775671,21.40581978455701
/Users/kevin.kunkel/Documents/Dev/Uni/ca-friend-foe-analysis/frames/triumph_des_willens/frame_044203.png,83.90659557661927,57.36562217337133,0.6836843005103158,0.6451238956175765,0.13910281727224855,0.0,0.0,0.0,0.0,0.49999999970204967,0.013877918202562753,39.95614176515288,0.7789522005045655,0.8619110264241655,7.400868901294409,0.017258101003734497,6,9,1,0.3523802732432274,0.5679304897314376,42.095615321706006
/Users/kevin.kunkel/Documents/Dev/Uni/ca-friend-foe-analysis/frames/triumph_des_willens/frame_044879.png,68.95843755485343,61.96835886992129,0.8986334519363902,0.7228182961792756,0.12226829910479199,0.0,0.0,0.0,0.0,0.49999999963746283,0.010870121701480311,46.288500443271275,0.7577487606709643,0.8513852405706774,6.8346895823817615,0.01596556442308632,4,3,2,0.26259800479784684,0.6263823064770933,36.25000138450591
/Users/kevin.kunkel/Documents/Dev/Uni/ca-friend-foe-analysis/frames/triumph_des_willens/frame_045737.png,68.6534415043005,50.29157551703939,0.732542671449833,0.7111509712714295,0.07305197179802235,0.0,0.0,0.0,0.0,0.49999999963585223,0.014910991164940612,28.246596587588854,0.8237728175934818,0.8656034979040843,7.1194316694279935,0.019689814640095626,15,10,1,0.18958077350652391,0.320695102685624,28.985195827666406
/Users/kevin.kunkel/Documents/Dev/Uni/ca-friend-foe-analysis/frames/triumph_des_willens/frame_046188.png,72.15088899128196,49.92070458015919,0.6918931313098835,0.7408833596629805,0.08172064244339126,0.0,0.0,0.0,0.0,0.49999999965350395,0.011411342226903048,35.12505744566131,0.8221623208408049,0.8598094802266898,6.225423752125767,0.019786642396723987,2,13,1,0.21511504593060676,0.4510268562401264,38.66813129513029
/Users/kevin.kunkel/Documents/Dev/Uni/ca-friend-foe-analysis/frames/triumph_des_willens/frame_046715.png,69.813004651571,58.194360113880855,0.8335747805292868,0.7409491837809373,0.1189112690889942,0.0,0.0,0.0,0.0,0.49999999964190056,0.016924112105786673,10.304442898827489,0.8195552125244223,0.7541867180533723,8.972783311431073,0.01706306112819583,6,9,2,0.11644286466561347,0.22432859399684044,23.787676994492628
/Users/kevin.kunkel/Documents/Dev/Uni/ca-friend-foe-analysis/frames/triumph_des_willens/frame_047216.png,62.67643240594465,54.37624763447682,0.8675708788836922,0.7802480106488795,0.09809256333742905,0.0,0.0,0.0,0.0,0.499999999601126,0.015196229009420163,20.100642136952672,0.8549513073616317,0.7844406553643493,8.370094590660905,0.018249587836591585,4,13,1,0.08295484465508163,0.23459715639810427,22.048119684443495
/Users/kevin.kunkel/Documents/Dev/Uni/ca-friend-foe-analysis/frames/triumph_des_willens/frame_047457.png,54.153280600901056,50.01899263595841,0.923655815281495,0.8265717336609911,0.0728234158328945,0.0,0.0,0.0,0.0,0.4999999995383475,0.006328257562459774,-14.515226803432704,0.8046973897510558,0.8933618706507451,4.952211376389787,0.01969172848317383,3,6,1,0.18958077350652391,0.5671406003159558,37.15381917360652
/Users/kevin.kunkel/Documents/Dev/Uni/ca-friend-foe-analysis/frames/triumph_des_willens/frame_047794.png,55.20833516178106,52.41440657080427,0.9493929915160666,0.8087827657831608,0.07905476566614007,0.0,0.0,0.0,0.0,0.49999999954716984,0.010815268269849628,-6.4232246953019185,0.7908521541552084,0.8577383271053381,6.0867647623680945,0.018858617502078585,5,7,1,0.19911795681937863,0.4423380726698262,23.786028837807347
/Users/kevin.kunkel/Documents/Dev/Uni/ca-friend-foe-analysis/frames/triumph_des_willens/frame_048513.png,50.94020975952255,49.726489002267776,0.9761736188248566,0.8410000146275818,0.07397168100169679,0.0,0.0,0.0,0.0,0.4999999995092286,0.007723363173600141,17.413209720083636,0.8150580628951598,0.8922194874199093,5.248245250359631,0.019829536931603484,3,5,1,0.2126137294482476,0.514218009478673,16.64563729159801
/Users/kevin.kunkel/Documents/Dev/Uni/ca-friend-foe-analysis/frames/triumph_des_willens/frame_049519.png,151.71786503130303,65.6798527304408,0.43290783635532104,0.268394184073489,0.6195658533731203,0.0,0.0,0.0,0.0,0.4999999998352204,0.017468989526651452,16.592539914782293,0.6806982031593283,0.7972172524659185,7.424789354837799,0.015123829951421922,6,9,0,0.0,0.5,154.8865245385014
/Users/kevin.kunkel/Documents/Dev/Uni/ca-friend-foe-analysis/frames/triumph_des_willens/frame_049547.png,144.524119053888,66.6825032182785,0.4613935971979567,0.2929886343689661,0.5942747644959335,0.0,0.0,0.0,0.0,0.4999999998270184,0.017816394593645778,14.476078730922126,0.6761069207391575,0.7876849726060138,7.550070430277541,0.014900581782669644,7,7,0,0.0,0.5,181.08065511523327
/Users/kevin.kunkel/Documents/Dev/Uni/ca-friend-foe-analysis/frames/triumph_des_willens/frame_050029.png,147.80674587502193,58.61410106252105,0.3965590384651749,0.22041571587385173,0.6117108419636066,0.0,0.0,0.0,0.0,0.4999999998308602,0.01889700719677023,-1.4848694099492548,0.755608573369082,0.7493157679738562,8.059105950700449,0.016925187545224672,14,5,1,0.006582411795681938,0.46129541864139023,69.65950777301046
/Users/kevin.kunkel/Documents/Dev/Uni/ca-friend-foe-analysis/frames/triumph_des_willens/frame_050227.png,167.4145749224738,53.878681229984224,0.3218279007234079,0.14748807852085893,0.721079442396583,0.0,0.0,0.0,0.0,0.49999999985067006,0.016258557135334386,-9.20326749162524,0.7854550497280417,0.7765360856016106,6.635165501506165,0.018399189041161737,15,3,0,0.0,0.5,90.82079051921488
/Users/kevin.kunkel/Documents/Dev/Uni/ca-friend-foe-analysis/frames/triumph_des_willens/frame_050545.png,107.65644015856299,66.28702700914592,0.6157274646081701,0.48056360072552806,0.2273053068866655,0.0,0.0,0.0,0.0,0.4999999997677798,0.05759427476449593,-1.53185770427325,0.8474322427467271,0.6206711698978701,15.798239056029434,0.015100149560550127,30,22,0,0.0,0.5,77.13923489705297
/Users/kevin.kunkel/Documents/Dev/Uni/ca-friend-foe-analysis/frames/triumph_des_willens/frame_050822.png,72.52687086770815,36.91321054319557,0.5089590940664019,0.7034989175589491,0.018986601135100346,0.0,0.0,0.0,0.0,0.4999999996553002,0.03212765490609092,-10.85948631543436,0.8477381456356459,0.8562463516817885,11.204205493302997,0.027179034165721372,20,13,1,0.007725191621321163,0.4004739336492891,51.15430071947322
/Users/kevin.kunkel/Documents/Dev/Uni/ca-friend-foe-analysis/frames/triumph_des_willens/frame_050888.png,87.22951590018138,54.39659791700846,0.6236031152218631,0.5657601222865836,0.10015688081446375,0.0,0.0,0.0,0.0,0.49999999971339976,0.01682903282429349,41.987307529260704,0.8280503527254913,0.7917824935881526,11.033482521654488,0.018248618811173373,15,14,0,0.0,0.5,26.197670566838745
/Users/kevin.kunkel/Documents/Dev/Uni/ca-friend-foe-analysis/frames/triumph_des_willens/frame_050995.png,103.60725308641975,67.92980947186882,0.6556472388052141,0.5316028904101574,0.2350414691943128,0.0,0.0,0.0,0.0,0.4999999997587042,0.05257335732256743,-11.9014982809814,0.8334673334549431,0.6246737340623075,16.492699071306646,0.01478927216094319,34,17,5,0.036909045696565446,0.17772511848341233,63.63074540549439
/Users/kevin.kunkel/Documents/Dev/Uni/ca-friend-foe-analysis/frames/triumph_des_willens/frame_051057.png,154.70897146158796,56.009027377655094,0.362028309103965,0.1919833538119478,0.645568208413785,0.0,0.0,0.0,0.0,0.4999999998384062,0.02235277338950325,-4.4436248253948065,0.8072656202496211,0.7481030325280604,8.564860788847378,0.017752083027178386,14,6,0,0.0,0.5,97.847363747914
/Users/kevin.kunkel/Documents/Dev/Uni/ca-friend-foe-analysis/frames/triumph_des_willens/frame_051109.png,112.7383984992101,59.37317296211377,0.5266455236178046,0.42919884734655667,0.2076787490492072,0.0,0.0,0.0,0.0,0.4999999997782477,0.007937291556959804,-6.232845873799889,0.7626261413816009,0.7200503956270741,7.006629062560719,0.016640641371433805,12,10,0,0.0,0.5,97.6428919549963
/Users/kevin.kunkel/Documents/Dev/Uni/ca-friend-foe-analysis/frames/triumph_des_willens/frame_051192.png,154.2968283745831,63.12035310502548,0.4090839308173021,0.2128203440407232,0.5754143262535838,0.0,0.0,0.0,0.0,0.4999999998379746,0.007609999414896729,-32.352816126575604,0.8331015148438405,0.7789519186132025,6.453373418189517,0.015677030451849355,15,9,1,0.24226200924463168,0.49921011058451814,134.82498454260897
/Users/kevin.kunkel/Documents/Dev/Uni/ca-friend-foe-analysis/frames/triumph_des_willens/frame_051309.png,115.87398886841028,57.06700323202206,0.49249191936923603,0.41130382950090694,0.2054882686794219,0.0,0.0,0.0,0.0,0.4999999997842484,0.00670308934526944,-1.4855248505949987,0.7811739437451887,0.7213345174567718,6.6422945726940235,0.01729656325409035,11,8,0,0.0,0.5,81.25325686524702
/Users/kevin.kunkel/Documents/Dev/Uni/ca-friend-foe-analysis/frames/triumph_des_willens/frame_051383.png,139.17282670703878,55.88994591292031,0.40158662574563464,0.23602700251594405,0.40867086478263415,0.0,0.0,0.0,0.0,0.4999999998203672,0.006953586683049558,-37.232579695787024,0.8705721592949391,0.827519968078652,6.086253542354292,0.01766551221363129,11,13,2,0.4939094406412732,0.5781990521327014,130.02113480487236
/Users/kevin.kunkel/Documents/Dev/Uni/ca-friend-foe-analysis/frames/triumph_des_willens/frame_051413.png,138.385158855538,57.75064486153264,0.41731819580514007,0.25671954537475866,0.4059373354397051,0.0,0.0,0.0,0.0,0.49999999981934473,0.007578915803639342,-29.1347706112811,0.8470354767616484,0.8181795265574584,6.547381862589967,0.01710862243026223,10,10,0,0.0,0.5,130.05800662663935
/Users/kevin.kunkel/Documents/Dev/Uni/ca-friend-foe-analysis/frames/triumph_des_willens/frame_051660.png,101.16063644608273,53.39472957706579,0.527821209910461,0.5135030864197531,0.15052147329003568,0.0,0.0,0.0,0.0,0.4999999997528683,0.007999458779474578,3.9118993016903545,0.7880384814390328,0.7740635456597078,7.318509967133639,0.018487811102013287,6,15,2,0.3467632818442455,0.43285939968404424,106.01962384816342
/Users/kevin.kunkel/Documents/Dev/Uni/ca-friend-foe-analysis/frames/triumph_des_willens/frame_051682.png,109.86865711485578,53.38784662207219,0.4859242660777091,0.4519374232051957,0.2038390088350594,0.0,0.0,0.0,0.0,0.4999999997724556,0.007831241589140484,3.1835507496543016,0.7797126483265473,0.7694876928150538,7.3915833688846675,0.018491244290678287,5,14,1,0.00533175355450237,0.5308056872037915,101.32675986654603
/Users/kevin.kunkel/Documents/Dev/Uni/ca-friend-foe-analysis/frames/triumph_des_willens/frame_051832.png,131.4758553478439,50.587880183316635,0.38476935564328546,0.2355095518108946,0.2550337165759757,0.0,0.0,0.0,0.0,0.499999999809851,0.005079427769001229,7.404997617463181,0.8116776144077664,0.8231838700670141,5.692731019082243,0.01947780392786332,4,9,0,0.0,0.5,105.42737280116904
/Users/kevin.kunkel/Documents/Dev/Uni/ca-friend-foe-analysis/frames/triumph_des_willens/frame_051874.png,131.27022994558538,50.4159225798317,0.3840621179861122,0.23659564975718214,0.2610547949213036,0.0,0.0,0.0,0.0,0.4999999998095531,0.004408387455385875,7.395198734677166,0.8118356353131622,0.8274498456790124,5.549413060600767,0.019533155996154863,4,6,0,0.0,0.5,86.92930695747125
/Users/kevin.kunkel/Documents/Dev/Uni/ca-friend-foe-analysis/frames/triumph_des_willens/frame_051921.png,149.31106832543443,73.26748595921714,0.4907036479737384,0.23833633198759582,0.4562415891404833,0.0,0.0,0.0,0.0,0.49999999983256427,0.04473480194254286,-15.054431546250186,0.8568585432534724,0.5437113910261713,13.421495593940891,0.013630590621686117,15,19,1,0.00553105435609385,0.3404423380726698,126.59378236011247
/Users/kevin.kunkel/Documents/Dev/Uni/ca-friend-foe-analysis/frames/triumph_des_willens/frame_051954.png,140.08069122637644,48.78400810525082,0.34825647734410525,0.2063311830788134,0.31390790474518754,0.0,0.0,0.0,0.0,0.49999999982153137,0.006686633315780235,-42.596089140112966,0.8401363491391525,0.874003477680336,4.914882404968884,0.020234308418602492,8,4,1,0.24226200924463168,0.4423380726698262,130.32373378321918
/Users/kevin.kunkel/Documents/Dev/Uni/ca-friend-foe-analysis/frames/triumph_des_willens/frame_052087.png,127.01022650810368,55.54312416541032,0.4373122200371421,0.3082506874963431,0.3165097858522029,0.0,0.0,0.0,0.0,0.49999999980316545,0.007311962436370019,0.15573692368252523,0.7747613266241492,0.7199255771811772,6.659626289884854,0.017776661249470176,17,7,1,0.30288053653969926,0.5015797788309637,74.95550926369701
/Users/kevin.kunkel/Documents/Dev/Uni/ca-friend-foe-analysis/frames/triumph_des_willens/frame_052143.png,110.26538455912468,66.890477034803,0.6066316935418017,0.439670367444854,0.2405450968345913,0.0,0.0,0.0,0.0,0.4999999997732743,0.06647504534550348,-9.004579648201101,0.8045145880012528,0.6249798767960066,20.36308183500033,0.015161162512597063,52,26,3,0.03335637177461822,0.6911532385466035,98.54027893489233
/Users/kevin.kunkel/Documents/Dev/Uni/ca-friend-foe-analysis/frames/triumph_des_willens/frame_052207.png,128.34767019191386,61.80575449570905,0.4815494847326647,0.34090676379380963,0.3807449827394535,0.0,0.0,0.0,0.0,0.49999999980521653,0.006949929787607513,0.4601195994598015,0.7707062741426803,0.7079489528464926,7.322430999570318,0.015993699775640365,18,4,1,0.11155176701187759,0.4462875197472354,167.18140591858327
/Users/kevin.kunkel/Documents/Dev/Uni/ca-friend-foe-analysis/frames/triumph_des_willens/frame_052258.png,104.1232520039787,67.17126246244652,0.6451129897034767,0.5020862588496869,0.23891777836288106,0.0,0.0,0.0,0.0,0.49999999975989995,0.059920060265636885,-12.234355789726479,0.820199829975873,0.6299183494893503,18.278409671910556,0.015031497850859733,38,21,1,0.009478672985781991,0.19273301737756715,96.33534025092845
/Users/kevin.kunkel/Documents/Dev/Uni/ca-friend-foe-analysis/frames/triumph_des_willens/frame_052307.png,102.17323445088059,68.71300033465515,0.6725146819193358,0.5189152916739804,0.23211412439295537,0.0,0.0,0.0,0.0,0.49999999975531756,0.05656668714528114,-14.622015510421136,0.8222825108043335,0.620871913580247,17.989015150642366,0.01467264336966084,32,18,2,0.026947662512433444,0.7954186413902053,84.50373909258042
/Users/kevin.kunkel/Documents/Dev/Uni/ca-friend-foe-analysis/frames/triumph_des_willens/frame_052360.png,104.38354250775262,68.80247648301581,0.6591314565894587,0.5016401176057574,0.24058349423673278,0.0,0.0,0.0,0.0,0.49999999976049864,0.06265541805628694,-12.767655259745126,0.8059268379986715,0.6293484793120249,18.830077584873866,0.014680809329672785,34,20,2,0.028761482651688024,0.7022116903633492,101.11545499248324
/Users/kevin.kunkel/Documents/Dev/Uni/ca-friend-foe-analysis/frames/triumph_des_willens/frame_052402.png,100.451302951846,72.49473613730888,0.7216903507950725,0.528278772453338,0.23418027031771108,0.0,0.0,0.0,0.0,0.4999999997511232,0.06242137674799602,-13.538401521935086,0.8039377880342939,0.6045489357252511,19.13259249489542,0.013921537487673304,34,20,1,0.010285018430753029,0.19036334913112166,86.66677006724989
/Users/kevin.kunkel/Documents/Dev/Uni/ca-friend-foe-analysis/frames/triumph_des_willens/frame_052614.png,92.45905557018314,41.974359014982085,0.45397780358812684,0.5155052366742731,0.06454237610438242,0.0,0.0,0.0,0.0,0.49999999972961007,0.0673929261014569,12.290548860196608,0.8491148735545941,0.8195369882012814,21.109002279912865,0.024896392374187688,69,54,0,0.0,0.5,52.17027950913279
/Users/kevin.kunkel/Documents/Dev/Uni/ca-friend-foe-analysis/frames/triumph_des_willens/frame_052650.png,84.33147563044878,40.10333293304843,0.4755440668586414,0.6034974548007723,0.04354448247615704,0.0,0.0,0.0,0.0,0.4999999997035508,0.06538346205605289,13.191438106072553,0.8560150050307409,0.8315578663486023,20.262363463337298,0.026058791257446083,49,42,0,0.0,0.5,48.47677261730691
/Users/kevin.kunkel/Documents/Dev/Uni/ca-friend-foe-analysis/frames/triumph_des_willens/frame_052795.png,88.52946177812883,42.909951128627675,0.4846968480131309,0.5550216488210169,0.06004805160610848,0.0,0.0,0.0,0.0,0.49999999971760817,0.07063293546310924,15.093750833216689,0.8491508115152913,0.8174101766820183,21.72490243175044,0.02438457063810352,63,54,0,0.0,0.5,50.93133699882001
/Users/kevin.kunkel/Documents/Dev/Uni/ca-friend-foe-analysis/frames/triumph_des_willens/frame_052867.png,138.68647606927624,54.963292933574785,0.3963132848403212,0.22733456205020186,0.41262396875548535,0.0,0.0,0.0,0.0,0.49999999981973725,0.0054871716107893044,-9.452379433083081,0.808389262322447,0.7606534769908901,6.172275595538216,0.017956777701694602,6,6,0,0.0,0.5,101.04173692364984
/Users/kevin.kunkel/Documents/Dev/Uni/ca-friend-foe-analysis/frames/triumph_des_willens/frame_053045.png,88.72675494412263,40.290053443971246,0.4540913665098599,0.5460604265402843,0.049176101456907144,0.0,0.0,0.0,0.0,0.49999999971823605,0.06626660230530688,14.121866422497149,0.8570113584606507,0.8248413125212579,20.575310880321542,0.02591701967953552,64,46,0,0.0,0.5,45.23727641202872
/Users/kevin.kunkel/Documents/Dev/Uni/ca-friend-foe-analysis/frames/triumph_des_willens/frame_053096.png,142.25066555497045,54.1558734361855,0.38070734633706943,0.22987793283014452,0.4032586595284068,0.0,0.0,0.0,0.0,0.49999999982425386,0.006721373822479668,-47.64725340072761,0.841352833333907,0.8593150182013733,5.415965166041179,0.01824286390718365,9,5,1,0.24359494763325726,0.4462875197472354,103.30750409397213
/Users/kevin.kunkel/Documents/Dev/Uni/ca-friend-foe-analysis/frames/triumph_des_willens/frame_053212.png,142.92928844128488,74.8108419323635,0.5234115603307892,0.36676101456907145,0.5129911210578667,0.0,0.0,0.0,0.0,0.4999999998250883,0.027892969984202213,-30.81940066585122,0.7654131259314327,0.6352313349742147,9.536491247618166,0.01330769053613913,10,8,0,0.0,0.5,119.11505619185816
/Users/kevin.kunkel/Documents/Dev/Uni/ca-friend-foe-analysis/frames/triumph_des_willens/frame_054106.png,90.72473816628634,39.12472472669469,0.4312464877204676,0.5170850155052367,0.0514378912878123,0.0,0.0,0.0,0.0,0.4999999997244412,0.05255690129307823,14.01971653366678,0.8549159860538914,0.8386189851585266,18.13130181296697,0.026430622903055524,45,43,4,0.04259917500438828,0.3957345971563981,39.74077051658422
/Users/kevin.kunkel/Documents/Dev/Uni/ca-friend-foe-analysis/frames/triumph_des_willens/frame_054170.png,155.32321104674975,59.29608153096154,0.38175930753156045,0.20858931601427652,0.6522694693113334,0.0,0.0,0.0,0.0,0.49999999983904525,0.023274311040898717,-6.02564746259597,0.7941072356623885,0.7185778108711839,8.869965900017586,0.01677675574455149,11,5,1,0.0038689953776841614,0.8783570300157978,107.93696179673073
/Users/kevin.kunkel/Documents/Dev/Uni/ca-friend-foe-analysis/frames/triumph_des_willens/frame_054789.png,138.07354748113042,65.37263431819406,0.4734624079951437,0.31378357030015797,0.4256004622315839,0.0,0.0,0.0,0.0,0.49999999981893706,0.01312825463694342,10.153663313524987,0.8617089203009037,0.6360157090262265,9.230335384970392,0.015165245914095984,16,7,1,0.1097525744543912,0.3736176935229068,104.09699491406
/Users/kevin.kunkel/Documents/Dev/Uni/ca-friend-foe-analysis/frames/triumph_des_willens/frame_054927.png,153.43513216020128,63.41845952946506,0.4133242406433852,0.20341298051606108,0.5422919957872564,0.0,0.0,0.0,0.0,0.49999999983706467,0.03858756070446434,6.5660398979327965,0.870581423430059,0.673031085969315,11.445422729671458,0.01573900738684952,11,12,0,0.0,0.5,123.99143396602352
/Users/kevin.kunkel/Documents/Dev/Uni/ca-friend-foe-analysis/frames/triumph_des_willens/frame_055169.png,136.4104938271605,56.48318478334144,0.4140677389050576,0.20870999356386402,0.31494646305072843,0.0,0.0,0.0,0.0,0.4999999998167296,0.06576012228658358,-28.16642737146431,0.858895864237685,0.7700389623148838,15.146083662074444,0.017842468730597368,13,29,1,0.0051361096483529345,0.7290679304897314,109.01245567567595
/Users/kevin.kunkel/Documents/Dev/Uni/ca-friend-foe-analysis/frames/triumph_des_willens/frame_055246.png,144.64357337195014,70.096096705957,0.48461258957730546,0.29691796852144403,0.5188567813469077,0.0,0.0,0.0,0.0,0.4999999998271613,0.018341159089579312,13.263533695560398,0.7630390837512233,0.6423016894873279,9.085412809172334,0.014201286115550467,3,8,0,0.0,0.5,127.41044642143343
/Users/kevin.kunkel/Documents/Dev/Uni/ca-friend-foe-analysis/frames/triumph_des_willens/frame_055369.png,135.25300413960565,61.71903432947142,0.4563228349451957,0.24610906324966356,0.3243410274413434,0.0,0.0,0.0,0.0,0.4999999998151612,0.05233200222339243,-26.379791528260128,0.8172794906389214,0.694975289107673,16.132302856607446,0.016282428674458466,36,16,0,0.0,0.5,103.91626079332221
/Users/kevin.kunkel/Documents/Dev/Uni/ca-friend-foe-analysis/frames/triumph_des_willens/frame_055412.png,140.8122824147212,61.72043719821443,0.4383171417717902,0.2184848750804517,0.3391953367269323,0.0,0.0,0.0,0.0,0.49999999982245863,0.05750650927388684,-24.00695394542913,0.8157430782856704,0.6959601626632839,16.91836948239395,0.01631633182965421,38,22,0,0.0,0.5,101.98755497703725
/Users/kevin.kunkel/Documents/Dev/Uni/ca-friend-foe-analysis/frames/triumph_des_willens/frame_055461.png,102.47966034755135,65.19845257729179,0.6362087100265138,0.5170155344918378,0.24520032473231526,0.0,0.0,0.0,0.0,0.49999999975604914,0.04260648879527237,4.715626513676966,0.7956851788752479,0.6430388652179109,16.54002425315341,0.015377319140572106,26,33,4,0.09042588204318062,0.12085308056872038,94.65054524305151
/Users/kevin.kunkel/Documents/Dev/Uni/ca-friend-foe-analysis/frames/triumph_des_willens/frame_055892.png,122.55500884968697,73.14311054871197,0.5968186137438065,0.44058093440992335,0.3622045228482827,0.0,0.0,0.0,0.0,0.49999999979601,0.03450098004797847,-16.401601090662126,0.8638872683822812,0.5612331717731631,10.584664343863533,0.013584176421973246,12,9,0,0.0,0.5,105.94464602062483
/Users/kevin.kunkel/Documents/Dev/Uni/ca-friend-foe-analysis/frames/triumph_des_willens/frame_055991.png,136.77111125738693,67.61014398793066,0.4943305886523314,0.3471088584635188,0.5044412995143643,0.0,0.0,0.0,0.0,0.4999999998172128,0.022932391317067462,14.774262043128772,0.6909726309340658,0.7673937736135241,10.270997077688218,0.014732338655240118,9,15,0,0.0,0.5,112.50702681318297
/Users/kevin.kunkel/Documents/Dev/Uni/ca-friend-foe-analysis/frames/triumph_des_willens/frame_056139.png,120.13738956175764,63.1144454918897,0.5253522293899183,0.3842793721841905,0.3931217453630566,0.0,0.0,0.0,0.0,0.4999999997919049,0.014484962845942308,3.0069713735447436,0.8672727074563955,0.6439279632387414,9.195734361816859,0.01571025404909589,17,9,3,0.24014832367912936,0.3949447077409163,110.33915888566503
/Users/kevin.kunkel/Documents/Dev/Uni/ca-friend-foe-analysis/frames/triumph_des_willens/frame_056215.png,130.10697516236615,68.05294577148752,0.5230537842744857,0.3720708267509215,0.3821108331870575,0.0,0.0,0.0,0.0,0.49999999980785037,0.12911400737230122,-10.098499716984065,0.830976399687486,0.6168274368467499,27.60530159884702,0.015326022697828675,46,139,1,0.006150898133520566,0.6777251184834123,328.55812180764104
/Users/kevin.kunkel/Documents/Dev/Uni/ca-friend-foe-analysis/frames/triumph_des_willens/frame_056265.png,129.94136716692995,67.84116041013279,0.522090553893982,0.37137053127376984,0.3765121262652858,0.0,0.0,0.0,0.0,0.4999999998076055,0.13696719033409396,-17.224492459944486,0.8434073058747811,0.6212150422170744,27.828284000293106,0.015430287985146311,61,126,1,0.00421274354923644,0.4486571879936809,266.90116391179697
/Users/kevin.kunkel/Documents/Dev/Uni/ca-friend-foe-analysis/frames/triumph_des_willens/frame_056431.png,168.8118033614183,53.45634206938582,0.31666234808991417,0.13516251243344451,0.7418323240301913,0.0,0.0,0.0,0.0,0.4999999998519061,0.025985899011175474,-4.145979111535496,0.7765625555704699,0.7891794903615454,9.178211889074126,0.018695030743313856,18,7,0,0.0,0.5,168.81560651148186
/Users/kevin.kunkel/Documents/Dev/Uni/ca-friend-foe-analysis/frames/triumph_des_willens/frame_056601.png,119.27865360423615,71.45148142381444,0.5990299119319861,0.46333962319349364,0.3345181674565561,0.0,0.0,0.0,0.0,0.49999999979040677,0.027251184834123223,-11.191474455150356,0.7877763178877543,0.5951373089085611,13.600587367971341,0.013957152008574874,17,16,4,0.03136519220642443,0.4225908372827804,109.9553804456998
/Users/kevin.kunkel/Documents/Dev/Uni/ca-friend-foe-analysis/frames/triumph_des_willens/frame_056721.png,168.26091217599907,48.94397446239646,0.29088142813652085,0.11800801591480896,0.7430244719442982,0.0,0.0,0.0,0.0,0.4999999998514212,0.022698350008776548,-7.823294970185657,0.8118233596170901,0.8018805500399879,8.404366609449632,0.02038203809312599,12,10,0,0.0,0.5,155.7360863446182
/Users/kevin.kunkel/Documents/Dev/Uni/ca-friend-foe-analysis/frames/triumph_des_willens/frame_056782.png,115.82231327891873,78.26291671941051,0.6757153646497226,0.4847690304838804,0.36545550289626116,0.0,0.0,0.0,0.0,0.49999999978415216,0.06472156398104266,-4.44819232251929,0.8566020729864703,0.49091328895599495,17.58531925047607,0.012883014817840278,23,20,1,0.007489321865309227,0.8688783570300158,150.70289963707117
/Users/kevin.kunkel/Documents/Dev/Uni/ca-friend-foe-analysis/frames/triumph_des_willens/frame_056831.png,117.72776424726464,79.00399538232021,0.6710736063013996,0.4814833099292025,0.3663185302205839,0.0,0.0,0.0,0.0,0.4999999997876457,0.06264627581768183,-3.0831322735187427,0.8588390604618186,0.48479645257071424,17.261071521948043,0.012750437511817758,26,21,0,0.0,0.5,136.20580413681546
/Users/kevin.kunkel/Documents/Dev/Uni/ca-friend-foe-analysis/frames/triumph_des_willens/frame_056873.png,115.30509295828213,62.685982010799115,0.5436531930043528,0.3968664062957112,0.2585461646480604,0.0,0.0,0.0,0.0,0.49999999978318393,0.024203162483178282,-13.451285234419032,0.7681425753263098,0.711216524525891,12.120498468051643,0.015925577286463207,35,20,0,0.0,0.5,99.00473782772063
/Users/kevin.kunkel/Documents/Dev/Uni/ca-friend-foe-analysis/frames/triumph_des_willens/frame_056936.png,109.03453937745012,48.65992579419931,0.44627992219165447,0.36108916973845884,0.13033541044994443,0.0,0.0,0.0,0.0,0.49999999977071485,0.014009566438476392,17.000182844772112,0.8010052303643358,0.7966807342369672,14.72387604714548,0.020408778144719832,27,53,0,0.0,0.5,44.870829373657976
/Users/kevin.kunkel/Documents/Dev/Uni/ca-friend-foe-analysis/frames/triumph_des_willens/frame_057381.png,126.84624400269148,53.46046319457815,0.4214587792705784,0.26745436194488326,0.25983704873910246,0.0,0.0,0.0,0.0,0.499999999802911,0.015786817623310516,16.503168503168823,0.7731225498800538,0.7706903594771242,15.866105557969613,0.01861087669937541,49,54,0,0.0,0.5,46.10326650340389
/Users/kevin.kunkel/Documents/Dev/Uni/ca-friend-foe-analysis/frames/triumph_des_willens/frame_057457.png,93.39256589725586,68.70460910677976,0.7356539396165482,0.6069587063366684,0.2674708179743725,0.0,0.0,0.0,0.0,0.49999999973231274,0.053383359662980516,-15.064594729885968,0.8187268755141165,0.610907078196961,16.057951777346805,0.014630334518736476,16,13,4,0.0420634398221286,0.6951026856240127,129.06920199275132
/Users/kevin.kunkel/Documents/Dev/Uni/ca-friend-foe-analysis/frames/triumph_des_willens/frame_057554.png,103.36313337429056,73.09420052239969,0.7071592942814603,0.5727283365514013,0.2838701655842256,0.0,0.0,0.0,0.0,0.4999999997581343,0.032981539991808556,-22.75429312581423,0.8499372161245283,0.5946423154353162,12.967149405936873,0.013657850156465808,15,13,5,0.09764093675033643,0.330173775671406,110.12046990345276
/Users/kevin.kunkel/Documents/Dev/Uni/ca-friend-foe-analysis/frames/triumph_des_willens/frame_057648.png,132.94076377918202,29.9191266250237,0.22505607574373893,0.11118607746767305,0.051136197413843544,0.0,0.0,0.0,0.0,0.49999999981194626,0.0055639664150722605,-9.900261845286096,0.886752042985587,0.9238449625630843,5.038475220867299,0.03276008975328615,11,7,1,0.2503144930080159,0.47235387045813587,77.7899354878242
/Users/kevin.kunkel/Documents/Dev/Uni/ca-friend-foe-analysis/frames/triumph_des_willens/frame_057701.png,132.82491333157802,56.11022556160689,0.42243750898818316,0.2908731203557428,0.40244682874027266,0.0,0.0,0.0,0.0,0.4999999998117823,0.01686560177871394,11.484099795473071,0.7309613562234911,0.8173795537905739,7.282206485689613,0.017705638077774984,10,17,0,0.0,0.5,129.99648193746896
/Users/kevin.kunkel/Documents/Dev/Uni/ca-friend-foe-analysis/frames/triumph_des_willens/frame_057939.png,138.7851537358844,76.20564292607224,0.5490907407588178,0.3381768913463226,0.4728274384178808,0.0,0.0,0.0,0.0,0.4999999998198654,0.02834825346673688,-30.066110721350867,0.80773641327106,0.5967134398297529,11.504874816077667,0.013082343638238148,20,15,0,0.0,0.5,93.15949296038569
/Users/kevin.kunkel/Documents/Dev/Uni/ca-friend-foe-analysis/frames/triumph_des_willens/frame_058038.png,131.43371877011293,32.786659854395545,0.24945394634078938,0.13085468960271487,0.04426671932596103,0.0,0.0,0.0,0.0,0.49999999980979004,0.007280878825112632,-0.7920242670655853,0.8607707186789056,0.8838385248614213,5.770238532400464,0.02998937882274249,16,11,1,0.008454742262009245,0.6003159557661928,92.5669119331852
/Users/kevin.kunkel/Documents/Dev/Uni/ca-friend-foe-analysis/frames/triumph_des_willens/frame_058135.png,132.18975813293545,64.93891095270834,0.4912552365689147,0.32378152243871045,0.39567974372476744,0.0,0.0,0.0,0.0,0.4999999998108779,0.024929056228424316,10.827200083192054,0.6853978157291821,0.7332718002812939,12.945779132926898,0.015341148922767039,24,22,1,0.00553105435609385,0.7638230647709321,108.69825122436995
/Users/kevin.kunkel/Documents/Dev/Uni/ca-friend-foe-analysis/frames/triumph_des_willens/frame_058205.png,136.53082214323328,54.3379980377046,0.39799070381997714,0.21637667485811246,0.36785259785852203,0.0,0.0,0.0,0.0,0.49999999981689114,0.01488356444912527,1.0100900110095665,0.8187596871877298,0.74826028366105,11.527490512908368,0.018277323103204023,23,27,1,0.010012579720320637,0.10268562401263823,83.82072294598974
/Users/kevin.kunkel/Documents/Dev/Uni/ca-friend-foe-analysis/frames/triumph_des_willens/frame_058266.png,80.5877746328477,49.179827207110336,0.6102641172329649,0.6398031127494003,0.07810580129892926,0.0,0.0,0.0,0.0,0.49999999968977926,0.013907173366099116,-12.562641311234941,0.798244847936249,0.7754608802616217,9.700041940262814,0.020130537745719986,8,19,0,0.0,0.5,44.79748388880469
/Users/kevin.kunkel/Documents/Dev/Uni/ca-friend-foe-analysis/frames/triumph_des_willens/frame_058343.png,152.60544658007137,50.367215045811655,0.3300486066621439,0.1618797905330291,0.5344900093616524,0.0,0.0,0.0,0.0,0.4999999998361788,0.02050604119127026,-6.976915754942439,0.788935496379817,0.7967796984593181,8.167102764016718,0.019770838917666192,15,21,0,0.0,0.5,139.75051376225431
/Users/kevin.kunkel/Documents/Dev/Uni/ca-friend-foe-analysis/frames/triumph_des_willens/frame_058436.png,152.69106364460828,62.607225919192274,0.410025474862821,0.21947589374524604,0.5332082675092154,0.0,0.0,0.0,0.0,0.4999999998362707,0.026223597214908433,-21.79484206701804,0.766398852853411,0.7431338651259847,11.198801731401765,0.015977763553308474,13,13,0,0.0,0.5,125.88152487526453
/Users/kevin.kunkel/Documents/Dev/Uni/ca-friend-foe-analysis/frames/triumph_des_willens/frame_059195.png,123.11635692762273,57.68583203567238,0.46854726234898114,0.3398535779065005,0.33690977707565384,0.0,0.0,0.0,0.0,0.4999999997969401,0.038704581358609796,5.876574096756073,0.8138480894083688,0.6828894594054218,14.081019639082157,0.017369510892425808,10,20,1,0.009217204961675735,0.5173775671406003,49.04637883915294
/Users/kevin.kunkel/Documents/Dev/Uni/ca-friend-foe-analysis/frames/triumph_des_willens/frame_059373.png,155.81717716927037,53.330191748964374,0.3422613134417366,0.1792646714645135,0.632710564039553,0.0,0.0,0.0,0.0,0.4999999998395555,0.022603270727283367,35.487960840574914,0.9214876594836636,0.7855433954524145,7.764349843892309,0.01866181082509593,10,3,0,0.0,0.5,90.6235425625036
/Users/kevin.kunkel/Documents/Dev/Uni/ca-friend-foe-analysis/frames/triumph_des_willens/frame_059923.png,30.70142728629103,25.450755237777464,0.8289762856153677,0.9620267977297993,0.007655710607922298,0.0,0.0,0.0,0.0,0.4999999991857056,0.012014729974840559,3.5011995890019847,0.9368225995564687,0.9355235738810292,5.718665370367785,0.04226860060662585,1,18,0,0.0,0.5,357.29152270022246
/Users/kevin.kunkel/Documents/Dev/Uni/ca-friend-foe-analysis/frames/triumph_des_willens/frame_061067.png,18.32241932888655,15.535149811964136,0.8478765521256383,0.9873489702182435,9.690772921420631e-05,0.0,0.0,0.0,0.0,0.49999999863555133,0.0040006436135978,3.3915911610337517,0.9526455989335059,0.9618880592555822,2.5877451019347713,0.06175266929212763,1,0,1,0.006364826516880229,0.1429699842022117,4.635009620097296
/Users/kevin.kunkel/Documents/Dev/Uni/ca-friend-foe-analysis/frames/triumph_des_willens/frame_061214.png,29.80563417880756,27.361980834995524,0.9180137077119837,0.9654368527295067,0.013354982154350242,0.0,0.0,0.0,0.0,0.4999999991612324,0.0020478614475454918,-1.6754331708375645,0.918490138141735,0.9331178671069928,2.4420205378053135,0.035459357471198334,2,4,0,0.0,0.5,5.115879102869871
/Users/kevin.kunkel/Documents/Dev/Uni/ca-friend-foe-analysis/frames/triumph_des_willens/frame_061389.png,21.712681382013926,24.766992057116067,1.1406694321764095,0.9660274413433971,0.006834737581183079,0.0,0.0,0.0,0.0,0.49999999884859914,0.006672005734012053,10.919255737067182,0.9402355729021467,0.9513818795216165,3.0767060932659223,0.039480360955787906,1,4,0,0.0,0.5,9.87480989977266
/Users/kevin.kunkel/Documents/Dev/Uni/ca-friend-foe-analysis/frames/triumph_des_willens/frame_061569.png,25.02636987303259,11.23323353656808,0.44885588875544324,0.9980819583406472,0.0,0.0,0.0,0.0,0.0,0.4999999990010537,0.0016693727692937803,4.120972485148375,0.9590370634240473,0.9621603185929787,2.690052272820433,0.08366206869770594,1,0,1,0.03897519162132116,0.5023696682464455,4.052514357271896
/Users/kevin.kunkel/Documents/Dev/Uni/ca-friend-foe-analysis/frames/triumph_des_willens/frame_062359.png,51.465945161195954,35.69378793192668,0.6935418702751178,0.8294369112398339,0.00799397343631151,0.0,0.0,0.0,0.0,0.4999999995142419,0.0009416505763267216,26.598840352165503,0.8823543609123481,0.9487639813895553,2.6686631337495132,0.027296001243267524,1,2,0,0.0,0.5,3.3194156736662044
/Users/kevin.kunkel/Documents/Dev/Uni/ca-friend-foe-analysis/frames/triumph_des_willens/frame_062498.png,31.127795696565443,29.159431917460726,0.9367650735063643,0.931155286408051,0.0047375080451699724,0.0,0.0,0.0,0.0,0.4999999991968593,0.012753422854133755,14.17584061379555,0.938654976647496,0.9376539475377587,4.997403507465041,0.033979479466355406,2,6,0,0.0,0.5,32.76218642793058
/Users/kevin.kunkel/Documents/Dev/Uni/ca-friend-foe-analysis/frames/triumph_des_willens/frame_062738.png,32.55314017611609,35.3019627428075,1.084441084435353,0.9155001170206541,0.017591495523959978,0.0,0.0,0.0,0.0,0.499999999232025,0.015647855596512786,15.875276373344768,0.8961467938061656,0.9044966096494856,6.239757961883586,0.02812864458158264,1,9,1,0.0051361096483529345,0.3957345971563981,19.98367688722438
/Users/kevin.kunkel/Documents/Dev/Uni/ca-friend-foe-analysis/frames/triumph_des_willens/frame_062763.png,25.20539684629337,27.04686054107456,1.0730583056757608,0.9505770581007548,0.005382950090691007,0.0,0.0,0.0,0.0,0.4999999990081489,0.00957740916271722,14.945703423279998,0.9435341786354703,0.942355667360709,4.178422819644564,0.0364264446322481,1,7,0,0.0,0.5,20.188286069565695
/Users/kevin.kunkel/Documents/Dev/Uni/ca-friend-foe-analysis/frames/triumph_des_willens/frame_064735.png,44.823723012111635,35.33011115504236,0.7882011734428181,0.9286923673278333,0.030352232168977825,0.0,0.0,0.0,0.0,0.49999999944225965,0.0042639400854250775,5.351382473120431,0.8905043762282866,0.8870335898072309,4.922563558933574,0.02770581049542015,2,1,5,0.18184095430343455,0.6563981042654028,100.78611909026876
/Users/kevin.kunkel/Documents/Dev/Uni/ca-friend-foe-analysis/frames/triumph_des_willens/frame_064784.png,57.384668831548765,61.126944358647265,1.0652138540968576,0.844150430050904,0.11128847054005032,0.0,0.0,0.0,0.0,0.4999999995643436,0.008142077701714353,29.779111641962714,0.850283689041704,0.7793239465265712,6.654850347921906,0.01617592307316998,1,5,2,0.020204347317301502,0.8096366508688784,20.177184390840413
/Users/kevin.kunkel/Documents/Dev/Uni/ca-friend-foe-analysis/frames/triumph_des_willens/frame_064858.png,29.168707214323327,29.110293628239813,0.9979973851616376,0.9729042332221637,0.015289479843192323,0.0,0.0,0.0,0.0,0.4999999991429171,0.0057248698145222635,3.429467305132839,0.9120361192279849,0.9149573146769256,5.528075538065273,0.03371054726206884,1,2,5,0.04969355216195658,0.6066350710900474,14.620978293284447
/Users/kevin.kunkel/Documents/Dev/Uni/ca-friend-foe-analysis/frames/triumph_des_willens/frame_065304.png,101.1716619858405,59.58465651668864,0.5889461069260008,0.4647274150137499,0.15040445263589022,0.0,0.0,0.0,0.0,0.4999999997528953,0.022848282721900415,-4.777630691888319,0.7811785471312157,0.7118310794195785,13.411725454548703,0.016697918545789125,29,43,0,0.0,0.5,69.91994195668815
/Users/kevin.kunkel/Documents/Dev/Uni/ca-friend-foe-analysis/frames/triumph_des_willens/frame_065411.png,103.02313717746182,70.56527183793251,0.684945864615695,0.48693208413785033,0.2599412702592008,0.0,0.0,0.0,0.0,0.49999999975733606,0.04121504007957404,33.2616216715771,0.6921381337041281,0.72769742859638,18.322748757259305,0.014182114743523282,28,47,1,0.09421808261658182,0.3688783570300158,71.07957335551029
/Users/kevin.kunkel/Documents/Dev/Uni/ca-friend-foe-analysis/frames/triumph_des_willens/frame_065436.png,106.78968828623252,70.56612276838865,0.6607952868367593,0.4593609209525481,0.2729305628693464,0.0,0.0,0.0,0.0,0.499999999765895,0.04621401614885027,37.202349043819055,0.7159013860063949,0.7388287490922295,19.50694593595846,0.014204525784181852,36,48,2,0.1173278333625885,0.358609794628752,83.13716813424264
/Users/kevin.kunkel/Documents/Dev/Uni/ca-friend-foe-analysis/frames/triumph_des_willens/frame_065592.png,136.91464623193494,76.05993557733076,0.5555281163487182,0.37853804634017907,0.5281526095605874,0.0,0.0,0.0,0.0,0.49999999981740445,0.017330027499853726,-14.691596243655525,0.8110282931849236,0.6118221597124551,8.369884700964198,0.013058995281784915,9,6,0,0.0,0.5,152.1290363809678
/Users/kevin.kunkel/Documents/Dev/Uni/ca-friend-foe-analysis/frames/triumph_des_willens/frame_065644.png,149.43648521151482,64.04721315676419,0.42859153856069065,0.25069298168626764,0.6175362764027851,0.0,0.0,0.0,0.0,0.4999999998327048,0.021641507226025394,-17.180580968664373,0.7729221233282969,0.7456175223840122,10.203113532555102,0.015529642113282416,11,12,0,0.0,0.5,94.24822034398544
/Users/kevin.kunkel/Documents/Dev/Uni/ca-friend-foe-analysis/frames/triumph_des_willens/frame_065684.png,152.7512616289275,64.91596383660868,0.4249782496187076,0.24762484641039142,0.6088602919665321,0.0,0.0,0.0,0.0,0.4999999998363352,0.022083991574512903,-11.423107327474156,0.7471240453351782,0.7089961638077641,10.53035332975674,0.015326423747231687,17,12,0,0.0,0.5,94.06780118774344
/Users/kevin.kunkel/Documents/Dev/Uni/ca-friend-foe-analysis/frames/triumph_des_willens/frame_065795.png,94.21472741501375,64.94768376694057,0.6893580810557535,0.5560638640219999,0.18859524018489263,0.0,0.0,0.0,0.0,0.4999999997346487,0.10023916096190978,36.012021881751366,0.7782965263221899,0.7882296492788395,26.62985951095249,0.015778554190162355,58,75,5,0.03536217892458019,0.5315955766192733,141.4274152675793
/Users/kevin.kunkel/Documents/Dev/Uni/ca-friend-foe-analysis/frames/triumph_des_willens/frame_065918.png,114.07731408343572,72.59623372476827,0.6363774799960131,0.42034916037680653,0.3102802644666784,0.0,0.0,0.0,0.0,0.4999999997808504,0.10132343046047627,43.67867073841144,0.7848146197803912,0.6969529792109062,28.600040059538856,0.014104104533152056,71,45,4,0.04239073196419168,0.7424960505529226,116.56333858750618
/Users/kevin.kunkel/Documents/Dev/Uni/ca-friend-foe-analysis/frames/triumph_des_willens/frame_065972.png,107.48128766602305,61.661496150722705,0.5736951745959181,0.4547568895910128,0.22393730618454158,0.0,0.0,0.0,0.0,0.4999999997674014,0.04752318471710257,8.331051175983518,0.7313629693876263,0.753413044777217,18.930979883071544,0.016329623737479593,46,29,1,0.00974379790533029,0.580568720379147,66.81578154549044
/Users/kevin.kunkel/Documents/Dev/Uni/ca-friend-foe-analysis/frames/triumph_des_willens/frame_066014.png,103.47810616698847,59.51181489905849,0.5751150368514613,0.4928818530220584,0.19790203908489848,0.0,0.0,0.0,0.0,0.49999999975840304,0.04112544614124393,6.180715035543173,0.7412472279298472,0.7400856952602888,17.406157334720167,0.016855226999075205,31,29,0,0.0,0.5,58.59150067883687
/Users/kevin.kunkel/Documents/Dev/Uni/ca-friend-foe-analysis/frames/triumph_des_willens/frame_066058.png,118.00263662161372,60.5413151914035,0.513050528982922,0.35790035691299515,0.25883871628342403,0.0,0.0,0.0,0.0,0.49999999978814036,0.0748950471008133,-3.2869412981256687,0.768620624775567,0.6900414414476527,26.259554914801353,0.016859091389763898,74,92,1,0.01514137557778948,0.25355450236966826,84.90323877034554
/Users/kevin.kunkel/Documents/Dev/Uni/ca-friend-foe-analysis/frames/triumph_des_willens/frame_066095.png,106.2525397138845,51.40025533199335,0.48375554525122655,0.4361926598794687,0.12900612895676086,0.0,0.0,0.0,0.0,0.49999999976471154,0.01592760809782927,3.618570518183006,0.7936798378001952,0.755415712933087,10.892459751173504,0.019287415986602024,23,20,1,0.013210534784389445,0.7227488151658767,73.93619863753058
/Users/kevin.kunkel/Documents/Dev/Uni/ca-friend-foe-analysis/frames/triumph_des_willens/frame_066137.png,117.78847054005031,59.42162288032587,0.5044774124108663,0.3533292376104382,0.2393803756362998,0.0,0.0,0.0,0.0,0.4999999997877551,0.07216517465332631,-1.8525308424413112,0.7673938008882097,0.7016712888272985,25.722575619192828,0.017165499809520125,73,77,2,0.018730618454157157,0.25118483412322273,73.55435045089092
/Users/kevin.kunkel/Documents/Dev/Uni/ca-friend-foe-analysis/frames/triumph_des_willens/frame_066187.png,116.73134251945469,54.91167288983065,0.47041070253807704,0.35593294716517465,0.23606539991808553,0.0,0.0,0.0,0.0,0.49999999978583304,0.015870926218477563,1.1511879540567946,0.7936947378565258,0.7405544754235496,13.673316902707388,0.018081992299681077,27,26,0,0.0,0.5,39.02421750924432
/Users/kevin.kunkel/Documents/Dev/Uni/ca-friend-foe-analysis/frames/triumph_des_willens/frame_066255.png,113.53401278450646,57.709472464203074,0.5083011777528605,0.4082722631794512,0.22736381721373822,0.0,0.0,0.0,0.0,0.4999999997798017,0.02009646890176116,0.7291655441386382,0.7570607910825673,0.7324981700955113,14.31354836469932,0.017228632748512867,36,23,1,0.005734012053127377,0.36492890995260663,82.67886994614996
/Users/kevin.kunkel/Documents/Dev/Uni/ca-friend-foe-analysis/frames/triumph_des_willens/frame_066398.png,112.67066913872799,58.878915621751354,0.5225753607356143,0.3896732929612077,0.2043784009127611,0.0,0.0,0.0,0.0,0.4999999997781144,0.07360050611432918,2.462359459490486,0.733053616683933,0.7283420462066683,24.34916110570771,0.01742423084104001,53,69,1,0.002239848458252882,0.21248025276461296,127.1384884644002
/Users/kevin.kunkel/Documents/Dev/Uni/ca-friend-foe-analysis/frames/triumph_des_willens/frame_066437.png,105.11095569305482,60.458200813582984,0.5751845785953528,0.46134844362529986,0.18302030308349423,0.0,0.0,0.0,0.0,0.4999999997621561,0.07206826692411211,0.7488075512020913,0.7305488584176284,0.7162286099390529,23.810018347407425,0.016938177065053055,53,60,1,0.031377991340471596,0.4684044233807267,126.92250501159727
/Users/kevin.kunkel/Documents/Dev/Uni/ca-friend-foe-analysis/frames/triumph_des_willens/frame_066584.png,116.95700588028787,58.74680171724541,0.502293994488425,0.32713123866362415,0.24455122579135216,0.0,0.0,0.0,0.0,0.49999999978624626,0.019098136446082735,-12.666152328951725,0.7004960757926715,0.7102896218848533,12.720562158356074,0.01689990546438546,24,18,1,0.01865199520215318,0.7116903633491312,88.22674928760681
/Users/kevin.kunkel/Documents/Dev/Uni/ca-friend-foe-analysis/frames/triumph_des_willens/frame_066629.png,119.75327109297291,50.972276094804435,0.4256441230124449,0.25108792639400856,0.18628042537007783,0.0,0.0,0.0,0.0,0.49999999979123744,0.011010912175999064,9.658370374443876,0.7887151505034756,0.7460879256179733,8.88699210705382,0.019398533557205788,19,16,2,0.10352853841202972,0.44549763033175355,90.66397988890992
/Users/kevin.kunkel/Documents/Dev/Uni/ca-friend-foe-analysis/frames/triumph_des_willens/frame_066710.png,165.22565421859457,53.16326678587334,0.3217615751326477,0.14817374641624248,0.7606068252296531,0.0,0.0,0.0,0.0,0.49999999984869176,0.03250248668890059,-10.46572102590821,0.8259718307192985,0.8505196268029012,12.687941318283528,0.01900531964672097,28,21,0,0.0,0.5,124.86421496778163
/Users/kevin.kunkel/Documents/Dev/Uni/ca-friend-foe-analysis/frames/triumph_des_willens/frame_066750.png,91.94477539348195,54.0278388816663,0.5876118419093468,0.5606843514130244,0.1220598560645954,0.0,0.0,0.0,0.0,0.49999999972809767,0.06496291908021766,15.338730818426157,0.7926289177539836,0.7766109479422336,22.123143240046858,0.018863358979714348,67,65,0,0.0,0.5,97.9933400311407
/Users/kevin.kunkel/Documents/Dev/Uni/ca-friend-foe-analysis/frames/triumph_des_willens/frame_066785.png,135.6054648645486,59.8118718423577,0.44107272415602383,0.26214272131531213,0.33551467146451347,0.0,0.0,0.0,0.0,0.4999999998156416,0.02754739336492891,-34.8157760459832,0.7410751674141074,0.770647527646783,12.736461672359939,0.01673863158010482,15,26,1,0.02502962085308057,0.2693522906793049,106.20467240872371
/Users/kevin.kunkel/Documents/Dev/Uni/ca-friend-foe-analysis/frames/triumph_des_willens/frame_066828.png,147.1465793400035,48.6491137341208,0.3306166811302375,0.14027302381370313,0.41830495582470306,0.0,0.0,0.0,0.0,0.49999999983010135,0.01750555848107191,0.19793982314698155,0.7962494019900395,0.7821008337699824,13.965723358791225,0.020453311564267555,42,32,2,0.039585893160142764,0.5695102685624013,97.27414192003795
/Users/kevin.kunkel/Documents/Dev/Uni/ca-friend-foe-analysis/frames/triumph_des_willens/frame_066904.png,145.1896027148792,50.32127188820775,0.3465900513025632,0.15001133637587033,0.406412731847171,0.0,0.0,0.0,0.0,0.49999999982781135,0.019081680416593527,2.2089556536159023,0.7908081710245387,0.7757328523298677,14.154843590673789,0.01976109140181356,39,50,5,0.07473597214908431,0.5537124802527646,70.03921460554206
/Users/kevin.kunkel/Documents/Dev/Uni/ca-friend-foe-analysis/frames/triumph_des_willens/frame_066969.png,116.69589623193494,63.25290189055386,0.5420319298172622,0.40650232578550116,0.2752636621613715,0.0,0.0,0.0,0.0,0.499999999785768,0.035989336492890996,-14.159525802961667,0.7164344896580128,0.752432236080086,15.274888548193838,0.015924850046352287,16,32,1,0.005940626645602949,0.22985781990521326,457.69643739609296
/Users/kevin.kunkel/Documents/Dev/Uni/ca-friend-foe-analysis/frames/triumph_des_willens/frame_067010.png,132.77592921713182,57.14056211215283,0.43035332086190187,0.22836032122169564,0.3234560587443684,0.0,0.0,0.0,0.0,0.49999999981171284,0.007880609677608098,-7.807398978031955,0.7527330776087862,0.7481659731989374,7.888085331106169,0.017305803411531304,7,12,1,0.0444971037388099,0.8499210110584519,78.06269120124705
/Users/kevin.kunkel/Documents/Dev/Uni/ca-friend-foe-analysis/frames/triumph_des_willens/frame_067060.png,93.98093111871745,55.63834809874923,0.5920174164827617,0.5456910801006377,0.13308722427008368,0.0,0.0,0.0,0.0,0.4999999997339886,0.08518555087472938,6.304501663748553,0.7826142156002299,0.7367518505878676,22.552297639610188,0.01845730113606623,49,66,0,0.0,0.5,104.98139156611809
/Users/kevin.kunkel/Documents/Dev/Uni/ca-friend-foe-analysis/frames/triumph_des_willens/frame_067126.png,102.47622652273127,59.965499841675715,0.5851649872164026,0.48206475630448775,0.1628634954069393,0.0,0.0,0.0,0.0,0.499999999756041,0.09202028845591247,7.671643261610043,0.7644411804860028,0.7144517640623995,23.693164748121607,0.017111323243488245,60,65,0,0.0,0.5,127.0371512135667
/Users/kevin.kunkel/Documents/Dev/Uni/ca-friend-foe-analysis/frames/triumph_des_willens/frame_067211.png,115.30470167046984,61.333086671117684,0.5319218187061425,0.3975904715932362,0.24216327306769644,0.0,0.0,0.0,0.0,0.49999999978318316,0.16581278158094903,2.6993858822727788,0.7208315837598278,0.7341438488780416,41.183974606839776,0.0178950962932013,131,147,9,0.06168268386870283,0.533175355450237,143.60399644898794
/Users/kevin.kunkel/Documents/Dev/Uni/ca-friend-foe-analysis/frames/triumph_des_willens/frame_067311.png,94.2047203206366,65.62473906005641,0.6966183729120285,0.5506406880814464,0.18753656895442045,0.0,0.0,0.0,0.0,0.49999999973462056,0.06308144637528523,29.587920619354023,0.7599699302809299,0.709692015871046,24.06160751237161,0.01565115897542966,29,56,2,0.03819627289216547,0.3183254344391785,477.80099703713
/Users/kevin.kunkel/Documents/Dev/Uni/ca-friend-foe-analysis/frames/triumph_des_willens/frame_067375.png,109.76575939090749,53.28170632842676,0.4854128152125653,0.415406866186882,0.18897738575858639,0.0,0.0,0.0,0.0,0.4999999997722423,0.15745311860043298,0.5383677187971472,0.7566890353941589,0.7654985584834028,35.673221718640846,0.02052383051852883,106,113,8,0.07505412205254228,0.6990521327014217,126.71762095252662
/Users/kevin.kunkel/Documents/Dev/Uni/ca-friend-foe-analysis/frames/triumph_des_willens/frame_067464.png,95.56605084547422,61.517122887092555,0.6437131416279984,0.5438205780820314,0.17504278567667192,0.0,0.0,0.0,0.0,0.49999999973840087,0.03523601603182962,20.28726607904524,0.7460876381446031,0.720119570038517,16.938765794297055,0.01631982958000566,34,39,2,0.05181820841378503,0.2985781990521327,84.83410704747764
/Users/kevin.kunkel/Documents/Dev/Uni/ca-friend-foe-analysis/frames/triumph_des_willens/frame_067613.png,147.25631911532386,67.56335569845496,0.4588146441421045,0.2738667281025101,0.6055453162483179,0.0,0.0,0.0,0.0,0.49999999983022797,0.026059036920016383,12.529794925932578,0.8305577640335873,0.6600003418502891,10.960033356088863,0.014757153634924823,20,6,0,0.0,0.5,108.82045751974385
/Users/kevin.kunkel/Documents/Dev/Uni/ca-friend-foe-analysis/frames/triumph_des_willens/frame_067767.png,90.24546179275642,66.62164891287792,0.7382271364741647,0.5472251477385759,0.1707989585161781,0.0,0.0,0.0,0.0,0.49999999972297776,0.024965625182844772,22.770426920323757,0.819954000557569,0.6621275986367354,12.465450849996849,0.014959286363097426,22,15,2,0.10316284886782517,0.23854660347551343,46.52117778054138
/Users/kevin.kunkel/Documents/Dev/Uni/ca-friend-foe-analysis/frames/triumph_des_willens/frame_067804.png,89.98901285764437,64.55908476727788,0.7174107443279133,0.5481960534784389,0.15722821953074717,0.0,0.0,0.0,0.0,0.49999999972218834,0.02270566379966064,23.05554000217748,0.8236875187147001,0.6725074948521368,11.691877001022666,0.015418420081951403,23,16,3,0.09186487039962553,0.23380726698262244,78.0274774049994
/Users/kevin.kunkel/Documents/Dev/Uni/ca-friend-foe-analysis/frames/triumph_des_willens/frame_067843.png,126.29261197413844,53.99413512892263,0.42753201665688945,0.31260239307237725,0.26959730267392196,0.0,0.0,0.0,0.0,0.499999999802047,0.008474855186940494,-26.825986329506463,0.7661931775811373,0.7759145357041082,7.455535368488138,0.018290735662554108,4,14,0,0.0,0.5,108.87463416514657
/Users/kevin.kunkel/Documents/Dev/Uni/ca-friend-foe-analysis/frames/triumph_des_willens/frame_067871.png,82.67950785501141,66.38053077663278,0.8028655759871307,0.5824428792931953,0.147895822362647,0.0,0.0,0.0,0.0,0.49999999969762765,0.02326882569773565,22.54985659646539,0.7958209142295968,0.6651474724911062,11.596739168640566,0.014988361039926965,21,21,2,0.10621452811421216,0.27567140600315954,45.73490094938454
/Users/kevin.kunkel/Documents/Dev/Uni/ca-friend-foe-analysis/frames/triumph_des_willens/frame_067910.png,122.25929034287051,51.08773704717499,0.4178638438200927,0.3196949417822246,0.22613144344976888,0.0,0.0,0.0,0.0,0.49999999979551657,0.008401717278099585,-23.48475770105148,0.7776925219212956,0.7930052978176737,7.191479438441842,0.01931686373153403,4,11,0,0.0,0.5,111.05713016977118
/Users/kevin.kunkel/Documents/Dev/Uni/ca-friend-foe-analysis/frames/triumph_des_willens/frame_067943.png,91.96583545433269,37.82359022133131,0.41127871011388173,0.5196686121350418,0.07345605874436838,0.0,0.0,0.0,0.0,0.49999999972815995,0.009840705634544497,2.0534522273363223,0.8488378959915837,0.89666684477354,5.967273089667752,0.02614082323070294,14,11,1,0.20275473933649288,0.3736176935229068,45.84836149762796
/Users/kevin.kunkel/Documents/Dev/Uni/ca-friend-foe-analysis/frames/triumph_des_willens/frame_067980.png,75.79828381896905,36.29335951288972,0.478815055386855,0.7392944385934117,0.041520390848984845,0.0,0.0,0.0,0.0,0.4999999996701773,0.01772314375987362,-4.631624477665724,0.847072834458223,0.8664301579750513,8.91155394375252,0.027367755057481468,7,17,1,0.02252830437072143,0.466824644549763,55.7940264677313
/Users/kevin.kunkel/Documents/Dev/Uni/ca-friend-foe-analysis/frames/triumph_des_willens/frame_068066.png,91.7907049031654,67.07027085069151,0.7306869562487683,0.6535877801181909,0.21085110584518169,0.0,0.0,0.0,0.0,0.4999999997276413,0.02493819846702943,-13.121247273066956,0.8528548163750902,0.6825485283775958,11.087488798507962,0.014834536334018955,5,16,1,0.055358083201685095,0.4075829383886256,80.10049757339502
/Users/kevin.kunkel/Documents/Dev/Uni/ca-friend-foe-analysis/frames/triumph_des_willens/frame_068140.png,102.45840647124217,57.886366889479795,0.5649743034919229,0.464092943654555,0.167174975133111,0.0,0.0,0.0,0.0,0.49999999975599857,0.057519308407934,13.880691923038185,0.7655457349986978,0.7510326464153406,21.558073037145324,0.01758898085646921,42,51,2,0.043480486805921245,0.6666666666666666,76.41994773514242
/Users/kevin.kunkel/Documents/Dev/Uni/ca-friend-foe-analysis/frames/triumph_des_willens/frame_068182.png,113.55151834298753,65.6561620127102,0.5782059360630668,0.4349895412790358,0.28983639049792287,0.0,0.0,0.0,0.0,0.4999999997798356,0.056563030249839094,12.931538091611614,0.7601358816301665,0.6591529696735703,20.406763321575212,0.015357544347594284,22,41,1,0.007257109004739337,0.7764612954186414,72.4396300861819
/Users/kevin.kunkel/Documents/Dev/Uni/ca-friend-foe-analysis/frames/triumph_des_willens/frame_068233.png,130.59523104265404,67.61588273264782,0.5177515452979173,0.3568544848165701,0.38729448247615705,0.0,0.0,0.0,0.0,0.4999999998085688,0.021217307354748114,2.415918160346422,0.7061986672265301,0.7439371414881002,9.696777914017998,0.014702827654210389,16,9,0,0.0,0.5,56.79292778263116
/Users/kevin.kunkel/Documents/Dev/Uni/ca-friend-foe-analysis/frames/triumph_des_willens/frame_068662.png,120.39712787431982,78.50709110118133,0.6520678061184861,0.4057764320402551,0.4068533877479375,0.0,0.0,0.0,0.0,0.4999999997923539,0.08960125212099936,46.32064785235623,0.7176577570352932,0.7307247714486639,24.94464310886607,0.012991068993725277,40,51,5,0.04743907612193552,0.4391785150078989,159.2838365781656
/Users/kevin.kunkel/Documents/Dev/Uni/ca-friend-foe-analysis/frames/triumph_des_willens/frame_068706.png,110.49791739804576,78.54401292826645,0.7108189430778691,0.46769864256041194,0.34369697501609037,0.0,0.0,0.0,0.0,0.4999999997737514,0.09220861857117782,42.707016966698745,0.7436115470704109,0.7205680689997518,26.965464650802954,0.013022520677717928,33,45,4,0.0402313352056638,0.14533965244865718,157.6504308071812
/Users/kevin.kunkel/Documents/Dev/Uni/ca-friend-foe-analysis/frames/triumph_des_willens/frame_068947.png,85.04126440816805,76.53437293575438,0.8999674849425999,0.6318621642969984,0.23706190392604296,0.0,0.0,0.0,0.0,0.4999999997060251,0.06111220817974373,44.092181735760704,0.7786210722074799,0.6706726062436226,21.504456598416606,0.013290784295974651,17,54,1,0.0049441226376455445,0.3791469194312796,489.3091666827283
/Users/kevin.kunkel/Documents/Dev/Uni/ca-friend-foe-analysis/frames/triumph_des_willens/frame_069009.png,143.7155063337429,59.150343893339276,0.4115794138095275,0.24119968111871745,0.517991925574864,0.0,0.0,0.0,0.0,0.49999999982604515,0.041388742613071204,1.1143328012782092,0.7834934766721621,0.7319003199029259,13.067317399850223,0.016922132528039695,20,30,0,0.0,0.5,111.54579438601071
/Users/kevin.kunkel/Documents/Dev/Uni/ca-friend-foe-analysis/frames/triumph_des_willens/frame_069067.png,142.47283292376105,79.20681675389288,0.5559432986124666,0.33811472412380783,0.5035033058334796,0.0,0.0,0.0,0.0,0.4999999998245279,0.09591122520624891,19.64848974384327,0.8100427526929092,0.5233746455098682,25.47643108412742,0.01295229345994531,57,53,0,0.0,0.5,229.65091833839367
/Users/kevin.kunkel/Documents/Dev/Uni/ca-friend-foe-analysis/frames/triumph_des_willens/frame_069139.png,120.10200726990814,75.90232377207835,0.6319821411336033,0.4067253964074659,0.4012107980808613,0.0,0.0,0.0,0.0,0.4999999997918436,0.07458786788368146,19.70947450458786,0.635072710554001,0.6963567233621062,21.044511010467833,0.013347532433707017,35,41,0,0.0,0.5,127.38011737284076
/Users/kevin.kunkel/Documents/Dev/Uni/ca-friend-foe-analysis/frames/triumph_des_willens/frame_069264.png,143.96748105728162,61.88242863911245,0.4298361556489769,0.23665781697969693,0.4705473641097654,0.0,0.0,0.0,0.0,0.49999999982634963,0.07630660874144286,-5.361841992584004,0.8216219894429013,0.6646947219464439,19.944365771880108,0.016484916193919598,21,54,0,0.0,0.5,145.7020418226711
/Users/kevin.kunkel/Documents/Dev/Uni/ca-friend-foe-analysis/frames/triumph_des_willens/frame_069409.png,151.65305387338364,57.00178842348391,0.37586970344486564,0.1759240974782049,0.5037501462758177,0.0,0.0,0.0,0.0,0.49999999983515,0.18298190568135275,-7.7196267753995755,0.7609074292053724,0.7567154047507423,39.98913609287986,0.020015084306512523,135,179,13,0.03527989877713417,0.3372827804107425,214.14758063556204
/Users/kevin.kunkel/Documents/Dev/Uni/ca-friend-foe-analysis/frames/triumph_des_willens/frame_069515.png,69.70244390322392,50.33857057573997,0.7221923319275818,0.735783818969048,0.06623917558949155,0.0,0.0,0.0,0.0,0.4999999996413325,0.01637374934175882,26.849917793916262,0.8413011922339587,0.8163671598503442,8.20369967345937,0.019817695736953758,19,13,1,0.051606108478146395,0.2764612954186414,44.56662102419879
/Users/kevin.kunkel/Documents/Dev/Uni/ca-friend-foe-analysis/frames/triumph_des_willens/frame_069728.png,70.73197699081388,50.40640683143611,0.7126395854412291,0.7464966941665204,0.07072070095371834,0.0,0.0,0.0,0.0,0.4999999996465531,0.01722763442747645,29.20402863506517,0.8279224617703849,0.8098126401873454,8.557492821104125,0.019807697880772003,15,11,1,0.05099357849160377,0.8522906793048973,52.03899272783296
/Users/kevin.kunkel/Documents/Dev/Uni/ca-friend-foe-analysis/frames/triumph_des_willens/frame_069824.png,112.30476566614007,63.66228889150298,0.5668707686374712,0.4561684512316424,0.2742287607512726,0.0,0.0,0.0,0.0,0.49999999977739146,0.03734421625416886,16.30267543793869,0.7489672640456335,0.735376879889321,18.085039879203276,0.015737495719189372,34,28,3,0.08519835000877655,0.6145339652448657,124.78147632693408
/Users/kevin.kunkel/Documents/Dev/Uni/ca-friend-foe-analysis/frames/triumph_des_willens/frame_069894.png,112.15508710724943,61.42177445742551,0.5476503651049308,0.3993549236440232,0.2522032795038324,0.0,0.0,0.0,0.0,0.49999999977709436,0.028053873383652214,7.867387107471615,0.7254506012222922,0.7322463355947161,16.902816018504204,0.016285388859188496,21,35,1,0.07534850213562694,0.5963665086887836,85.56096122181201
/Users/kevin.kunkel/Documents/Dev/Uni/ca-friend-foe-analysis/frames/triumph_des_willens/frame_069960.png,73.86020237259376,51.82191353972273,0.7016216014158848,0.7203919460534784,0.08832133871628342,0.0,0.0,0.0,0.0,0.49999999966152275,0.017816394593645778,23.281199115920074,0.8290650193141442,0.8057199884173079,8.667476276740931,0.019218615018299662,14,11,1,0.05346563981042654,0.2646129541864139,43.51104393098227
/Users/kevin.kunkel/Documents/Dev/Uni/ca-friend-foe-analysis/frames/triumph_des_willens/frame_070003.png,74.90957960329999,51.43636970306157,0.6866460859450751,0.7112423936574805,0.08898506523901469,0.0,0.0,0.0,0.0,0.49999999966626435,0.01779079632555146,22.63279762361047,0.8203059803290575,0.804770147334602,8.704635585664963,0.019367112093913588,16,12,1,0.06190392604294658,0.2480252764612954,41.32641326201171
/Users/kevin.kunkel/Documents/Dev/Uni/ca-friend-foe-analysis/frames/triumph_des_willens/frame_070079.png,164.44242766660815,53.975171848404294,0.3282314216682013,0.14607651688022935,0.7146286788368147,0.0,0.0,0.0,0.0,0.49999999984797106,0.016320724357849162,12.517150978492651,0.7658470201608231,0.8168501885634704,7.9956184189247566,0.01840976122735962,14,5,1,0.026770303083494238,0.6532385466034755,121.11747388178958
/Users/kevin.kunkel/Documents/Dev/Uni/ca-friend-foe-analysis/frames/triumph_des_willens/frame_070118.png,169.51003634954068,51.5925830241416,0.304362998821604,0.13001360365104442,0.7415799982446902,0.0,0.0,0.0,0.0,0.4999999998525161,0.016428602773389502,8.522986388387125,0.7794556617919534,0.8267836685189781,7.561844342781023,0.019256777590083006,15,4,1,0.02632964718272775,0.6571879936808847,148.1485275850372
/Users/kevin.kunkel/Documents/Dev/Uni/ca-friend-foe-analysis/frames/triumph_des_willens/frame_070290.png,93.74862317886607,30.785051239734052,0.32837870214008774,0.3810430197179802,0.047634720028084956,0.0,0.0,0.0,0.0,0.4999999997333294,0.006567784213913756,4.141056849263322,0.8886158263551164,0.912857247915575,4.2694296888450145,0.03184140119189746,8,5,1,0.14955970978877772,0.43285939968404424,62.81459067714605
/Users/kevin.kunkel/Documents/Dev/Uni/ca-friend-foe-analysis/frames/triumph_des_willens/frame_070432.png,145.6406387133579,42.84393167926608,0.29417566434991843,0.12792003101047336,0.23558268971973553,0.0,0.0,0.0,0.0,0.4999999998283446,0.002854206892516529,8.714172585282512,0.807520742484578,0.9161971252401571,2.424023025261575,0.02289655133075117,4,8,0,0.0,0.5,57.25252000643928
/Users/kevin.kunkel/Documents/Dev/Uni/ca-friend-foe-analysis/frames/triumph_des_willens/frame_070559.png,72.48052154642795,46.443942503228264,0.6407782594307136,0.7111765695395237,0.06446923819554151,0.0,0.0,0.0,0.0,0.49999999965507974,0.017432420572231,25.434775277294506,0.8803092242104261,0.8323918948732798,7.383951531146166,0.021388258151720706,9,6,2,0.08516909484524018,0.31437598736176936,28.286237380110876
/Users/kevin.kunkel/Documents/Dev/Uni/ca-friend-foe-analysis/frames/triumph_des_willens/frame_070633.png,119.45834064712422,56.429372091495914,0.4723769955163585,0.3182285267099643,0.1498467760809783,0.0,0.0,0.0,0.0,0.499999999790722,0.04179282955941724,10.141833696523221,0.7213448541314601,0.7287897695411967,13.397031843278928,0.01774531771691624,33,34,1,0.008207901819671171,0.49368088467614535,100.0696527150829
/Users/kevin.kunkel/Documents/Dev/Uni/ca-friend-foe-analysis/frames/triumph_des_willens/frame_070777.png,72.06555167924638,62.25562518050963,0.8638749533371112,0.6474277397460652,0.1135685448481657,0.0,0.0,0.0,0.0,0.49999999965309366,0.01975272073020888,33.469317050242594,0.821585162354685,0.7785948717860327,10.020068797381569,0.016012502165661743,15,20,0,0.0,0.5,40.49751559502252
/Users/kevin.kunkel/Documents/Dev/Uni/ca-friend-foe-analysis/frames/triumph_des_willens/frame_070803.png,77.99688066818794,58.278120461872504,0.7471852705889491,0.5672594494178222,0.11009632262594347,0.0,0.0,0.0,0.0,0.4999999996794744,0.016938739687554855,22.155098644985998,0.7382175402487952,0.7601425257163343,9.395294936446724,0.017051647881628315,15,20,0,0.0,0.5,33.40568614381063
/Users/kevin.kunkel/Documents/Dev/Uni/ca-friend-foe-analysis/frames/triumph_des_willens/frame_070830.png,136.78220079281493,49.39174866432237,0.3610977769178218,0.20532736527997192,0.18715076648528464,0.0,0.0,0.0,0.0,0.49999999981722765,0.04256626294540986,-3.193798308051697,0.8005078495619182,0.7656949500381494,12.287188983237812,0.020316239986105634,33,37,1,0.010840866537943947,0.5442338072669827,148.29887907669251
/Users/kevin.kunkel/Documents/Dev/Uni/ca-friend-foe-analysis/frames/triumph_des_willens/frame_071025.png,126.36218806681879,57.6972028270129,0.45660180204257894,0.3113992744719443,0.32916447252940145,0.0,0.0,0.0,0.0,0.49999999980215604,0.040048490433561526,26.43978538606447,0.7542562964569128,0.7464323900563508,13.11837286565489,0.01734186638188981,31,29,0,0.0,0.5,121.71926256544151
/Users/kevin.kunkel/Documents/Dev/Uni/ca-friend-foe-analysis/frames/triumph_des_willens/frame_071083.png,82.04437276929379,52.48218816167983,0.6396805329390481,0.6024022146158797,0.09613246738049265,0.0,0.0,0.0,0.0,0.49999999969528686,0.01615433561523609,23.742166143036258,0.8171857163671741,0.7931659530900967,7.8884485694973385,0.01893588485162391,11,10,0,0.0,0.5,42.802913778121955
/Users/kevin.kunkel/Documents/Dev/Uni/ca-friend-foe-analysis/frames/triumph_des_willens/frame_071131.png,79.68649618220115,49.61266244907068,0.6225981159138028,0.6032688988356445,0.08193822772219296,0.0,0.0,0.0,0.0,0.49999999968627057,0.01720203615938213,25.471109010016377,0.8207377377842483,0.8052091520504123,8.059232154465944,0.020038737367515366,12,12,0,0.0,0.5,41.247084107828584
/Users/kevin.kunkel/Documents/Dev/Uni/ca-friend-foe-analysis/frames/triumph_des_willens/frame_071218.png,78.90795594172371,53.642186887751436,0.6798070762267289,0.6660029401439354,0.0966828301445205,0.0,0.0,0.0,0.0,0.4999999996831752,0.01969238195541513,26.355412846368182,0.8308898388212578,0.8007344323101955,9.09732513559843,0.018596087981147445,15,15,1,0.049177929904628166,0.24644549763033174,42.0491034081799
/Users/kevin.kunkel/Documents/Dev/Uni/ca-friend-foe-analysis/frames/triumph_des_willens/frame_071482.png,67.49512901527119,65.56337974969584,0.9713794255837896,0.7243633345035398,0.1654964601252121,0.0,0.0,0.0,0.0,0.4999999996296029,0.010996284594230882,9.106583654677237,0.7350219299000391,0.7844188372723679,6.471173951883887,0.015093948514487091,11,13,1,0.07240835820022234,0.4352290679304897,87.78748218586443
/Users/kevin.kunkel/Documents/Dev/Uni/ca-friend-foe-analysis/frames/triumph_des_willens/frame_071679.png,156.44483024691357,54.44582702492453,0.34801934269219315,0.16767962670411327,0.628702606635071,0.0,0.0,0.0,0.0,0.4999999998401992,0.014411824937101398,-0.5053523988123061,0.7898309481770591,0.790614040681908,10.703811331384168,0.018214424057259537,24,9,1,0.15697040840208296,0.518957345971564,94.38903098433946
/Users/kevin.kunkel/Documents/Dev/Uni/ca-friend-foe-analysis/frames/triumph_des_willens/frame_071764.png,74.11832799426598,76.37137222453099,1.0303979351422974,0.746143803756363,0.2129099379790533,0.0,0.0,0.0,0.0,0.49999999966270153,0.017728629103036686,32.97936305120987,0.8478186403576702,0.7568636069054908,7.897085090894709,0.013025849872272705,12,6,2,0.06712048739102451,0.27093206951026855,46.449026413518325
/Users/kevin.kunkel/Documents/Dev/Uni/ca-friend-foe-analysis/frames/triumph_des_willens/frame_071824.png,137.20364702182434,50.05068001217869,0.364791177655345,0.2018405154759815,0.28249151600257444,0.0,0.0,0.0,0.0,0.49999999981778903,0.005037373471417706,4.127122434340691,0.7901898115164385,0.8273778991202669,6.026202084840671,0.019690686321968846,8,7,1,0.3902711953659821,0.5560821484992101,122.0740487885381
/Users/kevin.kunkel/Documents/Dev/Uni/ca-friend-foe-analysis/frames/triumph_des_willens/frame_071875.png,117.42105676964485,47.750942658425146,0.40666422131965585,0.28522870224094554,0.15122359721490844,0.0,0.0,0.0,0.0,0.49999999978709103,0.004746650283775087,-11.85142919111695,0.8179907352912494,0.7816694704135756,5.282588094922594,0.020604442311849245,4,4,0,0.0,0.5,111.3587120666104
/Users/kevin.kunkel/Documents/Dev/Uni/ca-friend-foe-analysis/frames/triumph_des_willens/frame_071933.png,141.4729078901176,50.655813701527705,0.3580601715281501,0.18852575917149378,0.34299667953893864,0.0,0.0,0.0,0.0,0.4999999998232877,0.006662863495406939,8.903220215836456,0.8060752792720857,0.8358304778779773,6.515334496190315,0.01947574676538707,7,8,1,0.36534031068983674,0.5821484992101106,83.86383524093384
/Users/kevin.kunkel/Documents/Dev/Uni/ca-friend-foe-analysis/frames/triumph_des_willens/frame_072508.png,161.71603475513427,55.00960019255515,0.34016169294425824,0.19271656134807794,0.7261040167339535,0.0,0.0,0.0,0.0,0.499999999845408,0.010910347551342812,-32.89251740867388,0.8428708034615169,0.8595801101734646,5.557051119777545,0.018004525582113077,14,1,0,0.0,0.5,144.37225613565707
/Users/kevin.kunkel/Documents/Dev/Uni/ca-friend-foe-analysis/frames/triumph_des_willens/frame_072552.png,164.9955733280674,53.223802326008865,0.3225771529513953,0.16855911005792523,0.7436644286466562,0.0,0.0,0.0,0.0,0.49999999984848076,0.010288675326195073,11.099194897436604,0.7596855672232031,0.8618801737174007,5.031191912253864,0.0185986615801335,5,1,0,0.0,0.5,176.6992338481938
/Users/kevin.kunkel/Documents/Dev/Uni/ca-friend-foe-analysis/frames/triumph_des_willens/frame_072611.png,167.93176964484232,56.91597353217214,0.3389232044576854,0.17548344157743842,0.7388958369902288,0.0,0.0,0.0,0.0,0.49999999985113,0.010707389854309286,-0.45945219289669126,0.7416161298057342,0.8253893215162296,4.908364756788052,0.01739082403127883,7,1,0,0.0,0.5,147.53888395612358
/Users/kevin.kunkel/Documents/Dev/Uni/ca-friend-foe-analysis/frames/triumph_des_willens/frame_072715.png,97.90889759230004,59.43491739045823,0.6070430654550454,0.5550015358960857,0.1819652887484641,0.0,0.0,0.0,0.0,0.4999999997446606,0.03926408636124276,3.2458360574889866,0.7831826835818875,0.7239430793414412,17.45909125401426,0.016872676656960912,32,35,1,0.017203864607103155,0.8048973143759873,77.53273124229305
/Users/kevin.kunkel/Documents/Dev/Uni/ca-friend-foe-analysis/frames/triumph_des_willens/frame_073352.png,71.94865718799367,63.768083010324865,0.8862998339924,0.7342534082265519,0.16713657773096952,0.0,0.0,0.0,0.0,0.49999999965253,0.017213006845708267,28.442495238166657,0.7960911086100815,0.7686716617026558,7.6294645155921215,0.015579841423220733,9,10,3,0.2561710110584518,0.31121642969984203,47.66912988123992
/Users/kevin.kunkel/Documents/Dev/Uni/ca-friend-foe-analysis/frames/triumph_des_willens/frame_073660.png,60.627292873442165,45.522973249706965,0.75086600468288,0.7919043648703996,0.06045396700017553,0.0,0.0,0.0,0.0,0.49999999958764446,0.015294965186355392,23.19771884713918,0.8624327274646328,0.8463260717437467,7.338992470739413,0.02188726705647711,12,11,2,0.04836609911649406,0.8894154818325435,49.2286754965623
/Users/kevin.kunkel/Documents/Dev/Uni/ca-friend-foe-analysis/frames/triumph_des_willens/frame_073734.png,143.3247633988649,48.999500262154605,0.3418774192677644,0.17391097653735885,0.4021231934936516,0.0,0.0,0.0,0.0,0.4999999998255709,0.11638801123398279,-1.774657913632808,0.8337875484287682,0.7626901578141805,20.60678559249343,0.02128893022924667,69,76,0,0.0,0.5,225.49996166531716
/Users/kevin.kunkel/Documents/Dev/Uni/ca-friend-foe-analysis/frames/triumph_des_willens/frame_073869.png,131.62624151600258,73.08793994955334,0.5552687598782553,0.3417734480135744,0.3662490492071851,0.0,0.0,0.0,0.0,0.4999999998100682,0.1704369258674156,-10.92773149490553,0.7723009960522738,0.625669207849572,31.044031103289573,0.014384909317244232,106,58,0,0.0,0.5,427.8281288876347
/Users/kevin.kunkel/Documents/Dev/Uni/ca-friend-foe-analysis/frames/triumph_des_willens/frame_074067.png,67.39277982563922,45.9391177270108,0.6816623053344846,0.7533021765841671,0.06369031946638581,0.0,0.0,0.0,0.0,0.4999999996290404,0.015408328945058803,18.69822316310902,0.8375065250487299,0.8365590498975024,7.326683688366506,0.021648612389372646,16,12,0,0.0,0.5,30.029789439380753
/Users/kevin.kunkel/Documents/Dev/Uni/ca-friend-foe-analysis/frames/triumph_des_willens/frame_074257.png,61.12298870750688,46.26013792381107,0.7568369745382868,0.7752929173249078,0.06151812357381078,0.0,0.0,0.0,0.0,0.4999999995909886,0.018145515183429876,22.86343006886443,0.854850792929658,0.8486713658154307,7.988046829700983,0.021560440185040504,17,14,0,0.0,0.5,36.39083746181082
/Users/kevin.kunkel/Documents/Dev/Uni/ca-friend-foe-analysis/frames/triumph_des_willens/frame_074366.png,149.17186494353754,55.65351271398059,0.3730831728740367,0.2500603387747938,0.6170078550114095,0.0,0.0,0.0,0.0,0.49999999983240806,0.011672810251009302,-50.391479336411436,0.8470579774241919,0.8792970294071684,5.930749050383771,0.01776506212760754,8,8,0,0.0,0.5,120.30531408029822
/Users/kevin.kunkel/Documents/Dev/Uni/ca-friend-foe-analysis/frames/triumph_des_willens/frame_074521.png,60.00223619156281,46.624615382526414,0.7770479612787785,0.7947366303902639,0.06102444268913463,0.0,0.0,0.0,0.0,0.4999999995833489,0.019196872623017964,24.23586741837625,0.8620396040342297,0.8416500912366822,8.500453658258513,0.02141048392163936,15,15,0,0.0,0.5,44.883920089501245
/Users/kevin.kunkel/Documents/Dev/Uni/ca-friend-foe-analysis/frames/triumph_des_willens/frame_074604.png,150.3537772073021,54.98566656652496,0.36570858112957116,0.1853954566731028,0.5038891083026155,0.0,0.0,0.0,0.0,0.49999999983372545,0.050600462231583876,4.9850721246247645,0.792136656605185,0.7626235257347196,18.59288355442621,0.018460197392990343,46,30,5,0.15070431806213797,0.32701421800947866,95.35850895424333
/Users/kevin.kunkel/Documents/Dev/Uni/ca-friend-foe-analysis/frames/triumph_des_willens/frame_074756.png,63.6376894271839,47.81243135663647,0.7513225529065224,0.759080071382599,0.06364643672108126,0.0,0.0,0.0,0.0,0.4999999996071511,0.017258718038733835,23.79753238481797,0.8537314674275304,0.8343085690089445,8.153867923159707,0.020856834448065353,21,9,0,0.0,0.5,34.33386955566428
/Users/kevin.kunkel/Documents/Dev/Uni/ca-friend-foe-analysis/frames/triumph_des_willens/frame_074952.png,140.63572750277925,63.26200149774806,0.44982880649239715,0.2682021970627816,0.4146370896963314,0.0,0.0,0.0,0.0,0.49999999982223575,0.004349877128313148,-13.46087107990067,0.7205421870930808,0.7224036901445998,6.410607982871361,0.01560595599734425,15,9,0,0.0,0.5,20.060656467331096
/Users/kevin.kunkel/Documents/Dev/Uni/ca-friend-foe-analysis/frames/triumph_des_willens/frame_075045.png,155.0590899450003,44.86068313798191,0.2893134683362499,0.13485350476859165,0.5199922473816628,0.0,0.0,0.0,0.0,0.4999999998387711,0.010937774267158154,-10.921849262862452,0.839052732145459,0.8836206886645891,6.952898008303967,0.02203453392310992,6,9,1,0.36207835995553217,0.5963665086887836,124.29909225966348
/Users/kevin.kunkel/Documents/Dev/Uni/ca-friend-foe-analysis/frames/triumph_des_willens/frame_075155.png,66.84529503832427,46.00987197037038,0.6883038196654119,0.7724204259551811,0.06739658299689895,0.0,0.0,0.0,0.0,0.4999999996260021,0.016637045813586097,19.741202851971096,0.8229010854239303,0.8329903483310811,7.942202876562339,0.02166136708077891,12,13,0,0.0,0.5,41.364787884048035
/Users/kevin.kunkel/Documents/Dev/Uni/ca-friend-foe-analysis/frames/triumph_des_willens/frame_075197.png,70.4716115206834,45.79554003837614,0.6498438021379827,0.7629691796852145,0.0713606576560763,0.0,0.0,0.0,0.0,0.4999999996452472,0.014079047451875257,16.96899443337192,0.8110215673654635,0.832886213264021,7.496859483359732,0.021672488122693963,12,14,2,0.0717939997659587,0.23380726698262244,33.23390795026653
/Users/kevin.kunkel/Documents/Dev/Uni/ca-friend-foe-analysis/frames/triumph_des_willens/frame_075231.png,148.2088946667837,59.719669683058754,0.40294254792893186,0.24820629278567669,0.5479583552747059,0.0,0.0,0.0,0.0,0.49999999983131915,0.010765900181382014,-12.02422958239552,0.7486611890675174,0.7632847187749924,7.89491192835347,0.016586689556626105,7,6,1,0.0547236118424902,0.7527646129541864,85.93212552437876
/Users/kevin.kunkel/Documents/Dev/Uni/ca-friend-foe-analysis/frames/triumph_des_willens/frame_075264.png,62.95242379029899,46.28039055933312,0.7351645528372571,0.7781014130243988,0.06160406061669885,0.0,0.0,0.0,0.0,0.4999999996028747,0.013689588087297408,13.417206718374239,0.8262871124694685,0.8424636231074708,6.8698025720830875,0.021446169131447784,14,8,1,0.06810784916037681,0.31990521327014215,33.52458223242824
/Users/kevin.kunkel/Documents/Dev/Uni/ca-friend-foe-analysis/frames/triumph_des_willens/frame_075352.png,64.3698163507109,48.33694336868926,0.7509256051040896,0.7617989731437599,0.06980830554092797,0.0,0.0,0.0,0.0,0.49999999961161923,0.01871781932011,23.20593523156758,0.8476879099308087,0.840518408781703,8.436447174761398,0.020622907358256896,18,13,2,0.06839308700485636,0.23222748815165878,35.63078253601171
/Users/kevin.kunkel/Documents/Dev/Uni/ca-friend-foe-analysis/frames/triumph_des_willens/frame_075391.png,66.55296098823942,47.81604931522221,0.7184661438553451,0.7499524603592534,0.06876243344450296,0.0,0.0,0.0,0.0,0.4999999996243593,0.018132716049382717,19.596681534029685,0.8351134670122218,0.8332040478521461,8.345569873231057,0.020835719751518537,18,16,1,0.05663799660640103,0.2353870458135861,38.47819610245987
/Users/kevin.kunkel/Documents/Dev/Uni/ca-friend-foe-analysis/frames/triumph_des_willens/frame_075966.png,166.3514386226669,36.281993688226436,0.21810447788620588,0.05820131940787549,0.6099866157626821,0.0,0.0,0.0,0.0,0.4999999998497157,0.015596659060324147,11.53551637030074,0.8784830279897343,0.865226428417124,7.2907313632129505,0.027584480395853705,19,6,0,0.0,0.5,82.43008139888028
/Users/kevin.kunkel/Documents/Dev/Uni/ca-friend-foe-analysis/frames/triumph_des_willens/frame_076560.png,156.30746628342402,41.43658677030893,0.26509665679478484,0.08311209115908957,0.45800055584810717,0.0,0.0,0.0,0.0,0.4999999998400588,0.02256670177286291,19.0231859669276,0.8469598579002136,0.8692884285688021,9.871053460769817,0.02422761517774754,21,17,1,0.007489321865309227,0.8909952606635071,74.17097554842881
/Users/kevin.kunkel/Documents/Dev/Uni/ca-friend-foe-analysis/frames/triumph_des_willens/frame_077054.png,67.06869112398338,61.104985801319366,0.9110806351841941,0.7367638669475163,0.13191884617635014,0.0,0.0,0.0,0.0,0.49999999962724784,0.0373954127903575,29.531944717554353,0.7886961776694763,0.750841282070728,14.906659139262246,0.016431527014931776,9,36,4,0.025634837048739104,0.5963665086887836,75.09567211480936
/Users/kevin.kunkel/Documents/Dev/Uni/ca-friend-foe-analysis/frames/triumph_des_willens/frame_077097.png,67.11840661751799,60.127115681671235,0.8958364571246293,0.7536532385466035,0.1262598004797847,0.0,0.0,0.0,0.0,0.49999999962752395,0.0447055467790065,16.893409193546233,0.7914422910349559,0.7914465897704605,17.65478103287642,0.016830215349657257,4,43,5,0.028682859399684044,0.3570300157977883,66.29124429742541
/Users/kevin.kunkel/Documents/Dev/Uni/ca-friend-foe-analysis/frames/triumph_des_willens/frame_077179.png,67.55550801591481,59.262258880942305,0.8772380007749692,0.7339919402024457,0.12113831841319993,0.0,0.0,0.0,0.0,0.49999999962993397,0.050077526183371364,29.529956998149885,0.7813168208012243,0.8025463250232113,18.220261759720646,0.01711391103151234,4,32,2,0.01521451348663039,0.38467614533965244,106.4745513383481
/Users/kevin.kunkel/Documents/Dev/Uni/ca-friend-foe-analysis/frames/triumph_des_willens/frame_077228.png,113.59378656895441,59.68136777254743,0.5253928891945159,0.39527199988297934,0.23891594991516002,0.0,0.0,0.0,0.0,0.49999999977991755,0.14176869404949974,3.2068243663479734,0.7842075321147124,0.6894338815577801,31.75972028439156,0.017591486916399904,102,155,2,0.0054652302381370315,0.5624012638230648,185.49613079655123
/Users/kevin.kunkel/Documents/Dev/Uni/ca-friend-foe-analysis/frames/triumph_des_willens/frame_077273.png,61.46615726113159,58.050657051958346,0.9444328317271212,0.7780758147563045,0.1052783628810485,0.0,0.0,0.0,0.0,0.4999999995932721,0.04977948920484466,29.93322887342068,0.7963833590893499,0.8239567820799205,18.169253355727477,0.017521416063765897,5,40,4,0.03540057632672167,0.32385466034755134,118.74480012488823
/Users/kevin.kunkel/Documents/Dev/Uni/ca-friend-foe-analysis/frames/triumph_des_willens/frame_077425.png,88.75522753203441,63.76363697678901,0.7184211981421905,0.6088164092212276,0.18607929612076532,0.0,0.0,0.0,0.0,0.4999999997183265,0.017812737698203733,6.735952730506611,0.7433505451212139,0.7453534358539478,10.349928915884446,0.01555684158502571,10,28,1,0.030427198525539757,0.39257503949447076,53.9632432365246
/Users/kevin.kunkel/Documents/Dev/Uni/ca-friend-foe-analysis/frames/triumph_des_willens/frame_077546.png,64.69179136680124,52.39449530348212,0.8099094817983223,0.7540664677315546,0.08223992159616172,0.0,0.0,0.0,0.0,0.49999999961355224,0.048633052483763387,29.459059840418632,0.8326348376223698,0.8185583052958643,16.67944684750542,0.019377134923836362,14,38,2,0.013020376221403078,0.18325434439178515,107.5576488330213
/Users/kevin.kunkel/Documents/Dev/Uni/ca-friend-foe-analysis/frames/triumph_des_willens/frame_077562.png,70.44108924287637,53.72761748608376,0.7627312125251393,0.7268500234041309,0.0958618571177813,0.0,0.0,0.0,0.0,0.4999999996450935,0.05082901819671172,30.02718460850666,0.8334355973388127,0.8092552805815247,17.418342168651566,0.01889168882953249,13,33,2,0.012296310923878064,0.22037914691943128,84.39587626022022
/Users/kevin.kunkel/Documents/Dev/Uni/ca-friend-foe-analysis/frames/triumph_des_willens/frame_077631.png,103.54529065004974,63.82195763929675,0.6163675544970749,0.4818124305189866,0.23824125270610264,0.0,0.0,0.0,0.0,0.4999999997585598,0.0559450149201334,10.553374668750081,0.7669274678451334,0.7137054675362878,21.082416576984212,0.01582987009415163,28,58,4,0.06563761628927506,0.11532385466034756,78.29493102430713
/Users/kevin.kunkel/Documents/Dev/Uni/ca-friend-foe-analysis/frames/triumph_des_willens/frame_077668.png,94.74082484933591,69.14028148152106,0.7297834013847238,0.536795681937862,0.23810777602246797,0.0,0.0,0.0,0.0,0.49999999973612225,0.04678814873325142,1.7134648834348383,0.7613002371389138,0.642224040635945,18.078526663160307,0.014518389805229893,26,37,1,0.008959393833011527,0.09004739336492891,68.3707254908262
/Users/kevin.kunkel/Documents/Dev/Uni/ca-friend-foe-analysis/frames/triumph_des_willens/frame_077763.png,134.64597960915103,58.55456136686639,0.4348779034721288,0.2522087648469955,0.3730399040430636,0.0,0.0,0.0,0.0,0.49999999981432786,0.0843024106254754,7.645071726995241,0.7779295317682394,0.7296189432172306,22.354328790054055,0.017419693191879457,40,87,2,0.038625958106605816,0.7551342812006319,101.02711441784133
/Users/kevin.kunkel/Documents/Dev/Uni/ca-friend-foe-analysis/frames/triumph_des_willens/frame_077790.png,128.26051723129132,59.023032605245064,0.46018084000699255,0.2814255309812182,0.31840040079574045,0.0,0.0,0.0,0.0,0.4999999998050842,0.09318318120648295,6.665115680101081,0.766841681380293,0.707579912532289,23.712050747526714,0.01733429372608998,45,89,1,0.0026402785091568662,0.9320695102685624,101.47894496485421
/Users/kevin.kunkel/Documents/Dev/Uni/ca-friend-foe-analysis/frames/triumph_des_willens/frame_077949.png,141.94030483880405,60.085168362919525,0.42331294404943376,0.22786664033701948,0.4483518372242701,0.0,0.0,0.0,0.0,0.49999999982386956,0.08638501257972032,1.9774533069999904,0.7713259243197601,0.71615943552761,23.154047048382527,0.017014559975829197,47,48,1,0.005940626645602949,0.47788309636650866,140.04483359835842
/Users/kevin.kunkel/Documents/Dev/Uni/ca-friend-foe-analysis/frames/triumph_des_willens/frame_078080.png,130.5346838248201,62.471261751726985,0.47857979100563475,0.2975506114329179,0.37036305657948626,0.0,0.0,0.0,0.0,0.49999999980848,0.12312584108595168,-14.639824764810712,0.7550382124062545,0.7184218524493717,28.076172467058296,0.01659322021492879,40,76,1,0.0047557925223802,0.28672985781990523,162.3921777387243
/Users/kevin.kunkel/Documents/Dev/Uni/ca-friend-foe-analysis/frames/triumph_des_willens/frame_078123.png,125.40499202796794,63.007699402808406,0.5024337415412697,0.33990660289041014,0.34935602071265576,0.0,0.0,0.0,0.0,0.4999999998006459,0.07476157041717864,-10.776007030312059,0.7580309582729587,0.7191849398573307,23.03972006381508,0.016087028647621418,33,62,2,0.01481042654028436,0.7424960505529226,105.16528293372802
/Users/kevin.kunkel/Documents/Dev/Uni/ca-friend-foe-analysis/frames/triumph_des_willens/frame_078173.png,142.924123076473,67.94368613425631,0.4753829138441806,0.3256154555028963,0.539523725937628,0.0,0.0,0.0,0.0,0.499999999825082,0.01416132759932128,17.9971512437333,0.7416166747548589,0.6858423277304359,8.717957859408381,0.014587562066498309,6,12,0,0.0,0.5,82.32763840653762
/Users/kevin.kunkel/Documents/Dev/Uni/ca-friend-foe-analysis/frames/triumph_des_willens/frame_079925.png,148.29279299046283,59.2458877859631,0.3995196701826327,0.22714623193493652,0.48626470071967703,0.0,0.0,0.0,0.0,0.4999999998314146,0.01550523667427301,8.424132994066014,0.8587696368114854,0.6747026189753913,7.559760753330449,0.016738615402624273,6,2,0,0.0,0.5,113.42099196168353
/Users/kevin.kunkel/Documents/Dev/Uni/ca-friend-foe-analysis/frames/triumph_des_willens/frame_079990.png,131.74679290269734,52.97134716109179,0.4020693479803131,0.21099555321514246,0.2667046983792639,0.0,0.0,0.0,0.0,0.499999999810242,0.043376265285822946,-15.261963730170379,0.8071459752352173,0.7583870813913939,17.316600583015614,0.019310175393384463,25,48,1,0.0047557925223802,0.7164296998420221,607.9442561403617
/Users/kevin.kunkel/Documents/Dev/Uni/ca-friend-foe-analysis/frames/triumph_des_willens/frame_080116.png,123.50549997074484,75.90822996234847,0.6146141663235054,0.4397782458603944,0.37956746240711486,0.0,0.0,0.0,0.0,0.49999999979757986,0.018655652097595225,-26.612457600843285,0.8649237472766884,0.5729876221468428,9.531852293839549,0.013152043445399865,5,18,0,0.0,0.5,425.12207987785854
/Users/kevin.kunkel/Documents/Dev/Uni/ca-friend-foe-analysis/frames/triumph_des_willens/frame_080168.png,100.91991581826693,80.20156147132087,0.7947049969430667,0.5688867678895325,0.35770836990228777,0.0,0.0,0.0,0.0,0.4999999997522788,0.01142596980867123,-11.430889212547285,0.8909026336530751,0.48321013795813683,5.9523334909307675,0.012357730099110741,2,5,0,0.0,0.5,101.90969358420257
/Users/kevin.kunkel/Documents/Dev/Uni/ca-friend-foe-analysis/frames/triumph_des_willens/frame_080412.png,114.92697362647007,81.90073503803981,0.7126328344202835,0.5023330992920251,0.43298373412907376,0.0,0.0,0.0,0.0,0.49999999978247056,0.010658021765841671,9.072213258199412,0.8722866839673673,0.5612641681145032,6.192278353644659,0.012102091991205472,4,2,0,0.0,0.5,126.10332719937989
/Users/kevin.kunkel/Documents/Dev/Uni/ca-friend-foe-analysis/frames/triumph_des_willens/frame_080473.png,118.2946360657656,49.43851071616763,0.4179269011562767,0.3125073137908841,0.18321411854192265,0.0,0.0,0.0,0.0,0.4999999997886633,0.019898996547890704,13.889106022842,0.8215794977519415,0.8016495856429773,9.809662958803063,0.02006574650497174,17,9,0,0.0,0.5,30.190400796345116
/Users/kevin.kunkel/Documents/Dev/Uni/ca-friend-foe-analysis/frames/triumph_des_willens/frame_080833.png,149.22252757299162,65.12397195121555,0.4364218524292066,0.2738429582821368,0.5774987566555497,0.0,0.0,0.0,0.0,0.49999999983246496,0.011734977473524076,-22.997712172147743,0.7448307703515553,0.7993386633251519,6.491594980273956,0.015212484854197093,13,4,0,0.0,0.5,75.27895797585825
/Users/kevin.kunkel/Documents/Dev/Uni/ca-friend-foe-analysis/frames/triumph_des_willens/frame_081074.png,112.60331278158095,78.65926741028187,0.6985519821517484,0.4910241501374993,0.42938534901410097,0.0,0.0,0.0,0.0,0.49999999977798165,0.009158694634603008,1.8162254275142118,0.9131105724719236,0.44760640162065757,5.7053188368932215,0.012582566368054916,5,2,0,0.0,0.5,66.11930027051278
/Users/kevin.kunkel/Documents/Dev/Uni/ca-friend-foe-analysis/frames/triumph_des_willens/frame_081353.png,155.41411963899128,39.603883884191966,0.25482809380965077,0.07927052249722076,0.4341009156866187,0.0,0.0,0.0,0.0,0.4999999998391394,0.0019674097478204903,9.6139658040467,0.9165975871947281,0.7661418690190562,2.8949356592477344,0.024731251397808404,2,3,0,0.0,0.5,71.46778812699769
/Users/kevin.kunkel/Documents/Dev/Uni/ca-friend-foe-analysis/frames/triumph_des_willens/frame_083965.png,32.98535230530689,23.711812546215338,0.7188588514943509,0.9682252355040665,0.0054195190451114626,0.0,0.0,0.0,0.0,0.4999999992420879,0.008427315546193904,16.385252476690297,0.9495446950063157,0.9149177433514428,4.031979521745174,0.041649190727687566,1,3,0,0.0,0.5,20.220555107776615
/Users/kevin.kunkel/Documents/Dev/Uni/ca-friend-foe-analysis/frames/triumph_des_willens/frame_084150.png,31.50816767596981,29.60306939673265,0.9395363642601233,0.9307475425662629,0.00765022526475923,0.0,0.0,0.0,0.0,0.4999999992065549,0.002395266514539816,19.598753327311954,0.9169121949288755,0.9209218553220632,3.196396058645781,0.03284002625048512,1,3,0,0.0,0.5,2.957773241117195
/Users/kevin.kunkel/Documents/Dev/Uni/ca-friend-foe-analysis/frames/triumph_des_willens/frame_085077.png,42.75165474518752,26.70619389543546,0.6246821086141354,0.9432358405008484,0.010155198642560412,0.0,0.0,0.0,0.0,0.4999999994152273,0.02039267743256685,8.277500200897805,0.9152486947034387,0.9182795105852937,8.56613033148175,0.03856284920254981,1,6,0,0.0,0.5,48.526324778941834
/Users/kevin.kunkel/Documents/Dev/Uni/ca-friend-foe-analysis/frames/triumph_des_willens/frame_085697.png,29.400014993271313,23.539243865717367,0.8006541422186112,0.9692637938096074,0.004651571002281903,0.0,0.0,0.0,0.0,0.4999999991496603,0.00780930021648821,16.718919605884807,0.9481871120105639,0.9187644352748132,3.9472228575495762,0.0419137968668265,1,1,0,0.0,0.5,16.079635991331465
/Users/kevin.kunkel/Documents/Dev/Uni/ca-friend-foe-analysis/frames/triumph_des_willens/frame_087604.png,28.803752706102628,19.97223379307098,0.6933899873227449,0.9644494909601544,0.0003986016031829618,0.0,0.0,0.0,0.0,0.4999999991320575,0.001305511672810251,16.517142160282745,0.9560755517466479,0.9489894014919611,2.0093146611534953,0.04801018689972272,1,1,0,0.0,0.5,2.4469811509367854
/Users/kevin.kunkel/Documents/Dev/Uni/ca-friend-foe-analysis/frames/triumph_des_willens/frame_088042.png,39.88882123632321,33.21155300556134,0.8326030174102569,0.9232106810602071,0.017277002515944065,0.0,0.0,0.0,0.0,0.499999999373258,0.02141295126089755,3.071695055284856,0.895693568223615,0.9018182557246996,9.325507136195963,0.03050551580042724,3,9,1,0.00370260663507109,0.4415481832543444,49.63146517646462
/Users/kevin.kunkel/Documents/Dev/Uni/ca-friend-foe-analysis/frames/triumph_des_willens/frame_089357.png,38.71985621087122,37.2447488200856,0.9619030742536235,0.9167580890527178,0.022252208764846994,0.0,0.0,0.0,0.0,0.4999999993543365,0.025247206131882277,3.0577018060064134,0.8851956252631531,0.8950306171460615,10.472559799189739,0.02730427382163657,3,12,3,0.017763369609736117,0.6611374407582938,57.033978372905416
/Users/kevin.kunkel/Documents/Dev/Uni/ca-friend-foe-analysis/frames/triumph_des_willens/frame_089655.png,44.79862573869288,37.6336536820135,0.8400626799920514,0.8819243315195132,0.023416929963138496,0.0,0.0,0.0,0.0,0.4999999994419472,0.013495772628868995,20.704502191452463,0.882365847866266,0.8879693403381043,6.5137855138317855,0.026326034198643742,2,10,0,0.0,0.5,19.554832302017367
/Users/kevin.kunkel/Documents/Dev/Uni/ca-friend-foe-analysis/frames/triumph_des_willens/frame_090075.png,38.95868622374349,37.64356744236974,0.9662432436647063,0.8970309665906032,0.02603709554736411,0.0,0.0,0.0,0.0,0.49999999935829464,0.015998917558949156,5.6941428315776506,0.8755651552646101,0.8867949553239017,7.184865250403836,0.026430213505824175,1,7,0,0.0,0.5,27.397107924407788
/Users/kevin.kunkel/Documents/Dev/Uni/ca-friend-foe-analysis/frames/triumph_des_willens/frame_091272.png,37.368989892341,30.246403546715772,0.8093984759265626,0.910905227897724,0.005739497396290445,0.0,0.0,0.0,0.0,0.49999999933099615,0.018668451231642385,8.871084240335982,0.8975951538534787,0.9196046400862267,8.893786259147582,0.03301005883687103,1,8,0,0.0,0.5,14.723651587128417
/Users/kevin.kunkel/Documents/Dev/Uni/ca-friend-foe-analysis/frames/triumph_des_willens/frame_091497.png,42.096105040664675,35.99747197110731,0.8551259516960368,0.9015289479843193,0.020292112807910597,0.0,0.0,0.0,0.0,0.4999999994061209,0.023159118834474284,4.687437798060124,0.8691850630018552,0.8898581637296269,10.495244577687117,0.028132323483575084,3,10,1,0.004390102978175648,0.490521327014218,45.606353358648704
/Users/kevin.kunkel/Documents/Dev/Uni/ca-friend-foe-analysis/frames/triumph_des_willens/frame_092019.png,44.31242869053888,33.210102815146975,0.7494534540665404,0.911387938096074,0.01824790825580715,0.0,0.0,0.0,0.0,0.49999999943582424,0.022052907963255514,6.133495477299846,0.8899497184047102,0.9039438032597005,9.841378325944106,0.03062092164488841,3,11,0,0.0,0.5,52.59577510268961
/Users/kevin.kunkel/Documents/Dev/Uni/ca-friend-foe-analysis/frames/triumph_des_willens/frame_093177.png,23.8385316102042,19.424874766598204,0.8148519800941972,0.9853925311567492,0.0022764174126733367,0.0,0.0,0.0,0.0,0.49999999895127767,0.0038580246913580245,14.921848429645777,0.9484434675514346,0.9586999893135876,2.443090548289257,0.04969127846453777,1,1,1,0.015814244339125854,0.3578199052132701,6.089877196026783
/Users/kevin.kunkel/Documents/Dev/Uni/ca-friend-foe-analysis/frames/triumph_des_willens/frame_093425.png,27.088975923000408,31.506307810665465,1.1630675070151946,0.9298186911239834,0.00886248610379732,0.0,0.0,0.0,0.0,0.49999999907711534,0.005920513720671698,0.893655640525143,0.9007765238211604,0.9484197467664984,3.565528414320049,0.031050585041196635,1,2,1,0.1097525744543912,0.2772511848341232,10.172939586017057
/Users/kevin.kunkel/Documents/Dev/Uni/ca-friend-foe-analysis/frames/triumph_des_willens/frame_095466.png,87.08292558949155,71.57767532724354,0.8219484446637161,0.6597386782517114,0.22681345444971038,0.0,0.0,0.0,0.0,0.4999999997129173,0.034201114621730734,-9.055594658877396,0.7663895026736924,0.6255991859941351,9.350253175132469,0.013926557444505357,12,21,0,0.0,0.5,102.40521473079387
/Users/kevin.kunkel/Documents/Dev/Uni/ca-friend-foe-analysis/frames/triumph_des_willens/frame_095843.png,118.54891646188052,40.534638726050204,0.3419233165652072,0.2137290825580715,0.1014130243988064,0.0,0.0,0.0,0.0,0.4999999997891166,0.06443084079340003,-12.1690377698974,0.9167349717372175,0.7917299233336091,14.46512572776865,0.025140452526382147,30,22,1,0.013210534784389445,0.5284360189573459,53.180929899448984
/Users/kevin.kunkel/Documents/Dev/Uni/ca-friend-foe-analysis/frames/triumph_des_willens/frame_095915.png,122.01516697384588,56.92510391563928,0.46654121189038034,0.33244287929319527,0.32258937452460357,0.0,0.0,0.0,0.0,0.49999999979510745,0.04714103914340881,-5.555104854764778,0.8694238080815382,0.646793961372641,14.415914118491102,0.017695632288358507,10,39,0,0.0,0.5,102.00658259748211
/Users/kevin.kunkel/Documents/Dev/Uni/ca-friend-foe-analysis/frames/triumph_des_willens/frame_096051.png,110.88128254636943,39.745928261874575,0.3584548024091239,0.27602612486103795,0.07447267567725703,0.0,0.0,0.0,0.0,0.49999999977453363,0.08291827570066117,-10.906247384625416,0.9120565404793946,0.8060316467186969,15.013722985578498,0.02582542616086672,17,14,0,0.0,0.5,48.54238433421503
/Users/kevin.kunkel/Documents/Dev/Uni/ca-friend-foe-analysis/frames/triumph_des_willens/frame_096177.png,112.79879761277866,40.68554269517143,0.3606912796958143,0.2507057808203148,0.0889704376572465,0.0,0.0,0.0,0.0,0.49999999977836646,0.082664121467439,-11.18922482796853,0.9119075399160893,0.8008233421122786,14.825329056048119,0.02513460623411855,30,14,0,0.0,0.5,62.063239216456076
/Users/kevin.kunkel/Documents/Dev/Uni/ca-friend-foe-analysis/frames/triumph_des_willens/frame_096836.png,143.79732022702007,46.351613547096996,0.3223398978623898,0.16942579427769,0.3804944854016734,0.0,0.0,0.0,0.0,0.4999999998261441,0.07006611666959218,27.951683523565976,0.8783090744928245,0.8217339364836418,14.385442211853857,0.02222926336027121,43,62,0,0.0,0.5,251.29736477772215
/Users/kevin.kunkel/Documents/Dev/Uni/ca-friend-foe-analysis/frames/triumph_des_willens/frame_097342.png,133.70166681294248,53.90329568203688,0.4031609846505136,0.2802918933941841,0.39633067111345155,0.0,0.0,0.0,0.0,0.4999999998130165,0.10174580188403254,-0.38807533380511927,0.8283301841010232,0.7346749377200481,21.438567845849455,0.019245821130993948,50,43,0,0.0,0.5,188.2627666120983
/Users/kevin.kunkel/Documents/Dev/Uni/ca-friend-foe-analysis/frames/triumph_des_willens/frame_097394.png,132.6347511116962,58.08219279962674,0.43791082102549944,0.2811896612252062,0.4024852261424141,0.0,0.0,0.0,0.0,0.4999999998115124,0.05230274705985606,-4.623843645685895,0.7911722687436685,0.7079483495812764,17.609834805222057,0.01743632014700552,31,32,5,0.11588335966298052,0.7006319115323855,77.49996253369925
/Users/kevin.kunkel/Documents/Dev/Uni/ca-friend-foe-analysis/frames/triumph_des_willens/frame_097456.png,135.8275371540577,79.4954090487356,0.5852672488645948,0.3324355655023112,0.41675077526183374,0.0,0.0,0.0,0.0,0.499999999815943,0.05159330934409923,4.648179266476774,0.8957255911550741,0.4791427084195141,16.359178615928467,0.01271523791361566,27,58,0,0.0,0.5,498.40788784937854
/Users/kevin.kunkel/Documents/Dev/Uni/ca-friend-foe-analysis/frames/triumph_des_willens/frame_097503.png,135.3675911298344,78.01244231494931,0.5763007349557958,0.32630112339827977,0.40292039670001756,0.0,0.0,0.0,0.0,0.4999999998153176,0.0663159703937745,4.473975911890847,0.8898427219463059,0.4958268554139893,16.588231921669998,0.012877267860468156,42,50,0,0.0,0.5,135.62141869011248
/Users/kevin.kunkel/Documents/Dev/Uni/ca-friend-foe-analysis/frames/triumph_des_willens/frame_097552.png,122.95041066935813,65.75500564168715,0.53480915785663,0.3655524106254754,0.4250427856766719,0.0,0.0,0.0,0.0,0.499999999796666,0.05404525773799076,-4.299720620131694,0.7707102321942176,0.6708693137944348,17.358100959738678,0.015350432214877113,10,42,0,0.0,0.5,109.44540140283964
/Users/kevin.kunkel/Documents/Dev/Uni/ca-friend-foe-analysis/frames/triumph_des_willens/frame_097638.png,151.76983317242994,74.94295079017017,0.49379345799007407,0.29444956409806333,0.5646392838335966,0.0,0.0,0.0,0.0,0.4999999998352768,0.06570709730267392,-52.24827462812614,0.922100053232925,0.7818903516634033,13.45138717649532,0.013384275591456614,13,6,0,0.0,0.5,144.50412673030888
/Users/kevin.kunkel/Documents/Dev/Uni/ca-friend-foe-analysis/frames/triumph_des_willens/frame_097752.png,118.26926818208413,64.58782572200369,0.5461082719135051,0.3753784886782517,0.25253971388450064,0.0,0.0,0.0,0.0,0.499999999788618,0.12233595167046984,26.877920343466727,0.736508436386081,0.6984060871183917,31.89811488723612,0.01623603756120108,51,116,0,0.0,0.5,91.7493072343796
/Users/kevin.kunkel/Documents/Dev/Uni/ca-friend-foe-analysis/frames/triumph_des_willens/frame_098360.png,161.8644516850974,47.45574111564628,0.29318198401370954,0.1083135860979463,0.6729839535428003,0.0,0.0,0.0,0.0,0.49999999984554977,0.022987244748698146,-20.795483389269947,0.8491098256048075,0.8157538545774615,10.511809388900902,0.021174136491268532,17,6,0,0.0,0.5,40.99342559351802
/Users/kevin.kunkel/Documents/Dev/Uni/ca-friend-foe-analysis/frames/triumph_des_willens/frame_098383.png,164.16864139020538,48.863899254891635,0.29764453680885794,0.09812913229184951,0.6708976946931133,0.0,0.0,0.0,0.0,0.49999999984771754,0.026452153180036277,-17.018061221429008,0.8431891111134057,0.7992900573848856,10.809115816618895,0.020584078356362966,20,8,0,0.0,0.5,50.84575385230404
/Users/kevin.kunkel/Documents/Dev/Uni/ca-friend-foe-analysis/frames/triumph_des_willens/frame_098675.png,143.00465888479317,45.57177141363784,0.3186733337022527,0.13274713299397345,0.32242481422971153,0.0,0.0,0.0,0.0,0.4999999998251805,0.07175194546837517,-9.61689810185834,0.8594986640141985,0.8130084807598614,17.576407692524178,0.023138876583276534,20,23,0,0.0,0.5,234.32832431385467
/Users/kevin.kunkel/Documents/Dev/Uni/ca-friend-foe-analysis/frames/triumph_des_willens/frame_098793.png,123.37570578082031,54.2322463008443,0.4395698967933939,0.2871613714820666,0.21001184834123224,0.0,0.0,0.0,0.0,0.4999999997973669,0.16895588321338717,-3.2519657433144573,0.8230837581068353,0.7125760975979702,30.767005625014605,0.01997253266014665,99,107,2,0.030088935697150546,0.5387045813586098,227.6602229590937
/Users/kevin.kunkel/Documents/Dev/Uni/ca-friend-foe-analysis/frames/triumph_des_willens/frame_099123.png,81.39454793458546,50.626756412764635,0.6219919839256649,0.6712030454625242,0.0906251828447721,0.0,0.0,0.0,0.0,0.49999999969285414,0.05192060148616231,-10.217808893329021,0.7913914243363953,0.7870337908956363,18.942410558458594,0.02018638589109348,22,48,0,0.0,0.5,118.39459488067807
/Users/kevin.kunkel/Documents/Dev/Uni/ca-friend-foe-analysis/frames/triumph_des_willens/frame_100183.png,119.90138267216663,52.87502110407638,0.44098758397597526,0.29751404247849744,0.19699695746299223,0.0,0.0,0.0,0.0,0.49999999979149534,0.1815228043999766,20.948337498953848,0.7752434058287758,0.7761346126003144,30.577701560582533,0.020445281193632127,64,41,0,0.0,0.5,110.93704772290334
/Users/kevin.kunkel/Documents/Dev/Uni/ca-friend-foe-analysis/frames/triumph_des_willens/frame_100504.png,148.32415086887835,65.15726152684762,0.4392896308607156,0.20798592826633902,0.4551554911941958,0.0,0.0,0.0,0.0,0.4999999998314502,0.054820519571704404,9.208227237075704,0.8030758936305199,0.6342468635954147,13.409358408964883,0.015377022866139577,38,10,1,0.005940626645602949,0.25829383886255924,143.4804716804243
/Users/kevin.kunkel/Documents/Dev/Uni/ca-friend-foe-analysis/frames/triumph_des_willens/frame_100838.png,155.15924499736704,56.83487100825146,0.3663002547646187,0.1715851910362179,0.6056074834708326,0.0,0.0,0.0,0.0,0.49999999983887516,0.031974065297525014,2.596996212196956,0.8252388167835152,0.7326361741954166,12.094384596029442,0.017627237449984363,27,28,2,0.014517874904920718,0.8088467614533965,91.70862090179637
/Users/kevin.kunkel/Documents/Dev/Uni/ca-friend-foe-analysis/frames/triumph_des_willens/frame_101291.png,121.02048044292317,61.58054593800892,0.5088440044341728,0.34924082850623134,0.26768840325317417,0.0,0.0,0.0,0.0,0.4999999997934234,0.0905045052951846,1.843084664906172,0.7509894698620189,0.7076755300690365,26.167241923222168,0.016733526685222308,50,76,2,0.010621452811421217,0.24960505529225907,140.62985329316083
/Users/kevin.kunkel/Documents/Dev/Uni/ca-friend-foe-analysis/frames/triumph_des_willens/frame_101592.png,156.181568515593,52.77259917297551,0.337892618448876,0.14348377801181908,0.539201919138728,0.0,0.0,0.0,0.0,0.4999999998399299,0.022881194780878824,0.9725058514956118,0.8374669158518243,0.727553205119366,10.925798436992144,0.01892819266180987,22,23,1,0.06740389678778304,0.8309636650868878,135.3144316195398
/Users/kevin.kunkel/Documents/Dev/Uni/ca-friend-foe-analysis/frames/triumph_des_willens/frame_101733.png,86.59218302030308,61.03819550273926,0.7048926739488541,0.6249689163887426,0.17972726873793224,0.0,0.0,0.0,0.0,0.49999999971129033,0.04125526592943655,-4.822441166107112,0.7446537909529267,0.7840071805796862,15.907386248769859,0.01642416665770675,2,39,2,0.017132555145983264,0.4921011058451817,90.5190622584575
/Users/kevin.kunkel/Documents/Dev/Uni/ca-friend-foe-analysis/frames/triumph_des_willens/frame_102044.png,146.59195080744252,62.70334462001484,0.4277407063066201,0.23616047919957872,0.6235408987186238,0.0,0.0,0.0,0.0,0.49999999982945853,0.029235050611432917,4.817566304606231,0.8505474013957581,0.6643520385767996,8.644349433038894,0.01587096456833464,16,5,0,0.0,0.5,93.28951725484232
/Users/kevin.kunkel/Documents/Dev/Uni/ca-friend-foe-analysis/frames/triumph_des_willens/frame_102093.png,151.4516064741677,62.43256058410652,0.4122277867916345,0.23687174536305658,0.6227052981101164,0.0,0.0,0.0,0.0,0.4999999998349307,0.03304736410976537,19.18726043863117,0.7934268379986715,0.7579657437283399,9.81573045338773,0.015969282527723658,7,9,0,0.0,0.5,88.99360793813116
/Users/kevin.kunkel/Documents/Dev/Uni/ca-friend-foe-analysis/frames/triumph_des_willens/frame_102131.png,158.7999915891405,75.52272639677264,0.47558394426501255,0.2590416739804576,0.5984838511497279,0.0,0.0,0.0,0.0,0.4999999998425692,0.047885217365865075,-63.44096820658072,0.8953765512407057,0.8425418034067823,13.813440618351567,0.013280478630146598,15,23,0,0.0,0.5,157.25253477278162
/Users/kevin.kunkel/Documents/Dev/Uni/ca-friend-foe-analysis/frames/triumph_des_willens/frame_102170.png,156.90435938505647,63.01952361128441,0.40164291048450046,0.2171610789304312,0.6058890644198701,0.0,0.0,0.0,0.0,0.49999999984066723,0.014751916213211633,2.2678013041137035,0.8168141614494958,0.712595301540682,7.482737207688444,0.015763115613763506,5,10,1,0.0027810689836756186,0.84913112164297,169.57949926343358
/Users/kevin.kunkel/Documents/Dev/Uni/ca-friend-foe-analysis/frames/triumph_des_willens/frame_102314.png,129.9214005178164,50.86094308576812,0.3914747135106966,0.20944502954771518,0.19096856532678017,0.0,0.0,0.0,0.0,0.4999999998075759,0.21278194663858171,12.811524060242675,0.8365332602527875,0.775439047806183,29.30226874001577,0.022118370814962325,97,18,0,0.0,0.5,419.4829061398544
/Users/kevin.kunkel/Documents/Dev/Uni/ca-friend-foe-analysis/frames/triumph_des_willens/frame_102571.png,150.85838672400678,47.21765555102929,0.31299324184152905,0.12505485343163067,0.41722617166929965,0.0,0.0,0.0,0.0,0.4999999998342816,0.05892904160084255,16.0033323922614,0.7994191129146059,0.8159173681779323,12.224905592165811,0.021564991011284233,11,21,0,0.0,0.5,244.25235022574512
/Users/kevin.kunkel/Documents/Dev/Uni/ca-friend-foe-analysis/frames/triumph_des_willens/frame_102651.png,190.61343506816453,33.80846544593081,0.17736664478085729,0.03875943479024048,0.8833505207419109,0.0,0.0,0.0,0.0,0.49999999986884447,0.02361988766017202,11.037496718052068,0.8857826645373497,0.894075461584071,7.710533457421097,0.030859991774524576,9,17,1,0.007028553039611491,0.5355450236966824,612.5935973257916
/Users/kevin.kunkel/Documents/Dev/Uni/ca-friend-foe-analysis/frames/triumph_des_willens/frame_102712.png,166.7185854397051,48.11910546949436,0.2886247223950595,0.11552681235738108,0.6713785764437423,0.0,0.0,0.0,0.0,0.4999999998500467,0.02646860920952548,-3.3194630182329945,0.8441206442790093,0.7895252762380152,11.173710954931808,0.020845348292769312,25,19,0,0.0,0.5,170.16350938296884
/Users/kevin.kunkel/Documents/Dev/Uni/ca-friend-foe-analysis/frames/triumph_des_willens/frame_102976.png,182.2948774208648,38.90416330328421,0.21341336538011818,0.05658862851793341,0.827206205020186,0.0,0.0,0.0,0.0,0.49999999986285953,0.022065707097302673,-9.86035884374337,0.8703614504136451,0.8759983464787696,8.105868159801986,0.02583698642374556,9,1,1,0.006364826516880229,0.4557661927330174,190.13912378959841
/Users/kevin.kunkel/Documents/Dev/Uni/ca-friend-foe-analysis/frames/triumph_des_willens/frame_103016.png,188.96233580539464,29.947046922798158,0.15848156607140676,0.032268445380609675,0.904079632555146,0.0,0.0,0.0,0.0,0.4999999998676985,0.011069422503071791,-7.081094595830649,0.9179760790279484,0.9156189960747543,5.360361246732627,0.0333154351282985,7,1,0,0.0,0.5,172.70642710665084
/Users/kevin.kunkel/Documents/Dev/Uni/ca-friend-foe-analysis/frames/triumph_des_willens/frame_103215.png,178.59890439412555,39.28225761380156,0.21994680048607818,0.06955597975542684,0.788646071031537,0.0,0.0,0.0,0.0,0.4999999998600215,0.024201334035457257,-10.328649764495935,0.9168581732616983,0.8728317355423182,7.682259108045701,0.025638612763020856,11,15,1,0.02632964718272775,0.26540284360189575,180.41126929348985
/Users/kevin.kunkel/Documents/Dev/Uni/ca-friend-foe-analysis/frames/triumph_des_willens/frame_103346.png,161.86785625475397,51.58861708474166,0.31870822439063284,0.10602254110350477,0.5786397080334679,0.0,0.0,0.0,0.0,0.499999999845553,0.10747250014627582,11.853494249231034,0.8161905101985795,0.8004176175275548,22.66200634245245,0.02082677830805583,45,56,0,0.0,0.5,430.9061908068435
/Users/kevin.kunkel/Documents/Dev/Uni/ca-friend-foe-analysis/frames/triumph_des_willens/frame_103527.png,184.72454435082793,42.66101151604531,0.23094392595674423,0.0640505236674273,0.812984538646071,0.0,0.0,0.0,0.0,0.4999999998646633,0.021376382306477093,-22.401166186270956,0.874560111330238,0.8811941836040558,7.508668358972034,0.023458744766658504,16,9,0,0.0,0.5,180.8973241340411
/Users/kevin.kunkel/Documents/Dev/Uni/ca-friend-foe-analysis/frames/triumph_des_willens/frame_103584.png,161.70737522672752,73.11940133293888,0.45217109723784793,0.22729433620033937,0.5275272804399976,0.0,0.0,0.0,0.0,0.4999999998453997,0.07968923702533497,-43.56490423516634,0.8155364995451109,0.7018711563387662,16.2490103220587,0.01381596343586827,28,31,0,0.0,0.5,356.8794385330386
/Users/kevin.kunkel/Documents/Dev/Uni/ca-friend-foe-analysis/frames/triumph_des_willens/frame_103671.png,139.2272029138143,89.21725367213932,0.6408033181797603,0.39789765081036804,0.4701323064770932,0.0,0.0,0.0,0.0,0.49999999982043736,0.04921998420221169,4.017368991952225,0.9012469583234382,0.3809852671143469,13.979058577018373,0.011218968192991095,22,36,1,0.00553105435609385,0.6295418641390206,158.3555632157924
/Users/kevin.kunkel/Documents/Dev/Uni/ca-friend-foe-analysis/frames/triumph_des_willens/frame_103712.png,136.28253174185244,85.8952768393584,0.6302735624183636,0.3937909572289509,0.4700774530454625,0.0,0.0,0.0,0.0,0.4999999998165575,0.049898338306711136,5.077451263304624,0.9074724571239765,0.41017267461368045,13.572633090539616,0.011648942105777178,22,37,2,0.010087546076882569,0.6334913112164297,150.08577843535588
/Users/kevin.kunkel/Documents/Dev/Uni/ca-friend-foe-analysis/frames/triumph_des_willens/frame_104099.png,161.89950302790942,41.305247446737,0.2551289327559184,0.06567784213913756,0.5344040723187643,0.0,0.0,0.0,0.0,0.4999999998455832,0.0462085308056872,16.100724058354047,0.8657538625420328,0.8459536703804822,10.25302391421442,0.02471190088504356,13,8,0,0.0,0.5,203.5974674388096
/Users/kevin.kunkel/Documents/Dev/Uni/ca-friend-foe-analysis/frames/triumph_des_willens/frame_104441.png,184.5756684804868,35.15005542599647,0.19043710200983938,0.040150883505938796,0.8666001111696214,0.0,0.0,0.0,0.0,0.4999999998645542,0.022259522555731086,-14.208894863515383,0.9025632972749102,0.8869419078578454,8.12862988517665,0.029003375200598962,8,12,0,0.0,0.5,190.89915357758045
/Users/kevin.kunkel/Documents/Dev/Uni/ca-friend-foe-analysis/frames/triumph_des_willens/frame_104554.png,154.5965146129542,70.3378339715835,0.4549768415037215,0.2396710988239424,0.5016273184717103,0.0,0.0,0.0,0.0,0.4999999998382887,0.08952080042127436,3.308783089811868,0.7842532217965883,0.615484051391302,20.773181703456387,0.014493860689177308,49,26,2,0.005039201919138728,0.8799368088467614,142.43105120974909
/Users/kevin.kunkel/Documents/Dev/Uni/ca-friend-foe-analysis/frames/triumph_des_willens/frame_104617.png,181.67024128196127,42.944161803117375,0.23638523005442247,0.06696324088701656,0.8148458984260722,0.0,0.0,0.0,0.0,0.499999999862388,0.01344640454040138,-18.891694341033002,0.9024427631329871,0.8659272502367098,6.195281254235696,0.023133981567119998,4,7,0,0.0,0.5,123.34519625156801
/Users/kevin.kunkel/Documents/Dev/Uni/ca-friend-foe-analysis/frames/triumph_des_willens/frame_105167.png,145.30081073371952,48.86040175698611,0.33627067513684666,0.1623241033292376,0.3755320782868176,0.0,0.0,0.0,0.0,0.49999999982794313,0.05573657187993681,5.496650295347536,0.7861591383379166,0.7810721085785463,12.693504052154232,0.02081472321546808,12,22,0,0.0,0.5,204.63792946845717
/Users/kevin.kunkel/Documents/Dev/Uni/ca-friend-foe-analysis/frames/triumph_des_willens/frame_105345.png,146.052845796033,57.90236207149415,0.3964480234278465,0.19700244280615528,0.4937905915394067,0.0,0.0,0.0,0.0,0.49999999982882903,0.10364190217073313,10.788523460882118,0.8065925076952553,0.7372322220613514,27.46527797070227,0.018371217607712827,36,67,0,0.0,0.5,176.25782798241244
/Users/kevin.kunkel/Documents/Dev/Uni/ca-friend-foe-analysis/frames/triumph_des_willens/frame_105535.png,157.40523703996254,45.90891761654133,0.2916606743886149,0.11947077409162717,0.4737745743373705,0.0,0.0,0.0,0.0,0.49999999984117427,0.04928763676788953,7.240588968007444,0.8028002784403212,0.8071963076721547,10.945840703362697,0.02205945303367088,9,19,0,0.0,0.5,143.47610260095797
/Users/kevin.kunkel/Documents/Dev/Uni/ca-friend-foe-analysis/frames/triumph_des_willens/frame_106142.png,143.16000380317126,46.76331097198958,0.3266506684619732,0.16473216897782458,0.3185466766134223,0.0,0.0,0.0,0.0,0.4999999998253702,0.008050655315663215,-37.29043922276807,0.8133525155425227,0.8966961318634346,4.795283595343954,0.02110196912602755,17,13,0,0.0,0.5,169.56872371714323
/Users/kevin.kunkel/Documents/Dev/Uni/ca-friend-foe-analysis/frames/triumph_des_willens/frame_106242.png,146.0605673307589,72.54191576203223,0.4966564010948491,0.26404796384061785,0.45002669533672696,0.0,0.0,0.0,0.0,0.4999999998288381,0.12253525247206132,-32.95758737295297,0.8514708033467907,0.6442294234852872,18.77863620972927,0.01405315912488092,30,21,0,0.0,0.5,262.80109428137246
/Users/kevin.kunkel/Documents/Dev/Uni/ca-friend-foe-analysis/frames/triumph_des_willens/frame_106609.png,136.90513647533788,44.912018687603165,0.32805210827782505,0.21200851325258907,0.19732790650049734,0.0,0.0,0.0,0.0,0.49999999981739174,0.00594794043648704,-33.64224383586297,0.8673436082056718,0.8820013237362455,4.506546084533324,0.021944321267177148,6,11,1,0.004571119302556902,0.47393364928909953,148.52626128402537
/Users/kevin.kunkel/Documents/Dev/Uni/ca-friend-foe-analysis/frames/triumph_des_willens/frame_106782.png,140.1461880521912,62.86129921674098,0.4485409132104043,0.2521502545199228,0.40145032473231523,0.0,0.0,0.0,0.0,0.4999999998216148,0.026869039260429467,7.06194749633201,0.7194341764556739,0.7678920275916273,15.723545007494243,0.015948816286823903,16,21,0,0.0,0.5,49.417654591122016
/Users/kevin.kunkel/Documents/Dev/Uni/ca-friend-foe-analysis/frames/triumph_des_willens/frame_107189.png,139.16442133286526,58.323614730176644,0.4190986038648731,0.2010615967468258,0.31066972383125624,0.0,0.0,0.0,0.0,0.49999999982035637,0.17340449651863554,-21.715142148617716,0.830566798716444,0.7435388284474596,25.118536267880508,0.018224644432035704,52,45,1,0.006150898133520566,0.4565560821484992,333.8508213026494
/Users/kevin.kunkel/Documents/Dev/Uni/ca-friend-foe-analysis/frames/triumph_des_willens/frame_107857.png,169.0664841875841,31.679631466936073,0.187379725795023,0.03252259961383184,0.644440056169914,0.0,0.0,0.0,0.0,0.4999999998521291,0.017779825639225325,-11.103477272441125,0.8896282557842048,0.8718842213397314,8.165365938468517,0.03183715100351993,9,13,0,0.0,0.5,88.82085370394006
/Users/kevin.kunkel/Documents/Dev/Uni/ca-friend-foe-analysis/frames/triumph_des_willens/frame_108033.png,131.96847390439413,64.27754984539362,0.48706746312193766,0.2725118483412322,0.36700419811596746,0.0,0.0,0.0,0.0,0.49999999981056076,0.07305745714118542,5.585396817593676,0.7783050590782215,0.6663939620620869,18.95794506514981,0.015909746621291118,19,40,1,0.045069407875490027,0.7669826224328594,419.48327429836655
/Users/kevin.kunkel/Documents/Dev/Uni/ca-friend-foe-analysis/frames/triumph_des_willens/frame_108132.png,146.63663258440116,60.31209416461684,0.4113030493166302,0.19656727224855186,0.5106945907202621,0.0,0.0,0.0,0.0,0.4999999998295105,0.07724643087004857,20.7653320780461,0.8334068154205687,0.7324219863167958,20.806810743065654,0.01713903639466823,21,24,0,0.0,0.5,284.3987840720896
/Users/kevin.kunkel/Documents/Dev/Uni/ca-friend-foe-analysis/frames/triumph_des_willens/frame_108322.png,135.89264452050787,67.58995539039451,0.4973775849248161,0.2827913814288222,0.4523378532560997,0.0,0.0,0.0,0.0,0.4999999998160312,0.12486652331636534,-8.988789914319412,0.8025484689224118,0.6110615428191906,26.690822844580012,0.015494390130415911,45,60,1,0.0049441226376455445,0.7946287519747235,376.75191892986425
/Users/kevin.kunkel/Documents/Dev/Uni/ca-friend-foe-analysis/frames/triumph_des_willens/frame_108753.png,114.77225038031713,59.36688426676851,0.5172581701440945,0.3806718448306126,0.23699242291264408,0.0,0.0,0.0,0.0,0.49999999978217735,0.03260853665671991,5.751469146171388,0.7466696581505459,0.7510025118814521,15.981458255311813,0.017088925840967075,36,39,2,0.059826809431864726,0.18167456556082148,465.3970574736851
/Users/kevin.kunkel/Documents/Dev/Uni/ca-friend-foe-analysis/frames/triumph_des_willens/frame_108822.png,141.19329069393248,57.94709176405778,0.41040966917209887,0.21330671113451524,0.41597917032356213,0.0,0.0,0.0,0.0,0.49999999982293775,0.048519688725059976,14.823389158388181,0.8275237311003039,0.6955072253936736,13.562191904878373,0.01729041851340889,17,28,2,0.017364768006553156,0.7377567140600316,181.6364467982607
/Users/kevin.kunkel/Documents/Dev/Uni/ca-friend-foe-analysis/frames/triumph_des_willens/frame_108982.png,112.02446097361184,64.54519426224691,0.5761705402879281,0.4647018167456556,0.24015563747001345,0.0,0.0,0.0,0.0,0.49999999977683446,0.03742466795389386,3.197629392070297,0.7758553119919783,0.6933622584640982,15.255468521991855,0.01553597819830787,16,25,0,0.0,0.5,118.81497175938932
/Users/kevin.kunkel/Documents/Dev/Uni/ca-friend-foe-analysis/frames/triumph_des_willens/frame_109026.png,113.92821148557721,65.86635572469383,0.578139117677787,0.4191332426423264,0.25965237551927917,0.0,0.0,0.0,0.0,0.4999999997805636,0.04124612369083143,1.4122933784640423,0.7032624956834292,0.667961877085574,16.14201438264455,0.015225403106831403,22,27,0,0.0,0.5,103.14570550829859
/Users/kevin.kunkel/Documents/Dev/Uni/ca-friend-foe-analysis/frames/triumph_des_willens/frame_109253.png,116.28081482944239,53.407667809553026,0.45929904982141784,0.3154565999648938,0.21725981510736644,0.0,0.0,0.0,0.0,0.49999999978500326,0.02016777836288105,-4.74979191570587,0.7569326563344313,0.7674304435205869,13.294412685711078,0.018658906001243366,29,20,3,0.0434932859399684,0.11769352290679305,66.607981794845
/Users/kevin.kunkel/Documents/Dev/Uni/ca-friend-foe-analysis/frames/triumph_des_willens/frame_109500.png,103.37723802001054,58.63174049902829,0.5671629612600286,0.45518291791001114,0.17719669709203675,0.0,0.0,0.0,0.0,0.4999999997581673,0.06061669884734656,-21.206798791224784,0.7571831465018282,0.7225319701837604,21.148990538308137,0.017404689017751516,44,52,2,0.02582682405944649,0.35545023696682465,126.95615689474288
/Users/kevin.kunkel/Documents/Dev/Uni/ca-friend-foe-analysis/frames/triumph_des_willens/frame_109533.png,100.48647680065531,60.39692310519791,0.6010452845800194,0.48458618571177814,0.1766079369258674,0.0,0.0,0.0,0.0,0.49999999975121034,0.06312350067286876,-13.72558398537167,0.760105479205315,0.7169401756248679,22.177594275391836,0.016900043222542294,32,69,1,0.13727254110350476,0.7187993680884676,116.0097688911722
/Users/kevin.kunkel/Documents/Dev/Uni/ca-friend-foe-analysis/frames/triumph_des_willens/frame_109589.png,94.66295674624071,68.747358857012,0.7262329547626224,0.6028191006962729,0.20759646890176117,0.0,0.0,0.0,0.0,0.49999999973590514,0.016139708033467908,-3.15942592111179,0.7963941720272452,0.6303176823354752,9.342235540766124,0.014417053982265206,7,14,0,0.0,0.5,24.547913994398062
/Users/kevin.kunkel/Documents/Dev/Uni/ca-friend-foe-analysis/frames/triumph_des_willens/frame_109628.png,97.19540620794571,64.26212968699839,0.6611642682309048,0.5675648001872331,0.1877175852788017,0.0,0.0,0.0,0.0,0.4999999997427862,0.02104909016441402,-15.145447229980405,0.7900735796044472,0.6825644574519916,10.73028062283326,0.015459179939215946,13,11,0,0.0,0.5,26.365884078181114
/Users/kevin.kunkel/Documents/Dev/Uni/ca-friend-foe-analysis/frames/triumph_des_willens/frame_109695.png,101.1700876923527,67.26204083314441,0.6648411828128181,0.5227806301562226,0.2252099057983734,0.0,0.0,0.0,0.0,0.4999999997528914,0.016264042478497456,-13.245062786117344,0.7826895333055697,0.6844877244146603,9.410035063228397,0.014743277912271256,10,11,0,0.0,0.5,28.22021987397177
/Users/kevin.kunkel/Documents/Dev/Uni/ca-friend-foe-analysis/frames/triumph_des_willens/frame_109731.png,101.6604334883857,68.05143052973992,0.6693993732632921,0.5090672722485519,0.22298834181733077,0.0,0.0,0.0,0.0,0.4999999997540833,0.015437584108595167,-8.877791669351481,0.8047006881273369,0.6573083139139388,9.212276668613283,0.014583159974747252,11,10,1,0.00974379790533029,0.4178515007898894,25.799751601892464
/Users/kevin.kunkel/Documents/Dev/Uni/ca-friend-foe-analysis/frames/triumph_des_willens/frame_109809.png,117.52329259551811,59.62714852575121,0.5073645160728649,0.408659894096308,0.2505357351822597,0.0,0.0,0.0,0.0,0.4999999997872762,0.028509156866186883,-4.559443263591248,0.7215715099450347,0.7169042238906814,14.151821914421053,0.01675995632859087,28,24,2,0.10897548417295652,0.3127962085308057,49.38910790064625
/Users/kevin.kunkel/Documents/Dev/Uni/ca-friend-foe-analysis/frames/triumph_des_willens/frame_109846.png,113.1058652945995,59.95958707382103,0.5301191663636211,0.4190637616289275,0.19134156866186883,0.0,0.0,0.0,0.0,0.49999999977896814,0.02579939734363115,-6.330666044716708,0.7387339082259783,0.7101400121112673,13.160027747244554,0.016652887739552192,17,40,1,0.010285018430753029,0.11295418641390205,72.95357633738526
/Users/kevin.kunkel/Documents/Dev/Uni/ca-friend-foe-analysis/frames/triumph_des_willens/frame_109934.png,114.73906222573284,50.1398774365094,0.4369904757820598,0.3246646626879644,0.1821426481774033,0.0,0.0,0.0,0.0,0.49999999978211435,0.03369646305072845,17.036774330760366,0.7971925941987584,0.8098270180083285,15.63855294263404,0.019985642775653227,48,32,2,0.12635670820899889,0.48420221169036337,61.18824608467432
/Users/kevin.kunkel/Documents/Dev/Uni/ca-friend-foe-analysis/frames/triumph_des_willens/frame_109971.png,117.4654624509976,57.510489430054164,0.4895948833052609,0.33060528933356736,0.24672525013164823,0.0,0.0,0.0,0.0,0.4999999997871715,0.02740843133813118,-3.890230969516125,0.7666620059175738,0.7441271269407904,15.507753131641243,0.01734424047946128,32,45,0,0.0,0.5,38.884896924593306
/Users/kevin.kunkel/Documents/Dev/Uni/ca-friend-foe-analysis/frames/triumph_des_willens/frame_110025.png,138.18828988941547,51.27344690071838,0.37104046156621284,0.20145105611140365,0.34277178046925283,0.0,0.0,0.0,0.0,0.4999999998190874,0.017436077467673044,-9.119270316044634,0.7623982522621124,0.7845199703768052,12.974422315958938,0.01935803791280266,31,36,4,0.24957945702416476,0.471563981042654,68.62995251808242
/Users/kevin.kunkel/Documents/Dev/Uni/ca-friend-foe-analysis/frames/triumph_des_willens/frame_110075.png,133.79135765900182,54.504032685682475,0.407380817405714,0.2355461207653151,0.31014313088760165,0.0,0.0,0.0,0.0,0.49999999981314186,0.01760612310572816,-18.558140066409223,0.771517015032565,0.7592466768704669,13.951597185685506,0.01821826260651251,27,33,3,0.14245801884032533,0.5229067930489731,73.46852077862088
/Users/kevin.kunkel/Documents/Dev/Uni/ca-friend-foe-analysis/frames/triumph_des_willens/frame_110185.png,99.98270105611141,65.89127876240622,0.6590267916399319,0.47693413199929785,0.19435667895383535,0.0,0.0,0.0,0.0,0.49999999974995674,0.010745787256450763,2.802914860438051,0.7610488865255306,0.6597524285733984,10.99592279665238,0.015029719932672048,17,21,0,0.0,0.5,53.69380621168324
/Users/kevin.kunkel/Documents/Dev/Uni/ca-friend-foe-analysis/frames/triumph_des_willens/frame_110268.png,75.69852736820549,45.203950730987295,0.5971575966252928,0.6476306974430988,0.047857790650049734,0.0,0.0,0.0,0.0,0.4999999996697426,0.020838818676496403,13.6611919238714,0.7928915832320875,0.8427546554838532,9.666127322530171,0.02196327795608947,10,20,0,0.0,0.5,20.642584878343822
/Users/kevin.kunkel/Documents/Dev/Uni/ca-friend-foe-analysis/frames/triumph_des_willens/frame_110337.png,134.6215990872389,56.0026160096451,0.41600022840134054,0.23663953250248668,0.30947757591714936,0.0,0.0,0.0,0.0,0.49999999981429427,0.022959818032882804,-13.366991433699283,0.7602480551052555,0.7841897688517507,15.662116138338781,0.017796379761077792,29,26,1,0.1602012755251302,0.5007898894154819,35.13541642625038
/Users/kevin.kunkel/Documents/Dev/Uni/ca-friend-foe-analysis/frames/triumph_des_willens/frame_110428.png,130.978011087707,59.17805740048747,0.4518167352203746,0.2452442074776198,0.33839813352056636,0.0,0.0,0.0,0.0,0.49999999980912824,0.0352104177637353,-3.960701254139238,0.7696690208468854,0.7165595009100687,16.851215182306706,0.0169110119260931,47,32,3,0.12353358492773975,0.45813586097946285,121.57952524334937
/Users/kevin.kunkel/Documents/Dev/Uni/ca-friend-foe-analysis/frames/triumph_des_willens/frame_111407.png,86.25461317360013,77.124548800145,0.8941498416496924,0.6547762711368557,0.26589469603885085,0.0,0.0,0.0,0.0,0.49999999971016046,0.05700002925516354,-25.259455238766563,0.78481575270094,0.6033883970841032,19.558533532591426,0.013204202625731834,12,28,0,0.0,0.5,885.0734765101018
/Users/kevin.kunkel/Documents/Dev/Uni/ca-friend-foe-analysis/frames/triumph_des_willens/frame_112264.png,112.24158731203558,58.98059993656955,0.5254790251678595,0.3626744339125856,0.19532575624597742,0.0,0.0,0.0,0.0,0.49999999977726617,0.0785903399450003,2.908531358850496,0.7370087427048522,0.7673550353685779,22.77577885465414,0.017356359868068327,45,70,1,0.006803653969925692,0.15876777251184834,95.74551860788027
/Users/kevin.kunkel/Documents/Dev/Uni/ca-friend-foe-analysis/frames/triumph_des_willens/frame_112509.png,112.37619214791411,62.19751932670954,0.553475946128296,0.42477217541396056,0.25009325083377215,0.0,0.0,0.0,0.0,0.49999999977753296,0.1424799602129776,-0.9826589786689226,0.7061056099931049,0.7161807365351204,29.471723838993217,0.016954480476893578,49,63,1,0.024603592534082265,0.47709320695102686,186.43043868584851
/Users/kevin.kunkel/Documents/Dev/Uni/ca-friend-foe-analysis/frames/triumph_des_willens/frame_112644.png,139.51331292785676,61.06771151901673,0.4377195996114241,0.222765271195366,0.3918144052425253,0.0,0.0,0.0,0.0,0.4999999998208056,0.125,-3.4257528598773774,0.7296172535481924,0.7513174737780719,29.721938083102742,0.017207754135113627,89,106,0,0.0,0.5,138.58882870288352
/Users/kevin.kunkel/Documents/Dev/Uni/ca-friend-foe-analysis/frames/triumph_des_willens/frame_112748.png,108.21665094201627,54.64132289220301,0.5049252805927984,0.4669672634720028,0.17964498859048622,0.0,0.0,0.0,0.0,0.49999999976898196,0.17927929904628168,-4.666164537890623,0.753186503962067,0.7614933370793231,36.51545637280848,0.020508655004556068,113,65,0,0.0,0.5,265.9427941356013
/Users/kevin.kunkel/Documents/Dev/Uni/ca-friend-foe-analysis/frames/triumph_des_willens/frame_112974.png,70.04875007313791,50.93391588036623,0.7271209800956338,0.7354272716634486,0.08402997191504301,0.0,0.0,0.0,0.0,0.4999999996431057,0.08586390497922883,-9.210237707924598,0.7900020478614476,0.8195264597869152,22.471196360478665,0.020712666835304445,13,46,0,0.0,0.5,123.73700411578993
/Users/kevin.kunkel/Documents/Dev/Uni/ca-friend-foe-analysis/frames/triumph_des_willens/frame_113100.png,86.04152039084899,50.725056025535075,0.5895416042877808,0.6398780791059622,0.11269820373295887,0.0,0.0,0.0,0.0,0.49999999970944264,0.07053602773389503,16.3192977057286,0.80970322070669,0.7950875969820652,21.402561024265886,0.02044183463552342,29,31,2,0.007249795213855246,0.5932069510268563,94.43148144421191
/Users/kevin.kunkel/Documents/Dev/Uni/ca-friend-foe-analysis/frames/triumph_des_willens/frame_113183.png,130.25307544906676,64.29681385726434,0.4936299092073532,0.3531335937042888,0.4022584986250073,0.0,0.0,0.0,0.0,0.4999999998080659,0.09545411327599321,-23.939513271382737,0.787196535041376,0.7106370308320233,21.22629692573938,0.01590423639772725,63,51,0,0.0,0.5,180.4328171866186
/Users/kevin.kunkel/Documents/Dev/Uni/ca-friend-foe-analysis/frames/triumph_des_willens/frame_113396.png,94.10790584225616,60.69434730388568,0.6449441914171083,0.5399643818383945,0.1515344333274823,0.0,0.0,0.0,0.0,0.4999999997343475,0.05143423439237026,5.211362793468169,0.7913691101038156,0.720640992273609,19.8337217491761,0.016613275963367344,40,79,1,0.011996445497630332,0.1018957345971564,101.76265857165713
/Users/kevin.kunkel/Documents/Dev/Uni/ca-friend-foe-analysis/frames/triumph_des_willens/frame_113458.png,119.27549038967878,48.20974350840485,0.40418818074427926,0.27475535369492715,0.2186055526300392,0.0,0.0,0.0,0.0,0.4999999997904012,0.018692221052015682,-3.3038468711602604,0.8068134272022541,0.8053139909268912,10.08016498640987,0.020723682746643237,23,17,1,0.09841437013632906,0.23696682464454977,38.79325522807271
/Users/kevin.kunkel/Documents/Dev/Uni/ca-friend-foe-analysis/frames/triumph_des_willens/frame_113552.png,110.16236615762682,60.1013690196582,0.5455707884769335,0.3845188988356445,0.21043787666023053,0.0,0.0,0.0,0.0,0.49999999977306225,0.08780388801123398,12.881952290568208,0.7491964008118022,0.7379741664598329,27.14073564067499,0.017177132785424525,41,89,1,0.004571119302556902,0.7867298578199052,147.19015400410788
/Users/kevin.kunkel/Documents/Dev/Uni/ca-friend-foe-analysis/frames/triumph_des_willens/frame_113602.png,117.29152587619215,60.44161089183842,0.5153109774026375,0.36148959978936285,0.24821360657656077,0.0,0.0,0.0,0.0,0.4999999997868559,0.10054816862676262,-17.46370854145235,0.738694241666007,0.7226748865861394,28.57967991637941,0.017156494541468614,46,97,1,0.00974379790533029,0.11453396524486571,96.88212829163923
/Users/kevin.kunkel/Documents/Dev/Uni/ca-friend-foe-analysis/frames/triumph_des_willens/frame_113685.png,110.95495984728805,68.19609479365171,0.6146286279229878,0.41646370896963314,0.2659202943069452,0.0,0.0,0.0,0.0,0.49999999977468335,0.1125080451699725,14.554753584498158,0.7486420871666202,0.6705060475901565,30.48085676241463,0.015189875250991318,62,82,2,0.010667164004446785,0.7037914691943128,154.54154675255646
/Users/kevin.kunkel/Documents/Dev/Uni/ca-friend-foe-analysis/frames/triumph_des_willens/frame_113769.png,164.09788229184952,39.538148204486646,0.24094246451074525,0.08048461178397988,0.6493878357030016,0.0,0.0,0.0,0.0,0.49999999984765187,0.019571704405827627,0.736059046640861,0.8797133080018035,0.891123440703051,8.708367820412949,0.025356754622694735,14,13,0,0.0,0.5,144.2379023851516
/Users/kevin.kunkel/Documents/Dev/Uni/ca-friend-foe-analysis/frames/triumph_des_willens/frame_113966.png,124.86448094026096,65.85433080485029,0.5274064350102605,0.34920791644725296,0.32913338891814403,0.0,0.0,0.0,0.0,0.49999999979978293,0.13736944883271898,-0.9465616364634997,0.7320146855184646,0.6657501344419625,30.621985445171894,0.01591112947676763,70,96,0,0.0,0.5,283.6668612345013
/Users/kevin.kunkel/Documents/Dev/Uni/ca-friend-foe-analysis/frames/triumph_des_willens/frame_114036.png,94.42813469077292,58.04616921303748,0.6147126525547922,0.5432318179158622,0.15792302966473581,0.0,0.0,0.0,0.0,0.4999999997352484,0.11815977707565385,-0.3625946649876397,0.7474744476223583,0.7478733752056848,30.173342244395272,0.018491524064135033,38,70,0,0.0,0.5,471.04080276110597
/Users/kevin.kunkel/Documents/Dev/Uni/ca-friend-foe-analysis/frames/triumph_des_willens/frame_114408.png,130.0549247410918,64.58970022345338,0.49663402060608314,0.3190970393774501,0.3942974372476742,0.0,0.0,0.0,0.0,0.4999999998077735,0.07200061435843426,-1.1653619187758295,0.7254603816250038,0.6964334529522076,26.677013795180617,0.015843747730236477,62,60,0,0.0,0.5,132.65965527817883
/Users/kevin.kunkel/Documents/Dev/Uni/ca-friend-foe-analysis/frames/triumph_des_willens/frame_114518.png,155.02293421976478,53.51265418701389,0.34519185449446915,0.15939310163243814,0.6623021619565853,0.0,0.0,0.0,0.0,0.4999999998387335,0.03146575683108069,0.36824018248557877,0.7924655190611731,0.7878984135848432,12.277360132550053,0.018858524893994564,27,11,0,0.0,0.5,153.46002734638634
/Users/kevin.kunkel/Documents/Dev/Uni/ca-friend-foe-analysis/frames/triumph_des_willens/frame_114623.png,119.10668443917851,58.628788776537206,0.492237601973146,0.33307917910011114,0.24577811421215845,0.0,0.0,0.0,0.0,0.4999999997901042,0.11864980106488796,16.842426261712262,0.7515883689500609,0.7295799320665912,29.72066336967462,0.017971161343399718,73,67,2,0.020502384295828215,0.8104265402843602,174.7445328821915
/Users/kevin.kunkel/Documents/Dev/Uni/ca-friend-foe-analysis/frames/triumph_des_willens/frame_114710.png,155.11370384997952,43.43503283225715,0.2800206024753552,0.11206738926920601,0.5403995523959979,0.0,0.0,0.0,0.0,0.49999999983882787,0.028406763793809606,9.548076799340691,0.8736973708212441,0.8464481754961712,9.937321833732389,0.02324240863988811,28,12,1,0.0190231700895208,0.15955766192733017,171.74811448800654
/Users/kevin.kunkel/Documents/Dev/Uni/ca-friend-foe-analysis/frames/triumph_des_willens/frame_114778.png,116.39211244222105,60.29013634029066,0.5179915977418187,0.36449008249956116,0.30415679304897314,0.0,0.0,0.0,0.0,0.4999999997852088,0.03583026154116201,-3.5843666030274193,0.7671586266593701,0.7226245426675124,14.721768825139865,0.016660282908957526,15,43,0,0.0,0.5,71.8334860797378
/Users/kevin.kunkel/Documents/Dev/Uni/ca-friend-foe-analysis/frames/triumph_des_willens/frame_114828.png,109.75483990111755,60.52255206711415,0.5514340148142706,0.4057362061903926,0.25004388274530454,0.0,0.0,0.0,0.0,0.49999999977221965,0.03944327423790299,-4.651010201164425,0.7761271985829028,0.6906204611474219,15.827862842006255,0.016602222662974543,19,37,0,0.0,0.5,59.75806564081794
/Users/kevin.kunkel/Documents/Dev/Uni/ca-friend-foe-analysis/frames/triumph_des_willens/frame_114894.png,116.73415467204961,71.15292978063174,0.6095296609597617,0.43924799602129777,0.3268094318647241,0.0,0.0,0.0,0.0,0.4999999997858382,0.06306499034579603,-26.619893654703148,0.8317644248033307,0.6078881092404145,18.89118275043709,0.014165451123639686,21,51,1,0.007028553039611491,0.08372827804107424,114.27952568293385
/Users/kevin.kunkel/Documents/Dev/Uni/ca-friend-foe-analysis/frames/triumph_des_willens/frame_114927.png,105.85452869931542,70.82966918812403,0.669122710114809,0.5178127376982037,0.26979111813235035,0.0,0.0,0.0,0.0,0.49999999976382686,0.06107563922532327,-32.72261355632433,0.8153241414756763,0.6380212642370591,19.31068309375884,0.01423385074776413,18,39,2,0.011599672342168393,0.08056872037914692,120.22851290562936
/Users/kevin.kunkel/Documents/Dev/Uni/ca-friend-foe-analysis/frames/triumph_des_willens/frame_114977.png,116.61586141829032,50.08472573913984,0.4294846780451425,0.31473619156281085,0.20249509976010766,0.0,0.0,0.0,0.0,0.49999999978562093,0.02238020010531859,5.970255553111457,0.7903720683171168,0.8149461111800558,11.49764115526819,0.02004512127715015,18,15,1,0.09672488444210403,0.2259083728278041,30.036422829621113
/Users/kevin.kunkel/Documents/Dev/Uni/ca-friend-foe-analysis/frames/triumph_des_willens/frame_115015.png,112.92935792229828,68.64270077123773,0.6078375187228462,0.4472584254870985,0.30391178105435607,0.0,0.0,0.0,0.0,0.4999999997786227,0.040070431806213794,1.2936481138011118,0.7224245847774484,0.6336291631045292,16.906829228167698,0.014571306997497379,24,36,2,0.029902434029606226,0.33886255924170616,96.66847547365045
/Users/kevin.kunkel/Documents/Dev/Uni/ca-friend-foe-analysis/frames/triumph_des_willens/frame_115125.png,94.09477758761922,49.341986707725376,0.5243860277935243,0.5140132233339184,0.1053423585512843,0.0,0.0,0.0,0.0,0.4999999997343105,0.055444020244573164,-3.9434941839624003,0.790067857638638,0.7836678295321879,18.75421760473675,0.020650325281325176,51,45,0,0.0,0.5,62.9859028131817
/Users/kevin.kunkel/Documents/Dev/Uni/ca-friend-foe-analysis/frames/triumph_des_willens/frame_115210.png,118.80709693698438,55.12679276232851,0.46400252288941685,0.3543952226317945,0.25415971856532676,0.0,0.0,0.0,0.0,0.4999999997895749,0.02980735474811304,-21.73044433501532,0.776333017262841,0.7871124882794187,11.874552772476147,0.01831331400514726,15,20,0,0.0,0.5,625.346071743561
/Users/kevin.kunkel/Documents/Dev/Uni/ca-friend-foe-analysis/frames/triumph_des_willens/frame_115446.png,126.11046018372242,62.44345960596604,0.4951489310679002,0.32630295184600083,0.3647570358668305,0.0,0.0,0.0,0.0,0.49999999980176113,0.038269410801006376,18.887349532639504,0.7624285686423653,0.7654610842227186,18.475125789030777,0.01603728680117212,38,35,0,0.0,0.5,35.70611445487619
/Users/kevin.kunkel/Documents/Dev/Uni/ca-friend-foe-analysis/frames/triumph_des_willens/frame_115585.png,110.72471439646597,71.34717149682662,0.6443653688454878,0.4677297261716693,0.3624330788134106,0.0,0.0,0.0,0.0,0.49999999977421483,0.04866779299046282,10.515381712301021,0.7506885719005876,0.6346850926845187,17.35029975839436,0.014071066366643029,20,33,1,0.006803653969925692,0.8965244865718799,109.11624963615071
/Users/kevin.kunkel/Documents/Dev/Uni/ca-friend-foe-analysis/frames/triumph_des_willens/frame_115633.png,120.38970437657247,69.8391256514596,0.5801087888296139,0.41532275759171494,0.43482132408870167,0.0,0.0,0.0,0.0,0.49999999979234105,0.0375563161898075,10.285452386202962,0.8263537683518788,0.6380682040162525,14.10551856742022,0.014310164113672448,10,27,0,0.0,0.5,103.18304430503042
/Users/kevin.kunkel/Documents/Dev/Uni/ca-friend-foe-analysis/frames/triumph_des_willens/frame_115664.png,142.2947311450471,57.404364195095155,0.40341876113626834,0.2003759288514423,0.40693018255222047,0.0,0.0,0.0,0.0,0.49999999982430826,0.09486352466210286,12.913111388942582,0.7591782339288766,0.7411890098866551,27.416076248249656,0.018194452470930492,65,61,2,0.01617993388333041,0.40442338072669826,119.36385635416339
/Users/kevin.kunkel/Documents/Dev/Uni/ca-friend-foe-analysis/frames/triumph_des_willens/frame_115740.png,96.5018522175414,60.00716203079022,0.6218239400559419,0.5103380434146627,0.16971834591305365,0.0,0.0,0.0,0.0,0.4999999997409376,0.07629746650283775,-10.99764745898537,0.7458891762778483,0.7431415064853883,23.45356385653717,0.017089261406980638,56,79,1,0.007725191621321163,0.5837282780410743,123.92432838715348
/Users/kevin.kunkel/Documents/Dev/Uni/ca-friend-foe-analysis/frames/triumph_des_willens/frame_116375.png,99.4689931835469,59.204518942724604,0.5952057720535671,0.49582748230062607,0.1757394242583816,0.0,0.0,0.0,0.0,0.49999999974866544,0.12133944766251244,14.611483258084604,0.7528764709324137,0.7530205202099592,34.63802015168445,0.018009125165460296,108,117,0,0.0,0.5,185.91041155293857
/Users/kevin.kunkel/Documents/Dev/Uni/ca-friend-foe-analysis/frames/triumph_des_willens/frame_116449.png,105.17561874670879,63.61520791498159,0.6048474790312325,0.4604250775261834,0.2436790562284243,0.0,0.0,0.0,0.0,0.49999999976230236,0.0415569598034053,-3.372568465414844,0.7242717471986746,0.7038132107038784,14.757736536235404,0.015762195112165117,27,21,1,0.015814244339125854,0.6200631911532386,127.21371154409358
/Users/kevin.kunkel/Documents/Dev/Uni/ca-friend-foe-analysis/frames/triumph_des_willens/frame_116602.png,103.21116377040548,61.98730973294225,0.6005872563434618,0.5274468287402727,0.2217139137557779,0.0,0.0,0.0,0.0,0.49999999975777815,0.11994617049909309,-3.13063605123061,0.74848372208283,0.7184093275144094,37.74337245565859,0.017136632962967673,84,151,2,0.0181473436311509,0.3056872037914692,153.4122583081172
/Users/kevin.kunkel/Documents/Dev/Uni/ca-friend-foe-analysis/frames/triumph_des_willens/frame_116724.png,122.34278092270786,46.58567439772782,0.3807799202233365,0.19961712304721782,0.17636109648352935,0.0,0.0,0.0,0.0,0.4999999997956561,0.021553741735416302,-14.641736325895863,0.8337623660429007,0.8287837512524935,10.369302807327845,0.021504402232407013,16,16,0,0.0,0.5,119.92866051937675
/Users/kevin.kunkel/Documents/Dev/Uni/ca-friend-foe-analysis/frames/triumph_des_willens/frame_116865.png,80.59946024223275,55.01287375331465,0.6825464279751368,0.6944261599672342,0.11709196360657656,0.0,0.0,0.0,0.0,0.4999999996898242,0.08492225440290212,-17.472636226761587,0.8201641788305047,0.7778200494332754,27.021090780223126,0.01920678543184695,15,106,0,0.0,0.5,147.52236059913037
/Users/kevin.kunkel/Documents/Dev/Uni/ca-friend-foe-analysis/frames/triumph_des_willens/frame_117318.png,87.9711598940963,45.54559287103156,0.5177332306870581,0.5483057603417003,0.06687364694868644,0.0,0.0,0.0,0.0,0.499999999715816,0.05229909016441402,-8.634032022553868,0.8305414585821457,0.7874903046661703,18.434160743085254,0.022368542585073682,66,36,3,0.029185682522965304,0.5616113744075829,126.65199236364583
/Users/kevin.kunkel/Documents/Dev/Uni/ca-friend-foe-analysis/frames/triumph_des_willens/frame_117366.png,86.73970949622608,43.91203383839748,0.5062506439416075,0.563467248844421,0.061203630565794864,0.0,0.0,0.0,0.0,0.4999999997117814,0.0575833040781698,3.709371903211334,0.831756336611059,0.7963446149674122,19.849813148289147,0.023418729231291322,76,47,3,0.06151080978292669,0.8104265402843602,144.19285537581464
/Users/kevin.kunkel/Documents/Dev/Uni/ca-friend-foe-analysis/frames/triumph_des_willens/frame_117398.png,122.1437086770815,58.04447420567042,0.47521460406613775,0.2829925106781347,0.2205491925574864,0.0,0.0,0.0,0.0,0.49999999979532306,0.045387557778947984,-8.066755735215594,0.756015205801471,0.7341235676760156,21.115466261298693,0.01753315646487181,42,75,2,0.07795404013808437,0.806477093206951,502.1529797969021
/Users/kevin.kunkel/Documents/Dev/Uni/ca-friend-foe-analysis/frames/triumph_des_willens/frame_117668.png,84.26543941255632,34.72548509233806,0.412096409788068,0.6469943976361828,0.03510985313907905,0.0,0.0,0.0,0.0,0.4999999997033185,0.006514759230004096,-3.427124832153126,0.8524911632197201,0.8652530151770037,5.182758897488806,0.028223418114234206,3,9,0,0.0,0.5,67.15168961233573
/Users/kevin.kunkel/Documents/Dev/Uni/ca-friend-foe-analysis/frames/triumph_des_willens/frame_117700.png,87.61704625241354,33.282628007998426,0.37986475684342225,0.6032652419402025,0.03897519162132116,0.0,0.0,0.0,0.0,0.4999999997146674,0.005428661283716576,-5.373668380871109,0.8677069458641803,0.8578946446135886,5.447552062812658,0.02946259720837592,13,9,0,0.0,0.5,63.69490329660278
/Users/kevin.kunkel/Documents/Dev/Uni/ca-friend-foe-analysis/frames/triumph_des_willens/frame_117757.png,108.58317242993388,60.6030431475116,0.5581255523806392,0.45191548183254343,0.2083936721081271,0.0,0.0,0.0,0.0,0.4999999997697618,0.046897855596512786,16.122010997164097,0.7151045556599563,0.722467679347876,20.068437915571668,0.016724851804552077,50,37,2,0.012588862559241706,0.6911532385466035,29.25898361378345
/Users/kevin.kunkel/Documents/Dev/Uni/ca-friend-foe-analysis/frames/triumph_des_willens/frame_117838.png,126.69459437715757,62.030249126430476,0.4896045437646058,0.35152273126206773,0.3716905096249488,0.0,0.0,0.0,0.0,0.4999999998026751,0.03126645602948921,-31.132013798160855,0.7219710293572698,0.750326007395457,15.778721580167224,0.01620954203354005,28,35,2,0.1723732520039787,0.4320695102685624,398.87371244554896
/Users/kevin.kunkel/Documents/Dev/Uni/ca-friend-foe-analysis/frames/triumph_des_willens/frame_117937.png,106.69662578257562,47.57234987943006,0.44586555091053715,0.4019385202738283,0.08242459481598502,0.0,0.0,0.0,0.0,0.4999999997656908,0.007673995085132526,6.5899570819344575,0.8123488770032616,0.7522683777566348,5.805088435836969,0.02071659229855245,8,7,0,0.0,0.5,112.85458533122409
/Users/kevin.kunkel/Documents/Dev/Uni/ca-friend-foe-analysis/frames/triumph_des_willens/frame_118130.png,108.05953974313967,66.12482019258943,0.6119295000568843,0.48165701246269965,0.2377823123281259,0.0,0.0,0.0,0.0,0.49999999976864606,0.04938088760166169,-27.094313242905258,0.8108407159598964,0.717891251964921,14.795189769817075,0.015200635938253309,18,19,1,0.016501740682230415,0.33886255924170616,181.53677486277462
/Users/kevin.kunkel/Documents/Dev/Uni/ca-friend-foe-analysis/frames/triumph_des_willens/frame_118177.png,104.24694466385817,66.23082227775855,0.6353262671417916,0.4958750219413727,0.2296128079105962,0.0,0.0,0.0,0.0,0.49999999976018483,0.05359545959861916,-29.60557980216103,0.7962361941441488,0.7416421769715856,16.122285599337843,0.015238207250313569,25,20,0,0.0,0.5,186.2384099231283
/Users/kevin.kunkel/Documents/Dev/Uni/ca-friend-foe-analysis/frames/triumph_des_willens/frame_118317.png,105.02931184541572,57.71500511475249,0.5495133124812556,0.4374835439705108,0.1441017933415248,0.0,0.0,0.0,0.0,0.49999999976197124,0.07583852612486104,-7.93280018343728,0.8183737484813128,0.7463913536582003,18.12560272938663,0.01772847848612297,16,25,2,0.014956702357966182,0.06951026856240126,134.97965810206665
/Users/kevin.kunkel/Documents/Dev/Uni/ca-friend-foe-analysis/frames/triumph_des_willens/frame_118497.png,154.45316979696918,35.60998146981588,0.23055519995847396,0.06104089871862384,0.20838452986952197,0.0,0.0,0.0,0.0,0.4999999998381386,0.017079530162073607,0.7224045115165154,0.8970089463437355,0.8591647333452838,7.750369331171034,0.028165125774216513,12,16,1,0.006582411795681938,0.8483412322274881,96.4086560247568
/Users/kevin.kunkel/Documents/Dev/Uni/ca-friend-foe-analysis/frames/triumph_des_willens/frame_118607.png,144.49615111754724,42.9107768976958,0.296968303557727,0.13419343514130244,0.3956541454566731,0.0,0.0,0.0,0.0,0.49999999982698495,0.007388757240652975,-33.09886736227298,0.8581698629366907,0.8451393054291572,6.137361300243925,0.022961546887574492,19,8,0,0.0,0.5,118.40773000802133
/Users/kevin.kunkel/Documents/Dev/Uni/ca-friend-foe-analysis/frames/triumph_des_willens/frame_119026.png,114.291756260605,61.71808489424949,0.5400046937726733,0.42902331636533847,0.26811808846761453,0.0,0.0,0.0,0.0,0.4999999997812616,0.06243051898660114,2.4118595387386534,0.7296982215155092,0.7333715832207239,19.354149930095485,0.01634448173884854,33,27,3,0.026613056579486278,0.3736176935229068,81.99808001256064
/Users/kevin.kunkel/Documents/Dev/Uni/ca-friend-foe-analysis/frames/triumph_des_willens/frame_119082.png,114.1119101427652,68.55840209004131,0.6007997056940687,0.4475089228248786,0.2841499180855421,0.0,0.0,0.0,0.0,0.49999999978091686,0.14183634661517758,-13.407898773801293,0.7277565964657469,0.6852877546353751,32.061632767084184,0.01531179979397751,63,101,3,0.019986762038499795,0.5758293838862559,231.28838554948192
/Users/kevin.kunkel/Documents/Dev/Uni/ca-friend-foe-analysis/frames/triumph_des_willens/frame_119301.png,123.15426064887953,66.52145034299218,0.5401473723969181,0.36641178105435607,0.27850549997074486,0.0,0.0,0.0,0.0,0.49999999979700255,0.060693493651629515,25.038689421443962,0.755682629086975,0.7232661439517204,20.333328709701828,0.015135475238942635,28,29,0,0.0,0.5,67.73055032934238
/Users/kevin.kunkel/Documents/Dev/Uni/ca-friend-foe-analysis/frames/triumph_des_willens/frame_119557.png,120.42261460710316,56.73809113883044,0.471158106613373,0.335234918963197,0.22349847873149611,0.0,0.0,0.0,0.0,0.4999999997923978,0.06826143876894272,-5.369806062799356,0.7556080857830231,0.7418297637268692,20.973263126864435,0.01787505975384825,46,54,0,0.0,0.5,75.1127669322012
/Users/kevin.kunkel/Documents/Dev/Uni/ca-friend-foe-analysis/frames/triumph_des_willens/frame_119763.png,136.65421676613423,44.09872326427568,0.32270298184412827,0.09332031478555965,0.2202511555789597,0.0,0.0,0.0,0.0,0.49999999981705645,0.02252647592300041,-23.307067797545386,0.8198963363357162,0.8772806728762766,9.903817782392746,0.022682586881185345,22,21,1,0.002925516353636417,0.6129541864139021,100.89999654555889
/Users/kevin.kunkel/Documents/Dev/Uni/ca-friend-foe-analysis/frames/triumph_des_willens/frame_119863.png,141.2301777982564,58.85308211182723,0.4167174678079466,0.21675150664092213,0.41512345679012347,0.0,0.0,0.0,0.0,0.499999999822984,0.08904723246152946,-6.447155060328583,0.7265575363022161,0.7551270074368238,24.540402783387915,0.01769658876533291,42,63,2,0.0054652302381370315,0.8657187993680885,477.1880038534773
/Users/kevin.kunkel/Documents/Dev/Uni/ca-friend-foe-analysis/frames/triumph_des_willens/frame_119912.png,134.31545111462174,58.458750446439645,0.43523473969520315,0.2376122666900708,0.3439419870107074,0.0,0.0,0.0,0.0,0.49999999981387094,0.09769030483880405,-8.755976489680336,0.7337039274196602,0.750245844939007,26.212847825467218,0.017787349961113023,54,66,1,0.00553105435609385,0.811216429699842,154.17404998780486
/Users/kevin.kunkel/Documents/Dev/Uni/ca-friend-foe-analysis/frames/triumph_des_willens/frame_120001.png,136.28332345971563,57.693162383963184,0.4233325169728754,0.2319733339184366,0.3702862617752033,0.0,0.0,0.0,0.0,0.49999999981655857,0.09657678017670118,-6.50604380664484,0.7454397653391707,0.7446413387202044,25.896352432306745,0.01805025384560754,54,73,3,0.021391009888245275,0.11295418641390205,174.9941079839346
/Users/kevin.kunkel/Documents/Dev/Uni/ca-friend-foe-analysis/frames/triumph_des_willens/frame_120048.png,139.44907407407408,59.237939405434126,0.42479980420298447,0.2315308495699491,0.39448759581066056,0.0,0.0,0.0,0.0,0.499999999820723,0.09540291673980457,-14.632969995311768,0.7226042315586347,0.7428361393783955,26.312903659561506,0.017536277033696732,59,84,1,0.024603592534082265,0.382306477093207,137.04701497970197
/Users/kevin.kunkel/Documents/Dev/Uni/ca-friend-foe-analysis/frames/triumph_des_willens/frame_120135.png,114.90921208530806,58.642408317284435,0.5103368755388811,0.3475970540050319,0.21787783043707215,0.0,0.0,0.0,0.0,0.499999999782437,0.03772087648469955,3.098318388203424,0.7862615887733597,0.7003521201612384,16.343689255550416,0.017099091702858747,28,38,0,0.0,0.5,46.68713897389984
/Users/kevin.kunkel/Documents/Dev/Uni/ca-friend-foe-analysis/frames/triumph_des_willens/frame_120677.png,95.74447443098707,53.010974799095855,0.5536713743406593,0.5046241442864665,0.12614277982563923,0.0,0.0,0.0,0.0,0.49999999973888837,0.07310865367737406,-5.597154048896115,0.7753706514493925,0.7622149571854058,20.280066377436935,0.019174181890386287,30,34,1,0.0047557925223802,0.0924170616113744,79.66347611507109
/Users/kevin.kunkel/Documents/Dev/Uni/ca-friend-foe-analysis/frames/triumph_des_willens/frame_120816.png,127.12531083611258,39.907304846693044,0.3139210008835192,0.14379461412439296,0.11783248493359078,0.0,0.0,0.0,0.0,0.49999999980334364,0.009654203967000176,5.297369953854613,0.8551393578319515,0.85396180067198,6.204297442421525,0.024713346526597714,11,10,1,0.041140073723012115,0.1769352290679305,55.850686821134914
/Users/kevin.kunkel/Documents/Dev/Uni/ca-friend-foe-analysis/frames/triumph_des_willens/frame_120889.png,109.97349482183606,54.61060754727172,0.4965797221056433,0.4060744690187818,0.18362917617459482,0.0,0.0,0.0,0.0,0.4999999997726725,0.024983909660055,-16.362163949824804,0.7631174990621139,0.7665218111975216,14.971636487436488,0.018310037588974967,23,36,1,0.01514137557778948,0.8238546603475514,38.90424002328082
/Users/kevin.kunkel/Documents/Dev/Uni/ca-friend-foe-analysis/frames/triumph_des_willens/frame_120919.png,112.51803580832016,50.92816559385867,0.4526222412498829,0.3702442074776198,0.1617536276402785,0.0,0.0,0.0,0.0,0.4999999997778134,0.023045755075770873,-8.314778951780085,0.7709098126407546,0.7736818511394243,14.676395074432147,0.01964776762978247,26,47,0,0.0,0.5,39.09828090724484
/Users/kevin.kunkel/Documents/Dev/Uni/ca-friend-foe-analysis/frames/triumph_des_willens/frame_121187.png,80.72116720788719,52.98218768167494,0.6563605241186607,0.6586251535896086,0.08904357556608741,0.0,0.0,0.0,0.0,0.4999999996902919,0.09683276285764437,3.722757135760247,0.7831444510985601,0.7760616175091697,27.763816035265247,0.019983035559747578,23,38,0,0.0,0.5,120.8632800036227
/Users/kevin.kunkel/Documents/Dev/Uni/ca-friend-foe-analysis/frames/triumph_des_willens/frame_121375.png,108.75136402199988,50.62109573852889,0.465475501362364,0.38441102042010417,0.158339915745129,0.0,0.0,0.0,0.0,0.49999999977011783,0.1144279152770464,-3.2082689094822996,0.7869538319101557,0.7638466746872213,25.690266668688228,0.021550112314289743,37,71,0,0.0,0.5,752.8335558901995
/Users/kevin.kunkel/Documents/Dev/Uni/ca-friend-foe-analysis/frames/triumph_des_willens/frame_121488.png,65.43291608156339,50.92063389218718,0.7782112866694265,0.7754757620970101,0.08181755017260546,0.0,0.0,0.0,0.0,0.49999999961792935,0.08714564683166579,13.559069970944819,0.8170232211426494,0.8052817162378313,25.735955544539472,0.021104371026896013,9,39,0,0.0,0.5,162.69652284660768
/Users/kevin.kunkel/Documents/Dev/Uni/ca-friend-foe-analysis/frames/triumph_des_willens/frame_121558.png,112.84974182318179,46.72617788239739,0.4140565772335082,0.3158533731203557,0.15699966356561934,0.0,0.0,0.0,0.0,0.4999999997784665,0.11507335732256743,-2.981788822712957,0.7905200363452385,0.7782370924225293,24.530918493906032,0.023159834608314188,65,56,0,0.0,0.5,196.12455120178038
/Users/kevin.kunkel/Documents/Dev/Uni/ca-friend-foe-analysis/frames/triumph_des_willens/frame_121636.png,96.43379007957404,61.307233950247515,0.6357443157225734,0.5442392926101457,0.16874926862091158,0.0,0.0,0.0,0.0,0.49999999974075476,0.11553412614826516,4.36728967898199,0.7490443169837123,0.7288973662015205,30.644503703077305,0.0173548922868887,54,65,1,0.005940626645602949,0.4462875197472354,211.62680352480308
/Users/kevin.kunkel/Documents/Dev/Uni/ca-friend-foe-analysis/frames/triumph_des_willens/frame_121750.png,107.37485738107776,59.3826451675496,0.5530405027826404,0.40150517816394593,0.1598246152945995,0.0,0.0,0.0,0.0,0.49999999976717086,0.06602159031068984,-14.6357501963614,0.7333658295100851,0.7398279286515357,19.12610775921685,0.017100562660367066,29,56,1,0.0032253817798841497,0.4265402843601896,105.07316077911041
/Users/kevin.kunkel/Documents/Dev/Uni/ca-friend-foe-analysis/frames/triumph_des_willens/frame_121996.png,106.69258674155988,66.14040745989448,0.6199156794099856,0.46476946931133345,0.2517370253349716,0.0,0.0,0.0,0.0,0.49999999976568194,0.08573408519103622,-8.255013487926504,0.7221178501240764,0.7096412697756083,27.478268636121246,0.015565323852355324,36,52,1,0.012901527119536599,0.4186413902053712,106.79218699041547
/Users/kevin.kunkel/Documents/Dev/Uni/ca-friend-foe-analysis/frames/triumph_des_willens/frame_122138.png,121.88455729623779,62.094562829599795,0.5094538976560822,0.3430771312386636,0.31443998303200515,0.0,0.0,0.0,0.0,0.4999999997948879,0.150627523257855,-7.243932296237787,0.7748482890318377,0.6954589929033028,29.796090044281307,0.017085292365648368,74,97,0,0.0,0.5,158.1771760658582
/Users/kevin.kunkel/Documents/Dev/Uni/ca-friend-foe-analysis/frames/triumph_des_willens/frame_122460.png,92.88328835351939,49.6514963668927,0.5345579080325012,0.44974145749224737,0.06767267860277339,0.0,0.0,0.0,0.0,0.499999999730845,0.053814873325141885,-4.919321815779114,0.8140512407057493,0.7603193686053887,17.038389858263876,0.020537022915482213,23,38,5,0.10692396582996899,0.3499210110584518,66.23837559424909
/Users/kevin.kunkel/Documents/Dev/Uni/ca-friend-foe-analysis/frames/triumph_des_willens/frame_122654.png,101.78382993973436,62.80316399373519,0.6170249632895334,0.5064507635597683,0.1930109414311626,0.0,0.0,0.0,0.0,0.4999999997543814,0.13619375694810135,6.096883843669303,0.7260243896282987,0.7626022390906667,34.90070772293051,0.017062494416443676,48,94,0,0.0,0.5,122.41689623177707
/Users/kevin.kunkel/Documents/Dev/Uni/ca-friend-foe-analysis/frames/triumph_des_willens/frame_122705.png,147.6978252442806,62.14324034768112,0.4207458045020399,0.21303975776724593,0.46560506991984085,0.0,0.0,0.0,0.0,0.49999999983073545,0.04004117664267743,8.876402662423573,0.7706859389358692,0.6906630057086125,16.380597865067987,0.016123175327207955,34,42,0,0.0,0.5,124.54546037106847
/Users/kevin.kunkel/Documents/Dev/Uni/ca-friend-foe-analysis/frames/triumph_des_willens/frame_122895.png,96.0980029693991,54.859507281181266,0.5708704190404807,0.5023696682464455,0.12827292142063074,0.0,0.0,0.0,0.0,0.49999999973984893,0.08412139430109414,-11.535158677322215,0.7835834793223357,0.7602950656352555,24.480349738709677,0.018951781993102455,49,64,0,0.0,0.5,137.42756384405794
/Users/kevin.kunkel/Documents/Dev/Uni/ca-friend-foe-analysis/frames/triumph_des_willens/frame_123039.png,117.13103936282253,38.28143857493408,0.32682573936419845,0.1759240974782049,0.08719684336785442,0.0,0.0,0.0,0.0,0.49999999978656384,0.008769235270025159,0.15262068171567478,0.8570818003054009,0.8543914835038563,5.361924151936521,0.025695732360231305,14,9,0,0.0,0.5,50.29345621465244
/Users/kevin.kunkel/Documents/Dev/Uni/ca-friend-foe-analysis/frames/triumph_des_willens/frame_123145.png,111.81739475454918,66.45485435712074,0.5943158883603439,0.4735441899245217,0.2775949330056755,0.0,0.0,0.0,0.0,0.4999999997764212,0.10180796910654731,17.03321911089853,0.7225391961828322,0.7160457487612955,28.992743442097726,0.015531686236556388,38,72,2,0.02870662922005734,0.5055292259083728,150.81443589406712
/Users/kevin.kunkel/Documents/Dev/Uni/ca-friend-foe-analysis/frames/triumph_des_willens/frame_123196.png,105.95307471768767,53.56541733514667,0.5055579314457472,0.36754907553683225,0.12524684044233808,0.0,0.0,0.0,0.0,0.4999999997640465,0.06929268328359955,-8.632743904279323,0.8031075006797523,0.7456258100990044,19.558726920822753,0.019115134009170757,29,69,4,0.06382745304546253,0.7622432859399684,102.90566406343251
/Users/kevin.kunkel/Documents/Dev/Uni/ca-friend-foe-analysis/frames/triumph_des_willens/frame_123382.png,124.87468002164881,59.51714971551529,0.47661503242719533,0.3231580217658417,0.275464791410684,0.0,0.0,0.0,0.0,0.4999999997997993,0.1479013077058101,-2.35197139530095,0.7953279934055419,0.7328925331853322,28.307170361198068,0.017627775996805494,85,99,2,0.009043502428178574,0.9360189573459715,186.93663990155915
/Users/kevin.kunkel/Documents/Dev/Uni/ca-friend-foe-analysis/frames/triumph_des_willens/frame_123625.png,132.05826348663038,76.5674372772528,0.5798004244317847,0.34718199637235975,0.3614749722075946,0.0,0.0,0.0,0.0,0.4999999998106896,0.07234070563454449,-17.265373484286258,0.8502280612086857,0.5610628642572828,15.76609001595865,0.01313428228645002,46,32,1,0.004571119302556902,0.49921011058451814,173.79964825593518
/Users/kevin.kunkel/Documents/Dev/Uni/ca-friend-foe-analysis/frames/triumph_des_willens/frame_123725.png,137.46868600432975,65.27157502653343,0.47481049594812136,0.28283526417412674,0.4853961880521912,0.0,0.0,0.0,0.0,0.49999999981814036,0.07817528231232812,-25.80344045815066,0.7891431793593923,0.7574708077089252,22.111615162769667,0.015683597029251508,24,48,1,0.007489321865309227,0.5892575039494471,99.93095508057138
/Users/kevin.kunkel/Documents/Dev/Uni/ca-friend-foe-analysis/frames/triumph_des_willens/frame_124004.png,108.31425165291674,60.50051628792012,0.5585646884763799,0.4000296208530806,0.20539318939792872,0.0,0.0,0.0,0.0,0.49999999976919013,0.1078802439880639,10.460720510702572,0.7552052966760398,0.7065985436603146,29.095641761874514,0.017240440307461885,59,83,1,0.016501740682230415,0.3704581358609795,159.43863775724643
/Users/kevin.kunkel/Documents/Dev/Uni/ca-friend-foe-analysis/frames/triumph_des_willens/frame_124092.png,104.9622535252472,53.15756284438907,0.506444564673512,0.4904207623895618,0.16574878591071324,0.0,0.0,0.0,0.0,0.49999999976181914,0.177779971915043,-4.9900972312950245,0.7617785303812006,0.768738193237914,35.4305990280881,0.02114841183375821,89,55,0,0.0,0.5,278.43855711138576
/Users/kevin.kunkel/Documents/Dev/Uni/ca-friend-foe-analysis/frames/triumph_des_willens/frame_124234.png,128.15579288806975,62.908495178534444,0.49087515836596407,0.3254984348487508,0.32647665437949797,0.0,0.0,0.0,0.0,0.4999999998049249,0.14057106079222983,-1.2313906377181354,0.7618534608858464,0.6701162233529137,31.706373049444803,0.01697033514621435,77,61,0,0.0,0.5,356.33137422035327
/Users/kevin.kunkel/Documents/Dev/Uni/ca-friend-foe-analysis/frames/triumph_des_willens/frame_124433.png,115.22932208472295,59.84540362427463,0.5193591569369563,0.36959145164121465,0.26565516938739686,0.0,0.0,0.0,0.0,0.4999999997830413,0.1133436457784799,11.012268398165006,0.7603979878183793,0.7784823484597777,24.493930722039263,0.01737328727224391,68,50,0,0.0,0.5,181.21447118976027
/Users/kevin.kunkel/Documents/Dev/Uni/ca-friend-foe-analysis/frames/triumph_des_willens/frame_125559.png,101.18055007021239,51.46591967587019,0.5086542778161508,0.3845115850447604,0.10891148850272073,0.0,0.0,0.0,0.0,0.499999999752917,0.0670638055116728,-27.89151320898408,0.8049148244518098,0.8181633102139121,19.71344860588509,0.01985039527581309,27,37,0,0.0,0.5,57.05090866076075
/Users/kevin.kunkel/Documents/Dev/Uni/ca-friend-foe-analysis/frames/triumph_des_willens/frame_125830.png,119.63547517699374,56.45577034046344,0.4718982409669923,0.27337304721783395,0.21319334737581183,0.0,0.0,0.0,0.0,0.4999999997910319,0.1345115850447604,-21.66688633498717,0.8038605199847184,0.7477953098140335,26.026176205135066,0.018565183298481173,44,84,2,0.016172620092446317,0.6311216429699842,184.08969968721507
/Users/kevin.kunkel/Documents/Dev/Uni/ca-friend-foe-analysis/frames/triumph_des_willens/frame_127363.png,74.27646129541864,46.517047780147365,0.6262690347149,0.6653063015622257,0.06689010297817564,0.0,0.0,0.0,0.0,0.4999999996634196,0.05014700719677023,-17.401541874415358,0.8173338278029602,0.810846349498543,14.09653679599598,0.02156080649883455,15,5,1,0.07096022760517232,0.7401263823064771,19.201572815887197
/Users/kevin.kunkel/Documents/Dev/Uni/ca-friend-foe-analysis/frames/triumph_des_willens/frame_127478.png,86.17134200748932,59.5232933479209,0.6907550920313172,0.6189953776841612,0.14671464513486632,0.0,0.0,0.0,0.0,0.49999999970988035,0.07664121467439003,-11.163320734634183,0.7894851922982054,0.7531558670702223,24.804844590139364,0.017380563438226117,10,55,0,0.0,0.5,498.568063895896
/Users/kevin.kunkel/Documents/Dev/Uni/ca-friend-foe-analysis/frames/triumph_des_willens/frame_127589.png,83.33353263413493,51.82299358213084,0.6218744349584403,0.6229265402843602,0.0936622345093909,0.0,0.0,0.0,0.0,0.49999999970000075,0.07549843484875081,-0.08402343347857766,0.7980895661172432,0.7698348288565309,24.828762977582905,0.020403671519022913,23,74,9,0.07317082089988883,0.6429699842022117,527.5690896441423
/Users/kevin.kunkel/Documents/Dev/Uni/ca-friend-foe-analysis/frames/triumph_des_willens/frame_127641.png,153.94305299572875,56.511806289399416,0.3670955275536716,0.1918773038441285,0.6053917266397519,0.0,0.0,0.0,0.0,0.49999999983760224,0.03332163126791879,3.5731507079749463,0.7648125919960167,0.7779069483513049,12.587082023539546,0.017927279171585125,17,23,0,0.0,0.5,609.5761355567422
/Users/kevin.kunkel/Documents/Dev/Uni/ca-friend-foe-analysis/frames/triumph_des_willens/frame_127785.png,85.14475089228249,61.59741203806839,0.7234434456640971,0.6984853139079047,0.13690136621613716,0.0,0.0,0.0,0.0,0.49999999970638237,0.03498003335088643,-23.63000493588305,0.7421696260272291,0.8513977511421822,12.835645409876864,0.01625044146337905,12,26,1,0.00553105435609385,0.3688783570300158,72.98644216834379
/Users/kevin.kunkel/Documents/Dev/Uni/ca-friend-foe-analysis/frames/triumph_des_willens/frame_127967.png,157.52615777309694,38.38657034738033,0.24368378474833716,0.05685375343748172,0.34461485577204376,0.0,0.0,0.0,0.0,0.49999999984129617,0.015026183371365047,-1.0677585114935653,0.8366808984432812,0.8236488295505732,7.019809022895727,0.02599571156675919,15,16,0,0.0,0.5,161.16042676763394
/Users/kevin.kunkel/Documents/Dev/Uni/ca-friend-foe-analysis/frames/triumph_des_willens/frame_128134.png,76.47449681118718,76.19043204662424,0.9962854954784098,0.7391518196711719,0.19555979755426833,0.0,0.0,0.0,0.0,0.49999999967309366,0.017284316306828154,-1.8430211899963638,0.7285775910036356,0.6692779432448085,6.9348997113061355,0.013013649534960342,2,3,0,0.0,0.5,56.3253934770069
/Users/kevin.kunkel/Documents/Dev/Uni/ca-friend-foe-analysis/frames/triumph_des_willens/frame_128261.png,115.01966861213504,43.227208987687355,0.37582449568581233,0.2428745392311743,0.08347595225557311,0.0,0.0,0.0,0.0,0.49999999978264587,0.016284155403428705,-6.1811562469217165,0.7936262320152447,0.8677289161679674,8.109399745850322,0.02292074667858184,25,14,0,0.0,0.5,75.55015878416691
/Users/kevin.kunkel/Documents/Dev/Uni/ca-friend-foe-analysis/frames/triumph_des_willens/frame_128385.png,120.04162095547365,72.99608077467677,0.6080897619746722,0.39868388333040783,0.3208194371306536,0.0,0.0,0.0,0.0,0.4999999997917389,0.1306297905330291,22.98279448053198,0.7849574394733612,0.6065364504334317,26.013132081814692,0.014107965077100975,56,56,0,0.0,0.5,249.62801461691066
/Users/kevin.kunkel/Documents/Dev/Uni/ca-friend-foe-analysis/frames/triumph_des_willens/frame_128589.png,150.01155396114913,42.70417194371781,0.2846725521309534,0.10898645485928267,0.33790810953133227,0.0,0.0,0.0,0.0,0.49999999983334614,0.013812094084605932,5.916357138241409,0.8332053133113289,0.8333185964259121,8.357985605529713,0.02319189700706707,18,18,1,0.02502962085308057,0.2424960505529226,118.82378807857917
/Users/kevin.kunkel/Documents/Dev/Uni/ca-friend-foe-analysis/frames/triumph_des_willens/frame_128881.png,107.35191401907437,55.544292310669654,0.517403837336893,0.4175059241706161,0.16866698847346556,0.0,0.0,0.0,0.0,0.49999999976712106,0.06898550406646774,7.47391814220083,0.7406568759386032,0.7557298130222553,23.838982210665424,0.018499036928175373,48,59,0,0.0,0.5,101.50475736852012
/Users/kevin.kunkel/Documents/Dev/Uni/ca-friend-foe-analysis/frames/triumph_des_willens/frame_129008.png,149.0164194605348,63.404998096033,0.425490011657917,0.22074300801591482,0.5130368322508922,0.0,0.0,0.0,0.0,0.4999999998322332,0.013587195014920133,-18.83612029269608,0.7397789628987164,0.7183384869418934,8.487966850364694,0.015644964654917538,16,8,0,0.0,0.5,138.7635099817288
/Users/kevin.kunkel/Documents/Dev/Uni/ca-friend-foe-analysis/frames/triumph_des_willens/frame_129165.png,83.65419299631385,48.04554203431952,0.5743351319999356,0.5738711163770406,0.06332280147446025,0.0,0.0,0.0,0.0,0.49999999970115067,0.06750080451699725,-17.00238949186003,0.8205046573073089,0.7893179828190067,20.264753507095534,0.02128007168362657,39,36,3,0.03203623252003979,0.13112164296998421,78.35158362208485
/Users/kevin.kunkel/Documents/Dev/Uni/ca-friend-foe-analysis/frames/triumph_des_willens/frame_129211.png,93.95105062606049,49.648888848472666,0.5284548545735516,0.530050538295009,0.10072004271253876,0.0,0.0,0.0,0.0,0.499999999733904,0.06697969691650577,-7.017799336796543,0.7922627119421872,0.7681726177343886,19.778436231616286,0.02053507209439008,56,38,1,0.011124275934702475,0.8120063191153238,81.80426101621599
/Users/kevin.kunkel/Documents/Dev/Uni/ca-friend-foe-analysis/frames/triumph_des_willens/frame_129588.png,160.1816891931426,55.13987332220191,0.34423331134492197,0.14162607512725997,0.6307486396348956,0.0,0.0,0.0,0.0,0.4999999998439272,0.012588862559241706,-17.237720897315143,0.8129477617505372,0.7471445302804667,7.787888228328855,0.017990138956490844,20,6,0,0.0,0.5,140.35892010400624
/Users/kevin.kunkel/Documents/Dev/Uni/ca-friend-foe-analysis/frames/triumph_des_willens/frame_129694.png,113.25084291439939,60.30871900381772,0.5325233561056116,0.4097898747879001,0.19465105903692,0.0,0.0,0.0,0.0,0.4999999997792511,0.0913236498742028,-4.021734850639419,0.7998170261609998,0.688301653291415,21.05584771534079,0.016859649216616358,42,34,0,0.0,0.5,60.74147854508043
/Users/kevin.kunkel/Documents/Dev/Uni/ca-friend-foe-analysis/frames/triumph_des_willens/frame_129947.png,107.60822582060733,59.71588161648758,0.5549378879319652,0.43776329647182727,0.18935038909367502,0.0,0.0,0.0,0.0,0.4999999997676758,0.15758842373178866,13.64021387700167,0.7412346367369135,0.7600205081446549,31.977249549150745,0.018011696759731893,67,67,0,0.0,0.5,165.73634314417157
/Users/kevin.kunkel/Documents/Dev/Uni/ca-friend-foe-analysis/frames/triumph_des_willens/frame_130366.png,106.01888237961501,57.49920861060767,0.5423487520882277,0.41161283716575975,0.17119024632847699,0.0,0.0,0.0,0.0,0.49999999976419296,0.038068281551693874,19.520410869330135,0.7458757246389282,0.7302152996102332,19.35780408085796,0.01744131822457759,52,50,6,0.3011215698320754,0.6579778830963665,51.04182129436194
/Users/kevin.kunkel/Documents/Dev/Uni/ca-friend-foe-analysis/frames/triumph_des_willens/frame_130532.png,130.42510495289918,65.16207742242537,0.49961299548883825,0.3104996781932011,0.3609812913229185,0.0,0.0,0.0,0.0,0.49999999980831905,0.11198145222631795,9.192877349023007,0.760257993256398,0.7021531253734499,30.03492037245433,0.015969742977727006,69,78,2,0.029291732490784622,0.6208530805687204,137.18177965205007
/Users/kevin.kunkel/Documents/Dev/Uni/ca-friend-foe-analysis/frames/triumph_des_willens/frame_130597.png,119.14956702357966,66.95098047964647,0.561907039160337,0.41939105377099056,0.33247579135217364,0.0,0.0,0.0,0.0,0.49999999979017967,0.1317158884793166,-1.2875109405979543,0.7315373531075293,0.6850972090078413,28.706094884817325,0.015612389180520905,36,59,0,0.0,0.5,335.25356261171765
/Users/kevin.kunkel/Documents/Dev/Uni/ca-friend-foe-analysis/frames/triumph_des_willens/frame_130754.png,89.91243929553566,49.73721419773657,0.5531738937583105,0.5619258674155988,0.09572838043414662,0.0,0.0,0.0,0.0,0.49999999972195175,0.05986337838628518,-13.20264088953472,0.8777963347295503,0.7675386578095842,16.751731394066997,0.02064884201821071,24,34,0,0.0,0.5,637.3269129489306
/Users/kevin.kunkel/Documents/Dev/Uni/ca-friend-foe-analysis/frames/triumph_des_willens/frame_130806.png,136.00904167398045,64.82031013496575,0.4765882421455775,0.2952595664384764,0.41198218360540634,0.0,0.0,0.0,0.0,0.49999999981618864,0.021045433268971972,7.699203754992823,0.801153184051691,0.7534603436428486,14.278270830297922,0.015502732100089588,12,39,1,0.0363513691416535,0.41153238546603477,396.00928044905123
/Users/kevin.kunkel/Documents/Dev/Uni/ca-friend-foe-analysis/frames/triumph_des_willens/frame_131019.png,95.80783014452051,51.47633997149539,0.5372873995801555,0.4588745538587561,0.04846483529342929,0.0,0.0,0.0,0.0,0.499999999739061,0.04550640688081446,-13.360008707577236,0.8598479190400635,0.758960413161983,14.35613660036499,0.01951756692686381,12,22,0,0.0,0.5,51.369976429790235
/Users/kevin.kunkel/Documents/Dev/Uni/ca-friend-foe-analysis/frames/triumph_des_willens/frame_131142.png,136.76837224270085,63.03157674179205,0.46086368991694715,0.24996160259785852,0.3081903487215494,0.0,0.0,0.0,0.0,0.49999999981720916,0.07322750277924053,-4.403444617290631,0.6985753595803776,0.6947294585321235,18.397605886732066,0.01604830395925933,90,39,0,0.0,0.5,137.8748575170525
/Users/kevin.kunkel/Documents/Dev/Uni/ca-friend-foe-analysis/frames/triumph_des_willens/frame_131346.png,125.556142487274,59.672373144779485,0.4752644666771381,0.30486988766017203,0.3132551489087824,0.0,0.0,0.0,0.0,0.4999999998008859,0.10227422327540811,-8.474874906401993,0.7954629973808024,0.7121670550545582,26.143684846327233,0.017415238280706277,55,80,1,0.020933897957989587,0.6090047393364929,795.1253601135606
/Users/kevin.kunkel/Documents/Dev/Uni/ca-friend-foe-analysis/frames/triumph_des_willens/frame_131398.png,169.8532305014335,62.71593906851683,0.36923606837765693,0.16345042712538763,0.6622911912702591,0.0,0.0,0.0,0.0,0.49999999985281407,0.03256831080685741,-6.486925707715727,0.7941420263617704,0.7153461621990569,11.902551202825187,0.015961587539758945,30,23,0,0.0,0.5,131.49030762117116
/Users/kevin.kunkel/Documents/Dev/Uni/ca-friend-foe-analysis/frames/triumph_des_willens/frame_131480.png,112.73621898952665,62.466666095191734,0.5540958052317276,0.40952292142063074,0.26361462173073547,0.0,0.0,0.0,0.0,0.49999999977824344,0.05269586331987596,-15.925931249254731,0.7851208094846387,0.714523768074975,18.624420473645277,0.016079372629399322,29,38,2,0.0631271575683108,0.2804107424960506,45.157173927694835
/Users/kevin.kunkel/Documents/Dev/Uni/ca-friend-foe-analysis/frames/triumph_des_willens/frame_131535.png,146.21679173249078,67.36338736390987,0.46070896864624733,0.25496057866713473,0.47416769059739045,0.0,0.0,0.0,0.0,0.499999999829021,0.03082031478555965,-20.872177339616883,0.7002461449151658,0.6998632024305268,14.68705290672182,0.014942505756067846,27,28,0,0.0,0.5,580.6109161591489
/Users/kevin.kunkel/Documents/Dev/Uni/ca-friend-foe-analysis/frames/triumph_des_willens/frame_131670.png,141.29456109940904,63.1462354162338,0.4469120034076578,0.24357483470832603,0.44246057866713473,0.0,0.0,0.0,0.0,0.49999999982306464,0.045500921537651395,27.18231272853282,0.7646127103933844,0.7444106759558019,16.666662115896404,0.01604216147077003,36,32,0,0.0,0.5,547.2947371059707
/Users/kevin.kunkel/Documents/Dev/Uni/ca-friend-foe-analysis/frames/triumph_des_willens/frame_131799.png,68.81384939441811,50.466378868280074,0.7333753196349478,0.660828433093441,0.04562708443040197,0.0,0.0,0.0,0.0,0.49999999963670105,0.024519483938915218,-5.789397331595801,0.8698303831508614,0.7217943922763668,10.597327373575007,0.01976532946592046,24,19,0,0.0,0.5,44.33896107788812
/Users/kevin.kunkel/Documents/Dev/Uni/ca-friend-foe-analysis/frames/triumph_des_willens/frame_131848.png,71.3928822187116,52.91602553607946,0.7411946936089807,0.6312276929378036,0.04239804575507577,0.0,0.0,0.0,0.0,0.49999999964982506,0.024470115850447605,-3.9080603715479896,0.8620695332137887,0.6920675364027468,10.166790459876854,0.018819774323870154,18,26,0,0.0,0.5,55.139409469275385
/Users/kevin.kunkel/Documents/Dev/Uni/ca-friend-foe-analysis/frames/triumph_des_willens/frame_132023.png,123.9170085863905,62.60762633822745,0.505238360753809,0.3381750628986016,0.32642545784330934,0.0,0.0,0.0,0.0,0.4999999997982521,0.009599350535369493,26.68293867099348,0.8940666369525986,0.6171699191279887,6.430564339090297,0.01577370023273016,4,15,0,0.0,0.5,19.983861925296583
/Users/kevin.kunkel/Documents/Dev/Uni/ca-friend-foe-analysis/frames/triumph_des_willens/frame_132172.png,139.3124926862091,68.07053930554542,0.48861762462328073,0.2783756801825522,0.3621716107893043,0.0,0.0,0.0,0.0,0.49999999982054727,0.04151490550582178,26.50358941646317,0.747697159725162,0.668129225729204,15.339320518316477,0.014839418254850441,22,41,2,0.011848341232227487,0.5339652448657188,587.2556258187598
/Users/kevin.kunkel/Documents/Dev/Uni/ca-friend-foe-analysis/frames/triumph_des_willens/frame_132823.png,82.86243307881341,62.74033005735262,0.7571625361514767,0.6368300567550172,0.14011577730969516,0.0,0.0,0.0,0.0,0.4999999996982951,0.037298505061143294,-22.05652590581763,0.8095466051964054,0.7256772370223288,13.881872726260003,0.01594109807984314,18,26,2,0.01767194722368498,0.2330173775671406,69.09254131956318
/Users/kevin.kunkel/Documents/Dev/Uni/ca-friend-foe-analysis/frames/triumph_des_willens/frame_133159.png,68.71597624480721,58.57397165427509,0.8524068894889749,0.7700269878883623,0.10337494880346382,0.0,0.0,0.0,0.0,0.49999999963618363,0.07426788953250249,-21.77861542671063,0.8715104326207693,0.7542479925631762,16.540576085166663,0.017251951249578592,1,6,0,0.0,0.5,96.33583201447016
/Users/kevin.kunkel/Documents/Dev/Uni/ca-friend-foe-analysis/frames/triumph_des_willens/frame_133240.png,74.45487939558832,40.719669382307195,0.5469039726901977,0.6755072113978117,0.03222090573986309,0.0,0.0,0.0,0.0,0.4999999996642262,0.023148148148148147,9.094786567843471,0.8245589497281565,0.857011119614278,10.768848694945513,0.02527896768903272,14,20,3,0.13057676554911943,0.5726698262243286,637.5698980299303
/Users/kevin.kunkel/Documents/Dev/Uni/ca-friend-foe-analysis/frames/triumph_des_willens/frame_133324.png,108.28793297642034,59.72331094385981,0.5515232329876701,0.422881560470423,0.17786225206248904,0.0,0.0,0.0,0.0,0.499999999769134,0.11743022643496577,5.368815148286643,0.7965120961496763,0.6881215355340449,25.346615512122682,0.01724608524559918,38,59,0,0.0,0.5,100.07406602231327
/Users/kevin.kunkel/Documents/Dev/Uni/ca-friend-foe-analysis/frames/triumph_des_willens/frame_133385.png,75.11794036334913,37.25734275166593,0.4959846146187168,0.6937002662219882,0.02896444034872155,0.0,0.0,0.0,0.0,0.49999999966719005,0.01675223802001053,11.585543579454423,0.8543114510446388,0.8700207781776564,8.940307273005006,0.026747127728950108,10,6,2,0.16140256567784214,0.5703001579778831,65.37655376311889
/Users/kevin.kunkel/Documents/Dev/Uni/ca-friend-foe-analysis/frames/triumph_des_willens/frame_133741.png,96.20146385524545,52.29619792514468,0.5436112484678379,0.4922949213036101,0.11376236030659412,0.0,0.0,0.0,0.0,0.4999999997401287,0.024541425311567493,3.7133201930433444,0.7707431585939625,0.7732207554259397,14.370369505733168,0.019051212518181548,29,40,1,0.07986842490199521,0.5442338072669827,53.34241286543301
/Users/kevin.kunkel/Documents/Dev/Uni/ca-friend-foe-analysis/frames/triumph_des_willens/frame_134123.png,119.19677205839331,66.57957431833208,0.558568601420335,0.39064419870107076,0.3319327423790299,0.0,0.0,0.0,0.0,0.4999999997902628,0.05825068749634311,-31.37653647470836,0.8314490856900949,0.7298906711066987,18.717881782532984,0.015110379571508735,30,61,0,0.0,0.5,62.373399549030935
/Users/kevin.kunkel/Documents/Dev/Uni/ca-friend-foe-analysis/frames/triumph_des_willens/frame_134400.png,158.56217087941022,74.56631099079465,0.4702654519057847,0.2569389591012814,0.5154320987654321,0.0,0.0,0.0,0.0,0.4999999998423331,0.02686538236498742,22.816264715995317,0.7568156213395194,0.6287832341680226,10.68265578556454,0.0133533663727442,8,14,0,0.0,0.5,75.8867177542449
/Users/kevin.kunkel/Documents/Dev/Uni/ca-friend-foe-analysis/frames/triumph_des_willens/frame_134638.png,64.47440538880112,51.315011790991015,0.7958974014875435,0.7726946931133345,0.07285632789187292,0.0,0.0,0.0,0.0,0.4999999996122493,0.025920074893218653,-9.022789413648752,0.8944605921474552,0.7544331231672228,10.72801097340812,0.01950049493858289,3,25,0,0.0,0.5,42.140095589905506
/Users/kevin.kunkel/Documents/Dev/Uni/ca-friend-foe-analysis/frames/triumph_des_willens/frame_134703.png,98.77586522146159,67.94341653508182,0.6878544299658935,0.5581373237376397,0.23054531624831784,0.0,0.0,0.0,0.0,0.49999999974690174,0.043462202328711015,25.717974147971134,0.6793566961627551,0.7560632032348804,16.33490217357539,0.014736640099235414,15,34,0,0.0,0.5,48.986468938298295
/Users/kevin.kunkel/Documents/Dev/Uni/ca-friend-foe-analysis/frames/triumph_des_willens/frame_134832.png,103.0130020917442,57.850407058474225,0.5615835460342554,0.4423527002515944,0.16538858170967174,0.0,0.0,0.0,0.0,0.4999999997573122,0.08725718214264817,-8.094064562442739,0.757430567745207,0.7295709118152652,25.119662263327392,0.017736441663868525,78,110,2,0.011914165350184308,0.46919431279620855,74.51350824701265
/Users/kevin.kunkel/Documents/Dev/Uni/ca-friend-foe-analysis/frames/triumph_des_willens/frame_135124.png,125.32248515300451,66.2784151040602,0.5288629168999921,0.3550059241706161,0.34432413258440114,0.0,0.0,0.0,0.0,0.4999999998005147,0.04891097653735885,3.5740733912992795,0.7386178627439508,0.6513900236020334,17.72104229721689,0.01514401445527804,39,35,0,0.0,0.5,97.30205465693116
/Users/kevin.kunkel/Documents/Dev/Uni/ca-friend-foe-analysis/frames/triumph_des_willens/frame_135203.png,100.18464579310748,58.204092180764995,0.5809681879084162,0.47410369492715465,0.14440714411093558,0.0,0.0,0.0,0.0,0.4999999997504608,0.08867422912644082,10.917762786358068,0.7640325690278452,0.753737357284686,27.002525968354966,0.018023916470628454,39,104,3,0.060101076590018135,0.40916271721958924,599.3344317134316
/Users/kevin.kunkel/Documents/Dev/Uni/ca-friend-foe-analysis/frames/triumph_des_willens/frame_138234.png,46.06835103270727,35.530647132880006,0.7712593626485194,0.8787208911122814,0.007235167632087063,0.0,0.0,0.0,0.0,0.49999999945732815,0.006284374817155228,-0.0116380697443077,0.9043782646754799,0.8262898384857928,4.588886225742566,0.027565845556968484,1,4,0,0.0,0.5,7.9477457293909834
/Users/kevin.kunkel/Documents/Dev/Uni/ca-friend-foe-analysis/frames/triumph_des_willens/frame_138407.png,42.131010107659,22.004721708662316,0.5222927625092187,0.9402152448657188,0.0017681089462290094,0.0,0.0,0.0,0.0,0.4999999994066129,0.0030114533965244867,1.4637288163916296,0.9252990480025607,0.9298387184808288,4.0654102125535445,0.0441226138450319,1,2,2,0.10447750277924053,0.5150078988941548,10.68857863687175
/Users/kevin.kunkel/Documents/Dev/Uni/ca-friend-foe-analysis/frames/triumph_des_willens/frame_138601.png,57.161080758878946,36.5776807757634,0.6399053381455034,0.8030761804458487,0.007695936457784799,0.0,0.0,0.0,0.0,0.4999999995626395,0.013354982154350242,23.095424163765223,0.8865214434612415,0.8704296196326632,9.171200837789682,0.027023073554747295,1,4,5,0.044998098414370136,0.5071090047393365,19.897776700335797
/Users/kevin.kunkel/Documents/Dev/Uni/ca-friend-foe-analysis/frames/triumph_des_willens/frame_138718.png,63.28928237083845,50.25681224452996,0.794080929384633,0.7371368702826049,0.053701509566438474,0.0,0.0,0.0,0.0,0.4999999996049884,0.08411956585337312,7.551456904829621,0.7965493247793529,0.8043506194671961,26.369073310886453,0.020791201067985557,5,48,1,0.00533175355450237,0.2843601895734597,115.25775771200433
/Users/kevin.kunkel/Documents/Dev/Uni/ca-friend-foe-analysis/frames/triumph_des_willens/frame_138754.png,62.25030717921713,42.24589178562455,0.6786455140877473,0.80888881575098,0.03882891580363934,0.0,0.0,0.0,0.0,0.4999999995983956,0.017551269674097477,24.004381053319207,0.8370250194747608,0.8625926730279547,7.260916674611846,0.023383713966799922,1,7,1,0.00370260663507109,0.8649289099526066,17.127661988807645
/Users/kevin.kunkel/Documents/Dev/Uni/ca-friend-foe-analysis/frames/triumph_des_willens/frame_138788.png,67.64044306945176,51.87138575230606,0.7668693953166258,0.7236356123105728,0.0715691006962729,0.0,0.0,0.0,0.0,0.49999999963039865,0.09108960856591189,24.841148292479787,0.807902049123435,0.8085570010939209,25.415728638625495,0.02010706345210933,1,63,2,0.004616830495582471,0.8744075829383886,94.36615704700397
/Users/kevin.kunkel/Documents/Dev/Uni/ca-friend-foe-analysis/frames/triumph_des_willens/frame_138928.png,75.62701860628401,47.386831324888796,0.6265860024038119,0.6434106401029782,0.049863597800011705,0.0,0.0,0.0,0.0,0.4999999996694303,0.033281405418056284,20.46179409882616,0.8442449643832725,0.7902257389711628,13.045770647100264,0.021137857609892043,29,40,2,0.02014218009478673,0.631911532385466,95.92625189969348
/Users/kevin.kunkel/Documents/Dev/Uni/ca-friend-foe-analysis/frames/triumph_des_willens/frame_139128.png,61.90420945234334,46.074307019035174,0.7442839081900702,0.7697527207302088,0.0420067579427769,0.0,0.0,0.0,0.0,0.49999999959615027,0.06961997542566263,8.419073482490234,0.8275909892949047,0.8206649505207615,18.69286131507353,0.02244703345254928,4,47,2,0.01093594581943713,0.46050552922590837,131.37529512275052
/Users/kevin.kunkel/Documents/Dev/Uni/ca-friend-foe-analysis/frames/triumph_des_willens/frame_139826.png,52.89289501784565,37.14925494047711,0.7023486776004294,0.8559731730150372,0.021113085834649815,0.0,0.0,0.0,0.0,0.49999999952734675,0.036985840500848396,26.91251403044314,0.8891966273959119,0.8979363302400192,12.040721858038792,0.027345238694441103,1,20,0,0.0,0.5,69.45858035248682
/Users/kevin.kunkel/Documents/Dev/Uni/ca-friend-foe-analysis/frames/triumph_des_willens/frame_139926.png,69.36886372944825,51.26467976030881,0.7390157043129499,0.6516423117430227,0.045215683693171846,0.0,0.0,0.0,0.0,0.4999999996396078,0.03488678251711427,26.118163052080106,0.8095276323624061,0.7949684090115183,13.612939141184599,0.019449178027570752,6,18,2,0.024197677140015212,0.2740916271721959,15.112166046338997
/Users/kevin.kunkel/Documents/Dev/Uni/ca-friend-foe-analysis/frames/triumph_des_willens/frame_140223.png,67.36477532034404,48.60508258946679,0.7215207396770769,0.7639492276636827,0.050415789011760574,0.0,0.0,0.0,0.0,0.4999999996288862,0.024802893335673745,5.843477433992575,0.8608421356957738,0.819343742243733,11.8499917505436,0.020559330226475277,6,29,1,0.007489321865309227,0.7235387045813586,35.5444108988951
/Users/kevin.kunkel/Documents/Dev/Uni/ca-friend-foe-analysis/frames/triumph_des_willens/frame_141512.png,77.15206285471886,48.31062061850853,0.6261740615654361,0.6626678515007899,0.06864724123807853,0.0,0.0,0.0,0.0,0.4999999996759646,0.04866413609502077,15.555127721933744,0.8156806099070604,0.8120898801972735,16.175277188850632,0.020902808637453967,18,47,2,0.004479696916505764,0.4415481832543444,46.729427364580374
/Users/kevin.kunkel/Documents/Dev/Uni/ca-friend-foe-analysis/frames/triumph_des_willens/frame_141716.png,66.29304165935288,43.22092312395213,0.6519677175297868,0.7587034111520683,0.038070109999414896,0.0,0.0,0.0,0.0,0.49999999962288655,0.04325010239307238,35.99778259052991,0.864685805279926,0.8651284409098848,12.90316668228683,0.02328952198873642,1,21,1,0.00533175355450237,0.4802527646129542,45.66808337527105
/Users/kevin.kunkel/Documents/Dev/Uni/ca-friend-foe-analysis/frames/triumph_des_willens/frame_141862.png,57.560664238488094,43.39565693628153,0.7539116762289505,0.7970880141594991,0.03897336317360014,0.0,0.0,0.0,0.0,0.49999999956567565,0.039247630331753554,-1.9159883125621704,0.8762506869227125,0.8016971574143019,13.397040517742889,0.02325136938614916,14,9,2,0.016781493183546894,0.47788309636650866,39.592298368862146
/Users/kevin.kunkel/Documents/Dev/Uni/ca-friend-foe-analysis/frames/triumph_des_willens/frame_142099.png,104.08149391492599,57.66189053938089,0.5540071372448957,0.3902711953659821,0.13665269732607804,0.0,0.0,0.0,0.0,0.49999999975980364,0.01918773038441285,20.480896204623946,0.7216606664899884,0.8215101250884789,11.391145335812453,0.01741740853392843,10,28,2,0.013179451173132057,0.4660347551342812,590.3389282899265
/Users/kevin.kunkel/Documents/Dev/Uni/ca-friend-foe-analysis/frames/triumph_des_willens/frame_142126.png,102.47161883447428,53.72904012447983,0.5243309384897783,0.4116494061201802,0.08808364051255047,0.0,0.0,0.0,0.0,0.49999999975603004,0.021945029547715173,30.16291146322847,0.7997988277283882,0.7795014644981293,10.899116599516452,0.018741505006299897,11,26,2,0.00954449710373881,0.8325434439178515,541.773230079688
/Users/kevin.kunkel/Documents/Dev/Uni/ca-friend-foe-analysis/frames/triumph_des_willens/frame_143094.png,69.16177556901293,45.662421285842996,0.6602262715805528,0.730000438827453,0.05364482768708677,0.0,0.0,0.0,0.0,0.4999999996385287,0.013932771634193436,24.86016389418444,0.8627097767314755,0.8508707127951978,6.922034506510775,0.021660195585104906,22,17,2,0.08503013281844246,0.3665086887835703,28.447360186222607
/Users/kevin.kunkel/Documents/Dev/Uni/ca-friend-foe-analysis/frames/triumph_des_willens/frame_143536.png,46.0563765285823,38.83646547315778,0.8432375344320099,0.8775269147504534,0.026258337721607863,0.0,0.0,0.0,0.0,0.49999999945718704,0.077763881575098,4.329889880231576,0.8775346874458636,0.8491280232205399,17.435243075770835,0.02747127232050931,5,19,0,0.0,0.5,108.67282023794242
/Users/kevin.kunkel/Documents/Dev/Uni/ca-friend-foe-analysis/frames/triumph_des_willens/frame_143653.png,66.95499458779474,47.24476838090879,0.7056197764066294,0.7164095869170909,0.04547166637411503,0.0,0.0,0.0,0.0,0.4999999996266149,0.014124758644900825,22.637041277184153,0.8720894267249935,0.8300359431161118,7.3619737206220375,0.02093872143996467,20,18,1,0.019776490550582178,0.43601895734597157,29.001732792633458
/Users/kevin.kunkel/Documents/Dev/Uni/ca-friend-foe-analysis/frames/triumph_des_willens/frame_143709.png,77.77831168451232,48.46606268553526,0.6231308133790855,0.6658292376104382,0.07136431455151834,0.0,0.0,0.0,0.0,0.49999999967857367,0.014625753320461062,8.780115413471748,0.8051876288517864,0.8030999070397029,8.886542319644771,0.020429402952825613,10,5,0,0.0,0.5,80.47590254743051
/Users/kevin.kunkel/Documents/Dev/Uni/ca-friend-foe-analysis/frames/triumph_des_willens/frame_143758.png,79.27126301854777,49.0070340042892,0.6182194161710363,0.6448514569071441,0.07560631326429115,0.0,0.0,0.0,0.0,0.4999999996846272,0.013629249312503656,9.613853308222033,0.801915108972616,0.7985085991147514,8.834516946710432,0.02019082249625584,8,5,0,0.0,0.5,83.6571093770142
/Users/kevin.kunkel/Documents/Dev/Uni/ca-friend-foe-analysis/frames/triumph_des_willens/frame_143815.png,111.08758264583699,43.243706697083006,0.3892757914808761,0.309444663858171,0.07973494821836054,0.0,0.0,0.0,0.0,0.49999999977495235,0.022520990579837342,17.503464295091277,0.8165691207733459,0.8239964395861485,11.239356846228203,0.023089714324470902,17,24,2,0.19611564566145925,0.3862559241706161,48.51911521353995
/Users/kevin.kunkel/Documents/Dev/Uni/ca-friend-foe-analysis/frames/triumph_des_willens/frame_143878.png,78.8779310016968,45.94699618344396,0.5825076233833365,0.5794259405535077,0.04908833596629805,0.0,0.0,0.0,0.0,0.4999999996830546,0.02921676613422269,11.360919795302735,0.8265507674604567,0.8060266913258505,11.33265937585126,0.021779944011277284,10,14,0,0.0,0.5,41.148570769287545
/Users/kevin.kunkel/Documents/Dev/Uni/ca-friend-foe-analysis/frames/triumph_des_willens/frame_143972.png,71.94750892282488,49.05093063576282,0.6817599566956756,0.6888548797612779,0.05492839798724475,0.0,0.0,0.0,0.0,0.49999999965252445,0.018383213387162835,18.446471093583938,0.8236338412259175,0.8043289737367052,8.913550911435006,0.020234183942477085,24,23,1,0.0221242174243754,0.36334913112164297,44.60908945460003
/Users/kevin.kunkel/Documents/Dev/Uni/ca-friend-foe-analysis/frames/triumph_des_willens/frame_144024.png,97.80619368381019,52.15484061749923,0.5332468077919662,0.46992569188461764,0.0910109853139079,0.0,0.0,0.0,0.0,0.49999999974439246,0.009943098706921772,-2.151679794921307,0.712953827894741,0.8157589105145105,7.5231810899193965,0.018932881237338366,8,12,0,0.0,0.5,67.55020393681328
/Users/kevin.kunkel/Documents/Dev/Uni/ca-friend-foe-analysis/frames/triumph_des_willens/frame_144068.png,91.84541754432158,48.571677794604305,0.5288416019044287,0.491728102510093,0.06004439471066643,0.0,0.0,0.0,0.0,0.4999999997278035,0.008694268913463227,-4.386278421021061,0.7479331083553894,0.8186395306481711,6.898824143401488,0.02029416174531721,8,9,0,0.0,0.5,67.6538318630351
/Users/kevin.kunkel/Documents/Dev/Uni/ca-friend-foe-analysis/frames/triumph_des_willens/frame_144153.png,75.36226851851852,45.314225532036126,0.6012853164149734,0.6429096454274179,0.05074856649698672,0.0,0.0,0.0,0.0,0.499999999668269,0.016351807969106548,7.8696671354899195,0.8381630596770918,0.7975483157984244,9.395266866950642,0.02185508612237116,9,13,3,0.10018796442572114,0.5734597156398105,13.324422116786302
/Users/kevin.kunkel/Documents/Dev/Uni/ca-friend-foe-analysis/frames/triumph_des_willens/frame_144402.png,64.5435828798783,47.33448487747367,0.7333724390886446,0.7332751886958048,0.04405644783804342,0.0,0.0,0.0,0.0,0.49999999961266484,0.04683385992627699,43.41305829452395,0.8821138805999259,0.8459173308329426,14.738112660146289,0.021281190875236076,1,14,0,0.0,0.5,45.50959936413846
/Users/kevin.kunkel/Documents/Dev/Uni/ca-friend-foe-analysis/frames/triumph_des_willens/frame_145047.png,58.76668641390205,43.252405170909014,0.7360021082808043,0.787755616991399,0.03783972558656603,0.0,0.0,0.0,0.0,0.49999999957458896,0.011389400854250775,12.230207632042635,0.8442486929825467,0.8379788058566137,6.837869887121544,0.022826825628885158,9,14,1,0.05793253759288514,0.3570300157977883,45.75551972903158
/Users/kevin.kunkel/Documents/Dev/Uni/ca-friend-foe-analysis/frames/triumph_des_willens/frame_145153.png,61.85054085483588,45.01418818473582,0.7277897248725085,0.779478234158329,0.047614607103153704,0.0,0.0,0.0,0.0,0.4999999995957998,0.017913302322859984,12.922907633209128,0.8701891747864087,0.8223231398747965,8.19608348745652,0.022024230649014914,19,14,2,0.03515190743666257,0.8412322274881516,53.05008246301255
/Users/kevin.kunkel/Documents/Dev/Uni/ca-friend-foe-analysis/frames/triumph_des_willens/frame_145864.png,65.33311940494997,43.420923947043605,0.6646081539662869,0.746140146860921,0.03925494412263764,0.0,0.0,0.0,0.0,0.4999999996173457,0.014479477502779241,10.106292514881261,0.8541739804575508,0.8138258476738094,7.8414554047210165,0.022755425342009795,11,13,3,0.025177725118483412,0.3293838862559242,54.5643197592881
/Users/kevin.kunkel/Documents/Dev/Uni/ca-friend-foe-analysis/frames/triumph_des_willens/frame_145946.png,61.1098659382131,41.078881340821816,0.6722135721118166,0.7584876543209876,0.012914326253583757,0.0,0.0,0.0,0.0,0.4999999995909008,0.013854148382189456,0.20130084565938233,0.8796013639789776,0.8290128053096532,9.35735116970356,0.024099244857919703,4,10,3,0.0779320987654321,0.25355450236966826,40.89732323100826
/Users/kevin.kunkel/Documents/Dev/Uni/ca-friend-foe-analysis/frames/triumph_des_willens/frame_146028.png,78.29327570066117,47.863707019968686,0.6113386690043756,0.6575536832250892,0.059044233807266984,0.0,0.0,0.0,0.0,0.4999999996806878,0.014616611081855947,28.209705722217407,0.8496074071779551,0.8138847953034941,9.799925167208947,0.020658448442662417,6,18,0,0.0,0.5,10.697876181964661
/Users/kevin.kunkel/Documents/Dev/Uni/ca-friend-foe-analysis/frames/triumph_des_willens/frame_146093.png,67.34016075712363,46.355763888205104,0.6883821377640996,0.7300699198408519,0.04238158972558657,0.0,0.0,0.0,0.0,0.4999999996287505,0.014678778304370721,-1.9554253492473919,0.8323208178596464,0.8006720805410772,9.19093918817349,0.021420327503650725,14,16,3,0.21328111286642093,0.330173775671406,21.881175360585253
/Users/kevin.kunkel/Documents/Dev/Uni/ca-friend-foe-analysis/frames/triumph_des_willens/frame_146181.png,70.17813103387748,46.55591311185986,0.6633963082180977,0.7292452899186707,0.0620739716810017,0.0,0.0,0.0,0.0,0.4999999996437637,0.010679963138493944,12.680672587782155,0.7718186730546177,0.7879235496355129,7.564880107664599,0.02122653000569198,6,17,0,0.0,0.5,48.80180398914048
/Users/kevin.kunkel/Documents/Dev/Uni/ca-friend-foe-analysis/frames/triumph_des_willens/frame_146368.png,82.1428035954596,56.83056733234761,0.6918508350779473,0.6163039026388157,0.07964169738458839,0.0,0.0,0.0,0.0,0.499999999695652,0.03966817330758879,15.240012567222067,0.8664376016043303,0.6895585132787292,10.639334177075536,0.017591695854226756,16,29,0,0.0,0.5,67.51045322341518
/Users/kevin.kunkel/Documents/Dev/Uni/ca-friend-foe-analysis/frames/triumph_des_willens/frame_146948.png,81.76013142882219,53.83940727563438,0.6585044112441875,0.6206281814990345,0.04601654379497981,0.0,0.0,0.0,0.0,0.49999999969422754,0.0418860803931894,17.419464504136087,0.8704859139255725,0.7109225476407159,10.927248730127827,0.01860897902170136,22,25,0,0.0,0.5,67.76362924874327
/Users/kevin.kunkel/Documents/Dev/Uni/ca-friend-foe-analysis/frames/triumph_des_willens/frame_147173.png,45.99057069510268,37.248556906450034,0.8099172561349566,0.8705331022175414,0.01603548651336961,0.0,0.0,0.0,0.0,0.4999999994564103,0.018189397928734422,1.9227775819718573,0.8879874713328079,0.8492978423788644,8.131712545386895,0.02674040615683685,5,16,0,0.0,0.5,39.152844273212565
/Users/kevin.kunkel/Documents/Dev/Uni/ca-friend-foe-analysis/frames/triumph_des_willens/frame_147654.png,87.77853292668657,54.09167342491458,0.6162289521114411,0.6197194429816862,0.07767245918904686,0.0,0.0,0.0,0.0,0.4999999997151923,0.03855830554092798,16.085933200833352,0.8698762305811681,0.7047587571127842,10.389864328903538,0.018490593854701497,14,33,2,0.019575361301269675,0.35308056872037913,73.97019061049174
/Users/kevin.kunkel/Documents/Dev/Uni/ca-friend-foe-analysis/frames/triumph_des_willens/frame_147976.png,46.56381648235914,33.389027564934096,0.7170595113456324,0.8841349248142297,0.013261731320578082,0.0,0.0,0.0,0.0,0.4999999994631025,0.01882386928792932,3.3280538294083257,0.8842162656414739,0.8873128297849848,9.109404403460333,0.029791260839467065,1,14,0,0.0,0.5,19.18424018047157
/Users/kevin.kunkel/Documents/Dev/Uni/ca-friend-foe-analysis/frames/triumph_des_willens/frame_148167.png,64.25682925223802,51.98729903544999,0.8090548438123226,0.6985328535486514,0.04867693522906793,0.0,0.0,0.0,0.0,0.49999999961093633,0.009793165993797905,6.652189735103747,0.8162668317575699,0.7741623375205685,8.607788557448057,0.01900855692360987,8,21,3,0.07607073898543093,0.22274881516587677,37.59495946494721
/Users/kevin.kunkel/Documents/Dev/Uni/ca-friend-foe-analysis/frames/triumph_des_willens/frame_148573.png,73.03731861798607,46.37469618742383,0.6349452170675546,0.6931590456965654,0.05077782166052308,0.0,0.0,0.0,0.0,0.49999999965770925,0.015424784974548007,12.171857132131137,0.826823657905032,0.8079364135480728,8.151433325938848,0.021343181305839815,17,18,1,0.006582411795681938,0.8056872037914692,55.33431290169904
/Users/kevin.kunkel/Documents/Dev/Uni/ca-friend-foe-analysis/frames/triumph_des_willens/frame_149055.png,78.13896568369317,47.320580555277004,0.605595173684169,0.676975454917793,0.06350747469428354,0.0,0.0,0.0,0.0,0.4999999996800572,0.01696982329881224,16.076751615884888,0.8483114321148271,0.8050806852863039,8.647024017479433,0.02095708797516531,13,23,2,0.06389510561114037,0.37598736176935227,57.31326120304059
/Users/kevin.kunkel/Documents/Dev/Uni/ca-friend-foe-analysis/frames/triumph_des_willens/frame_149211.png,44.416498449476336,38.6622053275001,0.8704469417919913,0.8846231203557428,0.024808378678836816,0.0,0.0,0.0,0.0,0.4999999994371461,0.04264488619741384,16.164871686482407,0.9086485433796712,0.8880913148194112,12.289607341892399,0.026408549809075043,1,13,0,0.0,0.5,65.05710508319268
/Users/kevin.kunkel/Documents/Dev/Uni/ca-friend-foe-analysis/frames/triumph_des_willens/frame_149577.png,70.73158935989701,49.56296613896381,0.7007189647146942,0.7192436808846762,0.06583143174770346,0.0,0.0,0.0,0.0,0.4999999996465512,0.02057917910011117,15.224033589001252,0.8380339354160715,0.7891754255030657,9.021756625672074,0.020048826389808216,13,19,1,0.008705239599789362,0.8143759873617693,64.83926992750854
/Users/kevin.kunkel/Documents/Dev/Uni/ca-friend-foe-analysis/frames/triumph_des_willens/frame_149898.png,80.2671599818618,47.71232833462558,0.5944190411865248,0.605232651688023,0.0699381253291206,0.0,0.0,0.0,0.0,0.49999999968854014,0.0193925165291674,25.359510200979273,0.8381044346238876,0.7994929124955186,11.637743894225418,0.02080049751940219,8,14,0,0.0,0.5,20.085446832739233
/Users/kevin.kunkel/Documents/Dev/Uni/ca-friend-foe-analysis/frames/triumph_des_willens/frame_150132.png,73.60208040781698,45.64957267861086,0.6202212269497274,0.7078158826282839,0.05026402785091569,0.0,0.0,0.0,0.0,0.4999999996603357,0.015519864256041191,12.781123999121604,0.8392125743281924,0.8067440167581331,8.055471389759042,0.02168716947073975,14,14,2,0.01773045755075771,0.815955766192733,52.54249041899377
/Users/kevin.kunkel/Documents/Dev/Uni/ca-friend-foe-analysis/frames/triumph_des_willens/frame_150854.png,72.44318464396466,45.57298033386945,0.6290858207702721,0.6952599321280206,0.049335176408636126,0.0,0.0,0.0,0.0,0.499999999654902,0.014481305950500263,13.086307268834219,0.8460826905801815,0.8075674306876993,7.749675892631011,0.02171090022877616,22,17,2,0.018154657422034988,0.2962085308056872,58.213612020658815
/Users/kevin.kunkel/Documents/Dev/Uni/ca-friend-foe-analysis/frames/triumph_des_willens/frame_151193.png,74.88440736352466,47.2795444638843,0.6313670103741373,0.6440176847463577,0.050841817330758876,0.0,0.0,0.0,0.0,0.49999999966615216,0.015808758995962787,15.40750104013216,0.8314935994291228,0.7929800181324288,7.995469826441881,0.020936068346708334,19,14,2,0.08498076472997484,0.31437598736176936,39.468172412843096
/Users/kevin.kunkel/Documents/Dev/Uni/ca-friend-foe-analysis/frames/triumph_des_willens/frame_151390.png,75.87354638406178,52.23895552630444,0.6885002474120266,0.6222171025686034,0.06563578784155404,0.0,0.0,0.0,0.0,0.4999999996705044,0.0048600140424784975,-3.1415667778733223,0.7640108857889888,0.7869050512258349,8.860577121355927,0.01886720442713063,8,13,1,0.011702065414545668,0.36334913112164297,80.47413428839562
/Users/kevin.kunkel/Documents/Dev/Uni/ca-friend-foe-analysis/frames/triumph_des_willens/frame_151475.png,77.87972836580657,50.03679685669468,0.6424880754259891,0.6594333274823007,0.06753188812825464,0.0,0.0,0.0,0.0,0.4999999996789922,0.01626221403077643,14.265841254446599,0.8185310523483865,0.7894784513664819,8.102461058206188,0.019785949631351378,15,14,1,0.03381896904803698,0.21484992101105846,51.64759058887835
/Users/kevin.kunkel/Documents/Dev/Uni/ca-friend-foe-analysis/frames/triumph_des_willens/frame_151630.png,70.63281844245509,46.912360700107,0.6641722880123991,0.7015278509156866,0.04819971037388099,0.0,0.0,0.0,0.0,0.4999999996460569,0.059799382716049385,5.555692457685552,0.7999162499239939,0.8166884703951904,17.369537931713424,0.021688423619634797,11,35,5,0.0205334679070856,0.8364928909952607,69.56003480609368
/Users/kevin.kunkel/Documents/Dev/Uni/ca-friend-foe-analysis/frames/triumph_des_willens/frame_151698.png,85.22305416593528,52.06270513736877,0.610899311058591,0.6236670616113744,0.08943852027382833,0.0,0.0,0.0,0.0,0.49999999970665215,0.02128678836814698,13.792219216624488,0.8400436217433553,0.7763399238621843,9.372530289063453,0.019078579220107285,21,22,2,0.083627713416418,0.3522906793048973,87.13821524593757
/Users/kevin.kunkel/Documents/Dev/Uni/ca-friend-foe-analysis/frames/triumph_des_willens/frame_151762.png,105.26729163009772,46.168327507076235,0.43858188757672695,0.345675355450237,0.059634822421157335,0.0,0.0,0.0,0.0,0.49999999976250936,0.022769659469896435,8.0669427229262,0.8273864326024132,0.7898393045098958,13.870501026208283,0.021559174091299965,32,34,6,0.03593082616581827,0.6003159557661928,59.30653895197512
/Users/kevin.kunkel/Documents/Dev/Uni/ca-friend-foe-analysis/frames/triumph_des_willens/frame_151859.png,73.4030575302791,48.6594468222802,0.6629076280087814,0.6419021707331344,0.013033175355450236,0.0,0.0,0.0,0.0,0.4999999996594148,0.014596498156924697,-0.28444524710985775,0.8621015274637149,0.745032843481978,10.228952344298186,0.020342833614115277,7,13,0,0.0,0.5,65.51647742383092
/Users/kevin.kunkel/Documents/Dev/Uni/ca-friend-foe-analysis/frames/triumph_des_willens/frame_152229.png,67.78892033818968,47.37513498733297,0.6988625085205463,0.7296109794628752,0.05289150722602539,0.0,0.0,0.0,0.0,0.49999999963120817,0.01610131063132643,11.563891136259443,0.8104019602106831,0.8040309607199654,7.886943490032256,0.020899366826339746,13,14,1,0.059901775788426655,0.4194312796208531,63.66416362123142
/Users/kevin.kunkel/Documents/Dev/Uni/ca-friend-foe-analysis/frames/triumph_des_willens/frame_152600.png,87.77109662980516,50.13900623413756,0.5712473479565334,0.6438366684219765,0.08136043824234977,0.0,0.0,0.0,0.0,0.49999999971516823,0.018549602129775907,4.725145458802444,0.844361239317563,0.7545846576441172,7.997994368750802,0.01977728418937192,18,15,0,0.0,0.5,79.79182888586098
/Users/kevin.kunkel/Documents/Dev/Uni/ca-friend-foe-analysis/frames/triumph_des_willens/frame_153302.png,83.73456607278685,47.11509613924883,0.5626720038415977,0.6861158650751857,0.07047934585454332,0.0,0.0,0.0,0.0,0.49999999970143755,0.016794292317594054,5.858759056139547,0.866797325389696,0.7908552031337617,7.750728233626499,0.021025733068046594,8,18,0,0.0,0.5,87.574340164132
/Users/kevin.kunkel/Documents/Dev/Uni/ca-friend-foe-analysis/frames/triumph_des_willens/frame_153751.png,75.83996511321749,38.48901378221932,0.5075030516431646,0.7755214732900357,0.042346849218887136,0.0,0.0,0.0,0.0,0.4999999996703585,0.014077219004154233,3.978607612989734,0.8896698153253461,0.8587002909461956,6.404899885583722,0.025655533822331458,17,12,1,0.0363513691416535,0.4399684044233807,57.04909699835198
/Users/kevin.kunkel/Documents/Dev/Uni/ca-friend-foe-analysis/frames/triumph_des_willens/frame_153804.png,60.28857659001814,41.33154443377671,0.685561788036371,0.7627205107951553,0.014859794628751975,0.0,0.0,0.0,0.0,0.49999999958532776,0.015944064127318473,11.743215486868877,0.8513202970030093,0.8385991635871414,9.47949888630998,0.02396708289881348,10,12,1,0.11427798256392253,0.31121642969984203,42.07369258501035
/Users/kevin.kunkel/Documents/Dev/Uni/ca-friend-foe-analysis/frames/triumph_des_willens/frame_154340.png,69.37121145632204,40.46662146836574,0.5833345066420117,0.7706120911590896,0.04007774559709789,0.0,0.0,0.0,0.0,0.49999999963962,0.015417471183663916,3.2074922473816656,0.8955672117305175,0.8482905043756837,6.868324436111897,0.024433297544470572,11,12,1,0.032831607278684685,0.4312796208530806,60.116536535952164
/Users/kevin.kunkel/Documents/Dev/Uni/ca-friend-foe-analysis/frames/triumph_des_willens/frame_154760.png,66.20496716107893,40.375190631046,0.6098513797586617,0.7788730179626704,0.03230318588730911,0.0,0.0,0.0,0.0,0.49999999962238484,0.014364285296354806,2.2921100189492023,0.8857343648359818,0.8480007359835636,6.657959862317858,0.0244831919549064,16,12,1,0.04224445614650986,0.48657187993680884,67.79122353293822
/Users/kevin.kunkel/Documents/Dev/Uni/ca-friend-foe-analysis/frames/triumph_des_willens/frame_154838.png,45.2432420572231,34.897144673084476,0.7713228099749065,0.8905235211514833,0.0180833479609151,0.0,0.0,0.0,0.0,0.49999999944743134,0.07192747644959335,1.9400605095842138,0.8924549499163072,0.8704822042506641,15.163809038838533,0.03051065202650271,1,12,0,0.0,0.5,118.24791544943466
/Users/kevin.kunkel/Documents/Dev/Uni/ca-friend-foe-analysis/frames/triumph_des_willens/frame_155112.png,69.19060287578257,41.00002426002493,0.59256636734869,0.7792240799251068,0.038276724591890465,0.0,0.0,0.0,0.0,0.4999999996386793,0.014296632730676965,1.5072844894307451,0.8956991037594606,0.8411910782245388,6.608935996478023,0.0241022550964613,15,12,1,0.04336346615177579,0.5545023696682464,56.56059216692822
/Users/kevin.kunkel/Documents/Dev/Uni/ca-friend-foe-analysis/frames/triumph_des_willens/frame_155669.png,71.621703308759,39.96692248747753,0.5580280918394043,0.7356082879878298,0.03654701304780294,0.0,0.0,0.0,0.0,0.4999999996509438,0.013318413199929787,1.1326333063371123,0.8674537596326928,0.8361260778338527,6.9705396203906895,0.02467378586765428,15,13,1,0.05346563981042654,0.3183254344391785,68.35163585235276
/Users/kevin.kunkel/Documents/Dev/Uni/ca-friend-foe-analysis/frames/triumph_des_willens/frame_156148.png,74.2802059563513,39.76748846368062,0.535371272846386,0.6978325580714996,0.03211119887660172,0.0,0.0,0.0,0.0,0.4999999996634366,0.010939602714879176,10.74030506099517,0.8421858310933056,0.8421985454988371,8.438779281696453,0.024793034584980847,1,9,2,0.0646045433268972,0.5774091627172195,22.15781567307183
/Users/kevin.kunkel/Documents/Dev/Uni/ca-friend-foe-analysis/frames/triumph_des_willens/frame_156318.png,67.42032721900415,37.511421240137466,0.5563814762074569,0.8075778187350068,0.03073986308583465,0.0,0.0,0.0,0.0,0.49999999962919195,0.010914004446784857,11.24550435624198,0.8857597910148789,0.8715999685153011,6.34667428153345,0.02626415636416617,7,7,2,0.07504315136621614,0.37519747235387046,50.43916459175182
/Users/kevin.kunkel/Documents/Dev/Uni/ca-friend-foe-analysis/frames/triumph_des_willens/frame_156362.png,66.10741398981921,34.59061704539925,0.5232486782556866,0.8381019249897607,0.022659952606635073,0.0,0.0,0.0,0.0,0.4999999996218276,0.009109326546135393,-5.17989113468559,0.896760621632071,0.8721280266677698,5.277591487063512,0.028408425171768937,7,9,0,0.0,0.5,72.96825186293381
/Users/kevin.kunkel/Documents/Dev/Uni/ca-friend-foe-analysis/frames/triumph_des_willens/frame_157370.png,80.37179473114504,39.20515287421661,0.48779740400949884,0.7050530981218185,0.03445709730267392,0.0,0.0,0.0,0.0,0.49999999968894565,0.012833874553858756,4.0380153954372275,0.8525888381799388,0.8490484640293061,7.102793579122201,0.02517654375194541,17,12,2,0.024815692469720905,0.4707740916271722,48.04801292063322
/Users/kevin.kunkel/Documents/Dev/Uni/ca-friend-foe-analysis/frames/triumph_des_willens/frame_157673.png,68.72944641916799,43.382353634865844,0.6312047576691444,0.7138790152711953,0.030392458018840326,0.0,0.0,0.0,0.0,0.4999999996362549,0.014762886899537768,8.805825205304586,0.8356301361455003,0.7949582109566752,9.773611610298694,0.022819530786011552,4,12,2,0.08857914984494764,0.30647709320695105,24.88793662438592
